Debug log started

================================================================================
calc_line: '1 1.00EA [*EN] AS INCURRED'
columns: TableColumns(RESET, TAX, O&P)
Terminal status matched. Result: {'calc': '1', 'qty': 1.0, 'unit': 'EA', 'item_codes': ['*', 'E', 'N'], 'reset': None, 'remove': None, 'replace': None, 'tax': None, 'op': None, 'total': '0.00', 'total_note': 'AS INCURRED'}

================================================================================
calc_line: '1 1.00EA [*EN] AS INCURRED'
columns: TableColumns(RESET, TAX, O&P)
Terminal status matched. Result: {'calc': '1', 'qty': 1.0, 'unit': 'EA', 'item_codes': ['*', 'E', 'N'], 'reset': None, 'remove': None, 'replace': None, 'tax': None, 'op': None, 'total': '0.00', 'total_note': 'AS INCURRED'}

================================================================================
calc_line: '1 1.00EA [*EN] AS INCURRED'
columns: TableColumns(RESET, TAX, O&P)
Terminal status matched. Result: {'calc': '1', 'qty': 1.0, 'unit': 'EA', 'item_codes': ['*', 'E', 'N'], 'reset': None, 'remove': None, 'replace': None, 'tax': None, 'op': None, 'total': '0.00', 'total_note': 'AS INCURRED'}

================================================================================
calc_line: '1 1.00EA [NH] PENDING'
columns: TableColumns(RESET, TAX, O&P)
Terminal status matched. Result: {'calc': '1', 'qty': 1.0, 'unit': 'EA', 'item_codes': ['N', 'H'], 'reset': None, 'remove': None, 'replace': None, 'tax': None, 'op': None, 'total': '0.00', 'total_note': 'PENDING'}

================================================================================
calc_line: '1 1.00EA [EN] OPEN'
columns: TableColumns(RESET, TAX, O&P)
Terminal status matched. Result: {'calc': '1', 'qty': 1.0, 'unit': 'EA', 'item_codes': ['E', 'N'], 'reset': None, 'remove': None, 'replace': None, 'tax': None, 'op': None, 'total': '0.00', 'total_note': 'OPEN'}

================================================================================
calc_line: '5 5.00MO 0.00+ 225.00 = 0.00 225.00 1,350.00'
columns: TableColumns(RESET, TAX, O&P)
Format B matched (REMOVE + REPLACE, RESET omitted). Result: {'calc': '5', 'qty': 5.0, 'unit': 'MO', 'item_codes': [], 'reset': None, 'remove': '0.00', 'replace': '225.00', 'tax': '0.00', 'op': '225.00', 'total': '1,350.00'}

================================================================================
calc_line: '5 5.00MO 0.00+ 247.00 = 0.00 247.00 1,482.00'
columns: TableColumns(RESET, TAX, O&P)
Format B matched (REMOVE + REPLACE, RESET omitted). Result: {'calc': '5', 'qty': 5.0, 'unit': 'MO', 'item_codes': [], 'reset': None, 'remove': '0.00', 'replace': '247.00', 'tax': '0.00', 'op': '247.00', 'total': '1,482.00'}

================================================================================
calc_line: '4 4.00EA 1,168.94+ 0.00 = 0.00 935.16 5,610.92'
columns: TableColumns(RESET, TAX, O&P)
Format B matched (REMOVE + REPLACE, RESET omitted). Result: {'calc': '4', 'qty': 4.0, 'unit': 'EA', 'item_codes': [], 'reset': None, 'remove': '1,168.94', 'replace': '0.00', 'tax': '0.00', 'op': '935.16', 'total': '5,610.92'}

================================================================================
calc_line: '2.5*4*5 50.00HR 0.00+ 65.19 = 0.00 651.90 3,911.40'
columns: TableColumns(RESET, TAX, O&P)
Format B matched (REMOVE + REPLACE, RESET omitted). Result: {'calc': '2.5*4*5', 'qty': 50.0, 'unit': 'HR', 'item_codes': [], 'reset': None, 'remove': '0.00', 'replace': '65.19', 'tax': '0.00', 'op': '651.90', 'total': '3,911.40'}

================================================================================
calc_line: '15*4*5 300.00HR 0.00+ 86.09 = 0.00 5,165.40 30,992.40'
columns: TableColumns(RESET, TAX, O&P)
Format B matched (REMOVE + REPLACE, RESET omitted). Result: {'calc': '15*4*5', 'qty': 300.0, 'unit': 'HR', 'item_codes': [], 'reset': None, 'remove': '0.00', 'replace': '86.09', 'tax': '0.00', 'op': '5,165.40', 'total': '30,992.40'}

================================================================================
calc_line: '5000 5000.00SF SEE X3.BUILD'
columns: TableColumns(RESET, TAX, O&P)
SEE pattern matched. Result: {'calc': '5000', 'qty': 5000.0, 'unit': 'SF', 'item_codes': [], 'reset': None, 'remove': None, 'replace': None, 'tax': None, 'op': None, 'total': '0.00', 'total_note': 'SEE X3.BUILD'}

================================================================================
calc_line: '40 40.00EA SEE X3.BUILD'
columns: TableColumns(RESET, TAX, O&P)
SEE pattern matched. Result: {'calc': '40', 'qty': 40.0, 'unit': 'EA', 'item_codes': [], 'reset': None, 'remove': None, 'replace': None, 'tax': None, 'op': None, 'total': '0.00', 'total_note': 'SEE X3.BUILD'}

================================================================================
calc_line: '1 1.00EA [*EN] 0.00+ 6,400.00 = 0.00 0.00 6,400.00'
columns: TableColumns(RESET, TAX, O&P)
Format B matched (REMOVE + REPLACE, RESET omitted). Result: {'calc': '1', 'qty': 1.0, 'unit': 'EA', 'item_codes': ['*', 'E', 'N'], 'reset': None, 'remove': '0.00', 'replace': '6,400.00', 'tax': '0.00', 'op': '0.00', 'total': '6,400.00'}

================================================================================
calc_line: '1 1.00EA [*EN] 0.00+ 24,500.00 = 0.00 0.00 24,500.00'
columns: TableColumns(RESET, TAX, O&P)
Format B matched (REMOVE + REPLACE, RESET omitted). Result: {'calc': '1', 'qty': 1.0, 'unit': 'EA', 'item_codes': ['*', 'E', 'N'], 'reset': None, 'remove': '0.00', 'replace': '24,500.00', 'tax': '0.00', 'op': '0.00', 'total': '24,500.00'}

================================================================================
calc_line: '1 1.00EA [*EN] 0.00+ 18,500.00 = 0.00 0.00 18,500.00'
columns: TableColumns(RESET, TAX, O&P)
Format B matched (REMOVE + REPLACE, RESET omitted). Result: {'calc': '1', 'qty': 1.0, 'unit': 'EA', 'item_codes': ['*', 'E', 'N'], 'reset': None, 'remove': '0.00', 'replace': '18,500.00', 'tax': '0.00', 'op': '0.00', 'total': '18,500.00'}

================================================================================
calc_line: '1 1.00EA [*EN] 0.00+ 11,060.00 = 0.00 0.00 11,060.00'
columns: TableColumns(RESET, TAX, O&P)
Format B matched (REMOVE + REPLACE, RESET omitted). Result: {'calc': '1', 'qty': 1.0, 'unit': 'EA', 'item_codes': ['*', 'E', 'N'], 'reset': None, 'remove': '0.00', 'replace': '11,060.00', 'tax': '0.00', 'op': '0.00', 'total': '11,060.00'}

================================================================================
calc_line: '3556.11 3556.11SF SEE X3.BUILD'
columns: TableColumns(RESET, TAX, O&P)
SEE pattern matched. Result: {'calc': '3556.11', 'qty': 3556.11, 'unit': 'SF', 'item_codes': [], 'reset': None, 'remove': None, 'replace': None, 'tax': None, 'op': None, 'total': '0.00', 'total_note': 'SEE X3.BUILD'}

================================================================================
calc_line: '2 2.00EA SEE X3.BUILD'
columns: TableColumns(RESET, TAX, O&P)
SEE pattern matched. Result: {'calc': '2', 'qty': 2.0, 'unit': 'EA', 'item_codes': [], 'reset': None, 'remove': None, 'replace': None, 'tax': None, 'op': None, 'total': '0.00', 'total_note': 'SEE X3.BUILD'}

================================================================================
calc_line: '2 2.00EA SEE X3.BUILD'
columns: TableColumns(RESET, TAX, O&P)
SEE pattern matched. Result: {'calc': '2', 'qty': 2.0, 'unit': 'EA', 'item_codes': [], 'reset': None, 'remove': None, 'replace': None, 'tax': None, 'op': None, 'total': '0.00', 'total_note': 'SEE X3.BUILD'}

================================================================================
calc_line: '3 3.00EA SEE X3.BUILD'
columns: TableColumns(RESET, TAX, O&P)
SEE pattern matched. Result: {'calc': '3', 'qty': 3.0, 'unit': 'EA', 'item_codes': [], 'reset': None, 'remove': None, 'replace': None, 'tax': None, 'op': None, 'total': '0.00', 'total_note': 'SEE X3.BUILD'}

================================================================================
calc_line: '1 1.00EA [*EN] 0.00+ 18,600.00 = 0.00 0.00 18,600.00'
columns: TableColumns(RESET, TAX, O&P)
Format B matched (REMOVE + REPLACE, RESET omitted). Result: {'calc': '1', 'qty': 1.0, 'unit': 'EA', 'item_codes': ['*', 'E', 'N'], 'reset': None, 'remove': '0.00', 'replace': '18,600.00', 'tax': '0.00', 'op': '0.00', 'total': '18,600.00'}

================================================================================
calc_line: '1 1.00EA 80.71+ 1,891.46 = 143.29 423.10 2,538.56'
columns: TableColumns(RESET, TAX, O&P)
Format B matched (REMOVE + REPLACE, RESET omitted). Result: {'calc': '1', 'qty': 1.0, 'unit': 'EA', 'item_codes': [], 'reset': None, 'remove': '80.71', 'replace': '1,891.46', 'tax': '143.29', 'op': '423.10', 'total': '2,538.56'}

================================================================================
calc_line: '23 23.00EA SEE X3.BUILD'
columns: TableColumns(RESET, TAX, O&P)
SEE pattern matched. Result: {'calc': '23', 'qty': 23.0, 'unit': 'EA', 'item_codes': [], 'reset': None, 'remove': None, 'replace': None, 'tax': None, 'op': None, 'total': '0.00', 'total_note': 'SEE X3.BUILD'}

================================================================================
calc_line: '23 23.00EA SEE X3.BUILD'
columns: TableColumns(RESET, TAX, O&P)
SEE pattern matched. Result: {'calc': '23', 'qty': 23.0, 'unit': 'EA', 'item_codes': [], 'reset': None, 'remove': None, 'replace': None, 'tax': None, 'op': None, 'total': '0.00', 'total_note': 'SEE X3.BUILD'}

================================================================================
calc_line: '1 1.00EA [N] PENDING'
columns: TableColumns(RESET, TAX, O&P)
Terminal status matched. Result: {'calc': '1', 'qty': 1.0, 'unit': 'EA', 'item_codes': ['N'], 'reset': None, 'remove': None, 'replace': None, 'tax': None, 'op': None, 'total': '0.00', 'total_note': 'PENDING'}

================================================================================
calc_line: '1 1.00EA 0.00+ 214.36 = 0.00 42.88 257.24'
columns: TableColumns(RESET, TAX, O&P)
Format B matched (REMOVE + REPLACE, RESET omitted). Result: {'calc': '1', 'qty': 1.0, 'unit': 'EA', 'item_codes': [], 'reset': None, 'remove': '0.00', 'replace': '214.36', 'tax': '0.00', 'op': '42.88', 'total': '257.24'}

================================================================================
calc_line: '1 1.00EA 0.00+ 509.10 = 0.00 101.82 610.92'
columns: TableColumns(RESET, TAX, O&P)
Format B matched (REMOVE + REPLACE, RESET omitted). Result: {'calc': '1', 'qty': 1.0, 'unit': 'EA', 'item_codes': [], 'reset': None, 'remove': '0.00', 'replace': '509.10', 'tax': '0.00', 'op': '101.82', 'total': '610.92'}

================================================================================
calc_line: '1 1.00EA 0.00+ 313.29 = 0.00 62.66 375.95'
columns: TableColumns(RESET, TAX, O&P)
Format B matched (REMOVE + REPLACE, RESET omitted). Result: {'calc': '1', 'qty': 1.0, 'unit': 'EA', 'item_codes': [], 'reset': None, 'remove': '0.00', 'replace': '313.29', 'tax': '0.00', 'op': '62.66', 'total': '375.95'}

================================================================================
calc_line: '1 1.00EA [EN] 0.00+ 6,860.00 = 0.00 0.00 6,860.00'
columns: TableColumns(RESET, TAX, O&P)
Format B matched (REMOVE + REPLACE, RESET omitted). Result: {'calc': '1', 'qty': 1.0, 'unit': 'EA', 'item_codes': ['E', 'N'], 'reset': None, 'remove': '0.00', 'replace': '6,860.00', 'tax': '0.00', 'op': '0.00', 'total': '6,860.00'}

================================================================================
calc_line: '2 2.00EA 367.07+ 5,598.95 = 694.70 2,525.34 15,152.08'
columns: TableColumns(RESET, TAX, O&P)
Format B matched (REMOVE + REPLACE, RESET omitted). Result: {'calc': '2', 'qty': 2.0, 'unit': 'EA', 'item_codes': [], 'reset': None, 'remove': '367.07', 'replace': '5,598.95', 'tax': '694.70', 'op': '2,525.34', 'total': '15,152.08'}

================================================================================
calc_line: '1 1.00EA 103.45+ 3,911.79 = 249.04 852.86 5,117.14'
columns: TableColumns(RESET, TAX, O&P)
Format B matched (REMOVE + REPLACE, RESET omitted). Result: {'calc': '1', 'qty': 1.0, 'unit': 'EA', 'item_codes': [], 'reset': None, 'remove': '103.45', 'replace': '3,911.79', 'tax': '249.04', 'op': '852.86', 'total': '5,117.14'}

================================================================================
calc_line: '2 2.00EA 0.00+ 8,722.37 = 682.68 3,625.48 21,752.90'
columns: TableColumns(RESET, TAX, O&P)
Format B matched (REMOVE + REPLACE, RESET omitted). Result: {'calc': '2', 'qty': 2.0, 'unit': 'EA', 'item_codes': [], 'reset': None, 'remove': '0.00', 'replace': '8,722.37', 'tax': '682.68', 'op': '3,625.48', 'total': '21,752.90'}

================================================================================
calc_line: '8 8.00HR 0.00+ 180.00 = 0.00 288.00 1,728.00'
columns: TableColumns(RESET, TAX, O&P)
Format B matched (REMOVE + REPLACE, RESET omitted). Result: {'calc': '8', 'qty': 8.0, 'unit': 'HR', 'item_codes': [], 'reset': None, 'remove': '0.00', 'replace': '180.00', 'tax': '0.00', 'op': '288.00', 'total': '1,728.00'}

================================================================================
calc_line: '1 1.00EA [*EN] 0.00+ 12,300.00 = 0.00 0.00 12,300.00'
columns: TableColumns(RESET, TAX, O&P)
Format B matched (REMOVE + REPLACE, RESET omitted). Result: {'calc': '1', 'qty': 1.0, 'unit': 'EA', 'item_codes': ['*', 'E', 'N'], 'reset': None, 'remove': '0.00', 'replace': '12,300.00', 'tax': '0.00', 'op': '0.00', 'total': '12,300.00'}

================================================================================
calc_line: '1 1.00EA [*EN] 0.00+ 119,157.00 = 0.00 0.00 119,157.00'
columns: TableColumns(RESET, TAX, O&P)
Format B matched (REMOVE + REPLACE, RESET omitted). Result: {'calc': '1', 'qty': 1.0, 'unit': 'EA', 'item_codes': ['*', 'E', 'N'], 'reset': None, 'remove': '0.00', 'replace': '119,157.00', 'tax': '0.00', 'op': '0.00', 'total': '119,157.00'}

================================================================================
calc_line: '62*10 620.00SF SEE BID'
columns: TableColumns(RESET, TAX, O&P)
SEE pattern matched. Result: {'calc': '62*10', 'qty': 620.0, 'unit': 'SF', 'item_codes': [], 'reset': None, 'remove': None, 'replace': None, 'tax': None, 'op': None, 'total': '0.00', 'total_note': 'SEE BID'}

================================================================================
calc_line: '10 10.00EA [*] SEE BID'
columns: TableColumns(RESET, TAX, O&P)
SEE pattern matched. Result: {'calc': '10', 'qty': 10.0, 'unit': 'EA', 'item_codes': ['*'], 'reset': None, 'remove': None, 'replace': None, 'tax': None, 'op': None, 'total': '0.00', 'total_note': 'SEE BID'}

================================================================================
calc_line: '1 1.00EA [*E] 0.00+ 23,190.06 = 0.00 4,638.02 27,828.08'
columns: TableColumns(RESET, TAX, O&P)
Format B matched (REMOVE + REPLACE, RESET omitted). Result: {'calc': '1', 'qty': 1.0, 'unit': 'EA', 'item_codes': ['*', 'E'], 'reset': None, 'remove': '0.00', 'replace': '23,190.06', 'tax': '0.00', 'op': '4,638.02', 'total': '27,828.08'}

================================================================================
calc_line: '1 1.00EA [*E] 0.00+ 54,224.29 = 0.00 10,844.86 65,069.15'
columns: TableColumns(RESET, TAX, O&P)
Format B matched (REMOVE + REPLACE, RESET omitted). Result: {'calc': '1', 'qty': 1.0, 'unit': 'EA', 'item_codes': ['*', 'E'], 'reset': None, 'remove': '0.00', 'replace': '54,224.29', 'tax': '0.00', 'op': '10,844.86', 'total': '65,069.15'}

================================================================================
calc_line: '2 2.00HR 0.00+ 86.38 = 0.00 34.56 207.32'
columns: TableColumns(RESET, TAX, O&P)
Format B matched (REMOVE + REPLACE, RESET omitted). Result: {'calc': '2', 'qty': 2.0, 'unit': 'HR', 'item_codes': [], 'reset': None, 'remove': '0.00', 'replace': '86.38', 'tax': '0.00', 'op': '34.56', 'total': '207.32'}

================================================================================
calc_line: '1 1.00EA [*] 30.55+ 12,399.00 = 536.25 2,593.18 15,558.98'
columns: TableColumns(RESET, TAX, O&P)
Format B matched (REMOVE + REPLACE, RESET omitted). Result: {'calc': '1', 'qty': 1.0, 'unit': 'EA', 'item_codes': ['*'], 'reset': None, 'remove': '30.55', 'replace': '12,399.00', 'tax': '536.25', 'op': '2,593.18', 'total': '15,558.98'}

================================================================================
calc_line: '1 1.00EA [*] 40.63+ 2,499.00 = 174.92 542.90 3,257.45'
columns: TableColumns(RESET, TAX, O&P)
Format B matched (REMOVE + REPLACE, RESET omitted). Result: {'calc': '1', 'qty': 1.0, 'unit': 'EA', 'item_codes': ['*'], 'reset': None, 'remove': '40.63', 'replace': '2,499.00', 'tax': '174.92', 'op': '542.90', 'total': '3,257.45'}

================================================================================
calc_line: '1 1.00EA 37.94+ 384.92 = 23.89 89.34 536.09'
columns: TableColumns(RESET, TAX, O&P)
Format B matched (REMOVE + REPLACE, RESET omitted). Result: {'calc': '1', 'qty': 1.0, 'unit': 'EA', 'item_codes': [], 'reset': None, 'remove': '37.94', 'replace': '384.92', 'tax': '23.89', 'op': '89.34', 'total': '536.09'}

================================================================================
calc_line: '1 1.00EA [*] 21.92+ 3,799.00 = 105.30 785.24 4,711.46'
columns: TableColumns(RESET, TAX, O&P)
Format B matched (REMOVE + REPLACE, RESET omitted). Result: {'calc': '1', 'qty': 1.0, 'unit': 'EA', 'item_codes': ['*'], 'reset': None, 'remove': '21.92', 'replace': '3,799.00', 'tax': '105.30', 'op': '785.24', 'total': '4,711.46'}

================================================================================
calc_line: '1 1.00EA [*] 194.19+ 12,500.00 = 1,047.54 2,748.34 16,490.07'
columns: TableColumns(RESET, TAX, O&P)
Format B matched (REMOVE + REPLACE, RESET omitted). Result: {'calc': '1', 'qty': 1.0, 'unit': 'EA', 'item_codes': ['*'], 'reset': None, 'remove': '194.19', 'replace': '12,500.00', 'tax': '1,047.54', 'op': '2,748.34', 'total': '16,490.07'}

================================================================================
calc_line: '1 1.00EA 45.52+ 3,395.40 = 314.94 751.16 4,507.02'
columns: TableColumns(RESET, TAX, O&P)
Format B matched (REMOVE + REPLACE, RESET omitted). Result: {'calc': '1', 'qty': 1.0, 'unit': 'EA', 'item_codes': [], 'reset': None, 'remove': '45.52', 'replace': '3,395.40', 'tax': '314.94', 'op': '751.16', 'total': '4,507.02'}

================================================================================
calc_line: '1 1.00EA 37.94+ 427.57 = 36.86 100.48 602.85'
columns: TableColumns(RESET, TAX, O&P)
Format B matched (REMOVE + REPLACE, RESET omitted). Result: {'calc': '1', 'qty': 1.0, 'unit': 'EA', 'item_codes': [], 'reset': None, 'remove': '37.94', 'replace': '427.57', 'tax': '36.86', 'op': '100.48', 'total': '602.85'}

================================================================================
calc_line: '1 1.00EA 40.63+ 2,329.86 = 214.50 517.00 3,101.99'
columns: TableColumns(RESET, TAX, O&P)
Format B matched (REMOVE + REPLACE, RESET omitted). Result: {'calc': '1', 'qty': 1.0, 'unit': 'EA', 'item_codes': [], 'reset': None, 'remove': '40.63', 'replace': '2,329.86', 'tax': '214.50', 'op': '517.00', 'total': '3,101.99'}

================================================================================
calc_line: '1 1.00EA 30.55+ 1,762.32 = 156.00 389.78 2,338.65'
columns: TableColumns(RESET, TAX, O&P)
Format B matched (REMOVE + REPLACE, RESET omitted). Result: {'calc': '1', 'qty': 1.0, 'unit': 'EA', 'item_codes': [], 'reset': None, 'remove': '30.55', 'replace': '1,762.32', 'tax': '156.00', 'op': '389.78', 'total': '2,338.65'}

================================================================================
calc_line: '1 1.00EA 7.59+ 167.84 = 6.44 36.36 218.23'
columns: TableColumns(RESET, TAX, O&P)
Format B matched (REMOVE + REPLACE, RESET omitted). Result: {'calc': '1', 'qty': 1.0, 'unit': 'EA', 'item_codes': [], 'reset': None, 'remove': '7.59', 'replace': '167.84', 'tax': '6.44', 'op': '36.36', 'total': '218.23'}

================================================================================
calc_line: '1 1.00EA [*EN] 0.00+ 19,000.00 = 0.00 0.00 19,000.00'
columns: TableColumns(RESET, TAX, O&P)
Format B matched (REMOVE + REPLACE, RESET omitted). Result: {'calc': '1', 'qty': 1.0, 'unit': 'EA', 'item_codes': ['*', 'E', 'N'], 'reset': None, 'remove': '0.00', 'replace': '19,000.00', 'tax': '0.00', 'op': '0.00', 'total': '19,000.00'}

================================================================================
calc_line: '862 862.00SF SEE X3.BUILD'
columns: TableColumns(RESET, TAX, O&P)
SEE pattern matched. Result: {'calc': '862', 'qty': 862.0, 'unit': 'SF', 'item_codes': [], 'reset': None, 'remove': None, 'replace': None, 'tax': None, 'op': None, 'total': '0.00', 'total_note': 'SEE X3.BUILD'}

================================================================================
calc_line: '263.61 263.61LF SEE X3.BUILD'
columns: TableColumns(RESET, TAX, O&P)
SEE pattern matched. Result: {'calc': '263.61', 'qty': 263.61, 'unit': 'LF', 'item_codes': [], 'reset': None, 'remove': None, 'replace': None, 'tax': None, 'op': None, 'total': '0.00', 'total_note': 'SEE X3.BUILD'}

================================================================================
calc_line: '1000 1000.00SF SEE X3.BUILD'
columns: TableColumns(RESET, TAX, O&P)
SEE pattern matched. Result: {'calc': '1000', 'qty': 1000.0, 'unit': 'SF', 'item_codes': [], 'reset': None, 'remove': None, 'replace': None, 'tax': None, 'op': None, 'total': '0.00', 'total_note': 'SEE X3.BUILD'}

================================================================================
calc_line: 'C 86.77SF 0.00+ 2.09 = 3.05 36.90 221.30'
columns: TableColumns(RESET, TAX, O&P)
Format B matched (REMOVE + REPLACE, RESET omitted). Result: {'calc': '', 'qty': 86.77, 'unit': 'SF', 'item_codes': [], 'reset': None, 'remove': '0.00', 'replace': '2.09', 'tax': '3.05', 'op': '36.90', 'total': '221.30'}

================================================================================
calc_line: 'W 269.50SF 0.00+ 2.09 = 9.46 114.56 687.28'
columns: TableColumns(RESET, TAX, O&P)
Format B matched (REMOVE + REPLACE, RESET omitted). Result: {'calc': '', 'qty': 269.5, 'unit': 'SF', 'item_codes': [], 'reset': None, 'remove': '0.00', 'replace': '2.09', 'tax': '9.46', 'op': '114.56', 'total': '687.28'}

================================================================================
calc_line: 'PF 24.50LF 0.75+ 10.64 = 17.37 59.30 355.73'
columns: TableColumns(RESET, TAX, O&P)
Format B matched (REMOVE + REPLACE, RESET omitted). Result: {'calc': '', 'qty': 24.5, 'unit': 'LF', 'item_codes': [], 'reset': None, 'remove': '0.75', 'replace': '10.64', 'tax': '17.37', 'op': '59.30', 'total': '355.73'}

================================================================================
calc_line: 'PF 24.50LF 0.00+ 2.92 = 0.84 14.46 86.84'
columns: TableColumns(RESET, TAX, O&P)
Format B matched (REMOVE + REPLACE, RESET omitted). Result: {'calc': '', 'qty': 24.5, 'unit': 'LF', 'item_codes': [], 'reset': None, 'remove': '0.00', 'replace': '2.92', 'tax': '0.84', 'op': '14.46', 'total': '86.84'}

================================================================================
calc_line: 'PF 24.50LF 0.00+ 2.20 = 0.65 10.92 65.47'
columns: TableColumns(RESET, TAX, O&P)
Format B matched (REMOVE + REPLACE, RESET omitted). Result: {'calc': '', 'qty': 24.5, 'unit': 'LF', 'item_codes': [], 'reset': None, 'remove': '0.00', 'replace': '2.20', 'tax': '0.65', 'op': '10.92', 'total': '65.47'}

================================================================================
calc_line: 'F 86.77SF 0.45+ 0.00 = 0.59 7.94 47.58'
columns: TableColumns(RESET, TAX, O&P)
Format B matched (REMOVE + REPLACE, RESET omitted). Result: {'calc': '', 'qty': 86.77, 'unit': 'SF', 'item_codes': [], 'reset': None, 'remove': '0.45', 'replace': '0.00', 'tax': '0.59', 'op': '7.94', 'total': '47.58'}

================================================================================
calc_line: 'F 86.77SF 1.39+ 6.90 = 22.17 148.30 889.79'
columns: TableColumns(RESET, TAX, O&P)
Format B matched (REMOVE + REPLACE, RESET omitted). Result: {'calc': '', 'qty': 86.77, 'unit': 'SF', 'item_codes': [], 'reset': None, 'remove': '1.39', 'replace': '6.90', 'tax': '22.17', 'op': '148.30', 'total': '889.79'}

================================================================================
calc_line: 'F 86.77SF 3.80+ 20.19 = 69.03 430.12 2,580.77'
columns: TableColumns(RESET, TAX, O&P)
Format B matched (REMOVE + REPLACE, RESET omitted). Result: {'calc': '', 'qty': 86.77, 'unit': 'SF', 'item_codes': [], 'reset': None, 'remove': '3.80', 'replace': '20.19', 'tax': '69.03', 'op': '430.12', 'total': '2,580.77'}

================================================================================
calc_line: 'F 86.77SF 2.05+ 7.22 = 19.88 164.86 989.10'
columns: TableColumns(RESET, TAX, O&P)
Format B matched (REMOVE + REPLACE, RESET omitted). Result: {'calc': '', 'qty': 86.77, 'unit': 'SF', 'item_codes': [], 'reset': None, 'remove': '2.05', 'replace': '7.22', 'tax': '19.88', 'op': '164.86', 'total': '989.10'}

================================================================================
calc_line: 'F 86.77SF 0.00+ 2.42 = 1.61 42.32 253.91'
columns: TableColumns(RESET, TAX, O&P)
Format B matched (REMOVE + REPLACE, RESET omitted). Result: {'calc': '', 'qty': 86.77, 'unit': 'SF', 'item_codes': [], 'reset': None, 'remove': '0.00', 'replace': '2.42', 'tax': '1.61', 'op': '42.32', 'total': '253.91'}

================================================================================
calc_line: '6 6.00EA 16.90+ 234.42 = 61.37 313.86 1,883.15'
columns: TableColumns(RESET, TAX, O&P)
Format B matched (REMOVE + REPLACE, RESET omitted). Result: {'calc': '6', 'qty': 6.0, 'unit': 'EA', 'item_codes': [], 'reset': None, 'remove': '16.90', 'replace': '234.42', 'tax': '61.37', 'op': '313.86', 'total': '1,883.15'}

================================================================================
calc_line: '1 1.00EA 16.83+ 193.86 = 14.14 44.96 269.79'
columns: TableColumns(RESET, TAX, O&P)
Format B matched (REMOVE + REPLACE, RESET omitted). Result: {'calc': '1', 'qty': 1.0, 'unit': 'EA', 'item_codes': [], 'reset': None, 'remove': '16.83', 'replace': '193.86', 'tax': '14.14', 'op': '44.96', 'total': '269.79'}

================================================================================
calc_line: '1 1.00EA SEE X3.BUILD'
columns: TableColumns(RESET, TAX, O&P)
SEE pattern matched. Result: {'calc': '1', 'qty': 1.0, 'unit': 'EA', 'item_codes': [], 'reset': None, 'remove': None, 'replace': None, 'tax': None, 'op': None, 'total': '0.00', 'total_note': 'SEE X3.BUILD'}

================================================================================
calc_line: '1 1.00EA SEE X3.BUILD'
columns: TableColumns(RESET, TAX, O&P)
SEE pattern matched. Result: {'calc': '1', 'qty': 1.0, 'unit': 'EA', 'item_codes': [], 'reset': None, 'remove': None, 'replace': None, 'tax': None, 'op': None, 'total': '0.00', 'total_note': 'SEE X3.BUILD'}

================================================================================
calc_line: '1 1.00EA 9.54+ 288.33 = 19.65 63.50 381.02'
columns: TableColumns(RESET, TAX, O&P)
Format B matched (REMOVE + REPLACE, RESET omitted). Result: {'calc': '1', 'qty': 1.0, 'unit': 'EA', 'item_codes': [], 'reset': None, 'remove': '9.54', 'replace': '288.33', 'tax': '19.65', 'op': '63.50', 'total': '381.02'}

================================================================================
calc_line: '1 1.00EA 0.00+ 452.15 = 40.18 98.48 590.81'
columns: TableColumns(RESET, TAX, O&P)
Format B matched (REMOVE + REPLACE, RESET omitted). Result: {'calc': '1', 'qty': 1.0, 'unit': 'EA', 'item_codes': [], 'reset': None, 'remove': '0.00', 'replace': '452.15', 'tax': '40.18', 'op': '98.48', 'total': '590.81'}

================================================================================
calc_line: '1 1.00EA 0.00+ 40.24 = 0.99 8.24 49.47'
columns: TableColumns(RESET, TAX, O&P)
Format B matched (REMOVE + REPLACE, RESET omitted). Result: {'calc': '1', 'qty': 1.0, 'unit': 'EA', 'item_codes': [], 'reset': None, 'remove': '0.00', 'replace': '40.24', 'tax': '0.99', 'op': '8.24', 'total': '49.47'}

================================================================================
calc_line: 'C 260.69SF 0.00+ 2.09 = 9.15 110.80 664.79'
columns: TableColumns(RESET, TAX, O&P)
Format B matched (REMOVE + REPLACE, RESET omitted). Result: {'calc': '', 'qty': 260.69, 'unit': 'SF', 'item_codes': [], 'reset': None, 'remove': '0.00', 'replace': '2.09', 'tax': '9.15', 'op': '110.80', 'total': '664.79'}

================================================================================
calc_line: 'W 681.56SF 0.00+ 2.09 = 23.92 289.68 1,738.06'
columns: TableColumns(RESET, TAX, O&P)
Format B matched (REMOVE + REPLACE, RESET omitted). Result: {'calc': '', 'qty': 681.56, 'unit': 'SF', 'item_codes': [], 'reset': None, 'remove': '0.00', 'replace': '2.09', 'tax': '23.92', 'op': '289.68', 'total': '1,738.06'}

================================================================================
calc_line: 'PF 72.50LF 0.00+ 2.92 = 2.47 42.84 257.01'
columns: TableColumns(RESET, TAX, O&P)
Format B matched (REMOVE + REPLACE, RESET omitted). Result: {'calc': '', 'qty': 72.5, 'unit': 'LF', 'item_codes': [], 'reset': None, 'remove': '0.00', 'replace': '2.92', 'tax': '2.47', 'op': '42.84', 'total': '257.01'}

================================================================================
calc_line: 'PF 72.50LF 0.00+ 2.20 = 1.91 32.28 193.69'
columns: TableColumns(RESET, TAX, O&P)
Format B matched (REMOVE + REPLACE, RESET omitted). Result: {'calc': '', 'qty': 72.5, 'unit': 'LF', 'item_codes': [], 'reset': None, 'remove': '0.00', 'replace': '2.20', 'tax': '1.91', 'op': '32.28', 'total': '193.69'}

================================================================================
calc_line: 'F 259.94SF 0.45+ 0.00 = 1.77 23.76 142.50'
columns: TableColumns(RESET, TAX, O&P)
Format B matched (REMOVE + REPLACE, RESET omitted). Result: {'calc': '', 'qty': 259.94, 'unit': 'SF', 'item_codes': [], 'reset': None, 'remove': '0.45', 'replace': '0.00', 'tax': '1.77', 'op': '23.76', 'total': '142.50'}

================================================================================
calc_line: '1 1.00EA 0.00+ 60.61 = 0.70 12.26 73.57'
columns: TableColumns(RESET, TAX, O&P)
Format B matched (REMOVE + REPLACE, RESET omitted). Result: {'calc': '1', 'qty': 1.0, 'unit': 'EA', 'item_codes': [], 'reset': None, 'remove': '0.00', 'replace': '60.61', 'tax': '0.70', 'op': '12.26', 'total': '73.57'}

================================================================================
calc_line: '7 7.00EA 16.90+ 234.42 = 71.60 366.16 2,197.00'
columns: TableColumns(RESET, TAX, O&P)
Format B matched (REMOVE + REPLACE, RESET omitted). Result: {'calc': '7', 'qty': 7.0, 'unit': 'EA', 'item_codes': [], 'reset': None, 'remove': '16.90', 'replace': '234.42', 'tax': '71.60', 'op': '366.16', 'total': '2,197.00'}

================================================================================
calc_line: '1 1.00EA 16.83+ 244.73 = 19.09 56.12 336.77'
columns: TableColumns(RESET, TAX, O&P)
Format B matched (REMOVE + REPLACE, RESET omitted). Result: {'calc': '1', 'qty': 1.0, 'unit': 'EA', 'item_codes': [], 'reset': None, 'remove': '16.83', 'replace': '244.73', 'tax': '19.09', 'op': '56.12', 'total': '336.77'}

================================================================================
calc_line: '1 1.00EA 19.09+ 177.11 = 10.07 41.26 247.53'
columns: TableColumns(RESET, TAX, O&P)
Format B matched (REMOVE + REPLACE, RESET omitted). Result: {'calc': '1', 'qty': 1.0, 'unit': 'EA', 'item_codes': [], 'reset': None, 'remove': '19.09', 'replace': '177.11', 'tax': '10.07', 'op': '41.26', 'total': '247.53'}

================================================================================
calc_line: '2 2.00EA 0.00+ 126.05 = 0.23 50.46 302.79'
columns: TableColumns(RESET, TAX, O&P)
Format B matched (REMOVE + REPLACE, RESET omitted). Result: {'calc': '2', 'qty': 2.0, 'unit': 'EA', 'item_codes': [], 'reset': None, 'remove': '0.00', 'replace': '126.05', 'tax': '0.23', 'op': '50.46', 'total': '302.79'}

================================================================================
calc_line: '2 2.00EA 34.34 0.00+ 0.00 = 0.00 13.74 82.42'
columns: TableColumns(RESET, TAX, O&P)
RESET Format A matched (RESET REMOVE + REPLACE). Result: {'calc': '2', 'qty': 2.0, 'unit': 'EA', 'item_codes': [], 'reset': '34.34', 'remove': '0.00', 'replace': '0.00', 'tax': '0.00', 'op': '13.74', 'total': '82.42'}

================================================================================
calc_line: '4 4.00EA 0.00+ 235.96 = 4.40 189.64 1,137.88'
columns: TableColumns(RESET, TAX, O&P)
Format B matched (REMOVE + REPLACE, RESET omitted). Result: {'calc': '4', 'qty': 4.0, 'unit': 'EA', 'item_codes': [], 'reset': None, 'remove': '0.00', 'replace': '235.96', 'tax': '4.40', 'op': '189.64', 'total': '1,137.88'}

================================================================================
calc_line: '4 4.00EA 0.00+ 67.23 = 3.20 54.42 326.54'
columns: TableColumns(RESET, TAX, O&P)
Format B matched (REMOVE + REPLACE, RESET omitted). Result: {'calc': '4', 'qty': 4.0, 'unit': 'EA', 'item_codes': [], 'reset': None, 'remove': '0.00', 'replace': '67.23', 'tax': '3.20', 'op': '54.42', 'total': '326.54'}

================================================================================
calc_line: '2'9+4'7 7.33LF 11.38+ 155.15 = 44.99 253.14 1,518.80'
columns: TableColumns(RESET, TAX, O&P)
Format B matched (REMOVE + REPLACE, RESET omitted). Result: {'calc': '7', 'qty': 7.33, 'unit': 'LF', 'item_codes': [], 'reset': None, 'remove': '11.38', 'replace': '155.15', 'tax': '44.99', 'op': '253.14', 'total': '1,518.80'}

================================================================================
calc_line: 'C 49.76SF 0.00+ 2.09 = 1.75 21.16 126.91'
columns: TableColumns(RESET, TAX, O&P)
Format B matched (REMOVE + REPLACE, RESET omitted). Result: {'calc': '', 'qty': 49.76, 'unit': 'SF', 'item_codes': [], 'reset': None, 'remove': '0.00', 'replace': '2.09', 'tax': '1.75', 'op': '21.16', 'total': '126.91'}

================================================================================
calc_line: 'W 148.67SF 0.00+ 2.09 = 5.22 63.18 379.12'
columns: TableColumns(RESET, TAX, O&P)
Format B matched (REMOVE + REPLACE, RESET omitted). Result: {'calc': '', 'qty': 148.67, 'unit': 'SF', 'item_codes': [], 'reset': None, 'remove': '0.00', 'replace': '2.09', 'tax': '5.22', 'op': '63.18', 'total': '379.12'}

================================================================================
calc_line: 'PC 24.75LF 0.00+ 2.20 = 0.65 11.04 66.14'
columns: TableColumns(RESET, TAX, O&P)
Format B matched (REMOVE + REPLACE, RESET omitted). Result: {'calc': '', 'qty': 24.75, 'unit': 'LF', 'item_codes': [], 'reset': None, 'remove': '0.00', 'replace': '2.20', 'tax': '0.65', 'op': '11.04', 'total': '66.14'}

================================================================================
calc_line: 'F 40.93SF 0.45+ 0.00 = 0.28 3.74 22.44'
columns: TableColumns(RESET, TAX, O&P)
Format B matched (REMOVE + REPLACE, RESET omitted). Result: {'calc': '', 'qty': 40.93, 'unit': 'SF', 'item_codes': [], 'reset': None, 'remove': '0.45', 'replace': '0.00', 'tax': '0.28', 'op': '3.74', 'total': '22.44'}

================================================================================
calc_line: 'F+PF 52.93SF 0.00+ 2.42 = 0.98 25.82 154.89'
columns: TableColumns(RESET, TAX, O&P)
Format B matched (REMOVE + REPLACE, RESET omitted). Result: {'calc': '', 'qty': 52.93, 'unit': 'SF', 'item_codes': [], 'reset': None, 'remove': '0.00', 'replace': '2.42', 'tax': '0.98', 'op': '25.82', 'total': '154.89'}

================================================================================
calc_line: '2 2.00EA 0.00+ 126.05 = 0.23 50.46 302.79'
columns: TableColumns(RESET, TAX, O&P)
Format B matched (REMOVE + REPLACE, RESET omitted). Result: {'calc': '2', 'qty': 2.0, 'unit': 'EA', 'item_codes': [], 'reset': None, 'remove': '0.00', 'replace': '126.05', 'tax': '0.23', 'op': '50.46', 'total': '302.79'}

================================================================================
calc_line: '2 2.00EA 34.34 0.00+ 0.00 = 0.00 13.74 82.42'
columns: TableColumns(RESET, TAX, O&P)
RESET Format A matched (RESET REMOVE + REPLACE). Result: {'calc': '2', 'qty': 2.0, 'unit': 'EA', 'item_codes': [], 'reset': '34.34', 'remove': '0.00', 'replace': '0.00', 'tax': '0.00', 'op': '13.74', 'total': '82.42'}

================================================================================
calc_line: '4 4.00EA 0.00+ 235.96 = 4.40 189.64 1,137.88'
columns: TableColumns(RESET, TAX, O&P)
Format B matched (REMOVE + REPLACE, RESET omitted). Result: {'calc': '4', 'qty': 4.0, 'unit': 'EA', 'item_codes': [], 'reset': None, 'remove': '0.00', 'replace': '235.96', 'tax': '4.40', 'op': '189.64', 'total': '1,137.88'}

================================================================================
calc_line: '4 4.00EA 0.00+ 67.23 = 3.20 54.42 326.54'
columns: TableColumns(RESET, TAX, O&P)
Format B matched (REMOVE + REPLACE, RESET omitted). Result: {'calc': '4', 'qty': 4.0, 'unit': 'EA', 'item_codes': [], 'reset': None, 'remove': '0.00', 'replace': '67.23', 'tax': '3.20', 'op': '54.42', 'total': '326.54'}

================================================================================
calc_line: '1 1.00EA 30.34+ 228.85 = 15.11 54.86 329.16'
columns: TableColumns(RESET, TAX, O&P)
Format B matched (REMOVE + REPLACE, RESET omitted). Result: {'calc': '1', 'qty': 1.0, 'unit': 'EA', 'item_codes': [], 'reset': None, 'remove': '30.34', 'replace': '228.85', 'tax': '15.11', 'op': '54.86', 'total': '329.16'}

================================================================================
calc_line: '1 1.00EA 22.76+ 409.99 = 18.47 90.26 541.48'
columns: TableColumns(RESET, TAX, O&P)
Format B matched (REMOVE + REPLACE, RESET omitted). Result: {'calc': '1', 'qty': 1.0, 'unit': 'EA', 'item_codes': [], 'reset': None, 'remove': '22.76', 'replace': '409.99', 'tax': '18.47', 'op': '90.26', 'total': '541.48'}

================================================================================
calc_line: 'C 629.34SF 0.00+ 6.56 = 72.41 840.18 5,041.06'
columns: TableColumns(RESET, TAX, O&P)
Format B matched (REMOVE + REPLACE, RESET omitted). Result: {'calc': '', 'qty': 629.34, 'unit': 'SF', 'item_codes': [], 'reset': None, 'remove': '0.00', 'replace': '6.56', 'tax': '72.41', 'op': '840.18', 'total': '5,041.06'}

================================================================================
calc_line: 'C 629.34SF 0.00+ 1.00 = 0.00 125.86 755.20'
columns: TableColumns(RESET, TAX, O&P)
Format B matched (REMOVE + REPLACE, RESET omitted). Result: {'calc': '', 'qty': 629.34, 'unit': 'SF', 'item_codes': [], 'reset': None, 'remove': '0.00', 'replace': '1.00', 'tax': '0.00', 'op': '125.86', 'total': '755.20'}

================================================================================
calc_line: 'C 629.34SF 0.00+ 1.47 = 17.79 188.58 1,131.50'
columns: TableColumns(RESET, TAX, O&P)
Format B matched (REMOVE + REPLACE, RESET omitted). Result: {'calc': '', 'qty': 629.34, 'unit': 'SF', 'item_codes': [], 'reset': None, 'remove': '0.00', 'replace': '1.47', 'tax': '17.79', 'op': '188.58', 'total': '1,131.50'}

================================================================================
calc_line: '16 16.00HR 0.00+ 106.93 = 0.00 342.18 2,053.06'
columns: TableColumns(RESET, TAX, O&P)
Format B matched (REMOVE + REPLACE, RESET omitted). Result: {'calc': '16', 'qty': 16.0, 'unit': 'HR', 'item_codes': [], 'reset': None, 'remove': '0.00', 'replace': '106.93', 'tax': '0.00', 'op': '342.18', 'total': '2,053.06'}

================================================================================
calc_line: 'PF 31.00LF 0.75+ 10.64 = 21.97 75.02 450.08'
columns: TableColumns(RESET, TAX, O&P)
Format B matched (REMOVE + REPLACE, RESET omitted). Result: {'calc': '', 'qty': 31.0, 'unit': 'LF', 'item_codes': [], 'reset': None, 'remove': '0.75', 'replace': '10.64', 'tax': '21.97', 'op': '75.02', 'total': '450.08'}

================================================================================
calc_line: 'PF 31.00LF 0.00+ 2.92 = 1.06 18.32 109.90'
columns: TableColumns(RESET, TAX, O&P)
Format B matched (REMOVE + REPLACE, RESET omitted). Result: {'calc': '', 'qty': 31.0, 'unit': 'LF', 'item_codes': [], 'reset': None, 'remove': '0.00', 'replace': '2.92', 'tax': '1.06', 'op': '18.32', 'total': '109.90'}

================================================================================
calc_line: 'W 515.69SF 0.00+ 2.09 = 18.10 219.18 1,315.07'
columns: TableColumns(RESET, TAX, O&P)
Format B matched (REMOVE + REPLACE, RESET omitted). Result: {'calc': '', 'qty': 515.69, 'unit': 'SF', 'item_codes': [], 'reset': None, 'remove': '0.00', 'replace': '2.09', 'tax': '18.10', 'op': '219.18', 'total': '1,315.07'}

================================================================================
calc_line: 'PF 31.00LF 0.00+ 2.20 = 0.82 13.80 82.82'
columns: TableColumns(RESET, TAX, O&P)
Format B matched (REMOVE + REPLACE, RESET omitted). Result: {'calc': '', 'qty': 31.0, 'unit': 'LF', 'item_codes': [], 'reset': None, 'remove': '0.00', 'replace': '2.20', 'tax': '0.82', 'op': '13.80', 'total': '82.82'}

================================================================================
calc_line: 'F 606.84SF 0.45+ 0.00 = 4.14 55.44 332.66'
columns: TableColumns(RESET, TAX, O&P)
Format B matched (REMOVE + REPLACE, RESET omitted). Result: {'calc': '', 'qty': 606.84, 'unit': 'SF', 'item_codes': [], 'reset': None, 'remove': '0.45', 'replace': '0.00', 'tax': '4.14', 'op': '55.44', 'total': '332.66'}

================================================================================
calc_line: 'F 606.84SF 1.39+ 6.90 = 155.02 1,037.14 6,222.87'
columns: TableColumns(RESET, TAX, O&P)
Format B matched (REMOVE + REPLACE, RESET omitted). Result: {'calc': '', 'qty': 606.84, 'unit': 'SF', 'item_codes': [], 'reset': None, 'remove': '1.39', 'replace': '6.90', 'tax': '155.02', 'op': '1,037.14', 'total': '6,222.87'}

================================================================================
calc_line: 'F 606.84SF 3.80+ 20.19 = 482.80 3,008.18 18,049.07'
columns: TableColumns(RESET, TAX, O&P)
Format B matched (REMOVE + REPLACE, RESET omitted). Result: {'calc': '', 'qty': 606.84, 'unit': 'SF', 'item_codes': [], 'reset': None, 'remove': '3.80', 'replace': '20.19', 'tax': '482.80', 'op': '3,008.18', 'total': '18,049.07'}

================================================================================
calc_line: 'F 606.84SF 2.05+ 7.22 = 139.04 1,152.88 6,917.32'
columns: TableColumns(RESET, TAX, O&P)
Format B matched (REMOVE + REPLACE, RESET omitted). Result: {'calc': '', 'qty': 606.84, 'unit': 'SF', 'item_codes': [], 'reset': None, 'remove': '2.05', 'replace': '7.22', 'tax': '139.04', 'op': '1,152.88', 'total': '6,917.32'}

================================================================================
calc_line: 'F 606.84SF 0.00+ 2.42 = 11.24 295.96 1,775.75'
columns: TableColumns(RESET, TAX, O&P)
Format B matched (REMOVE + REPLACE, RESET omitted). Result: {'calc': '', 'qty': 606.84, 'unit': 'SF', 'item_codes': [], 'reset': None, 'remove': '0.00', 'replace': '2.42', 'tax': '11.24', 'op': '295.96', 'total': '1,775.75'}

================================================================================
calc_line: '2 2.00EA 12.64+ 328.67 = 53.63 147.24 883.49'
columns: TableColumns(RESET, TAX, O&P)
Format B matched (REMOVE + REPLACE, RESET omitted). Result: {'calc': '2', 'qty': 2.0, 'unit': 'EA', 'item_codes': [], 'reset': None, 'remove': '12.64', 'replace': '328.67', 'tax': '53.63', 'op': '147.24', 'total': '883.49'}

================================================================================
calc_line: '24 24.00EA 16.90+ 234.42 = 245.49 1,255.44 7,532.61'
columns: TableColumns(RESET, TAX, O&P)
Format B matched (REMOVE + REPLACE, RESET omitted). Result: {'calc': '24', 'qty': 24.0, 'unit': 'EA', 'item_codes': [], 'reset': None, 'remove': '16.90', 'replace': '234.42', 'tax': '245.49', 'op': '1,255.44', 'total': '7,532.61'}

================================================================================
calc_line: '2 2.00EA 7.59+ 468.37 = 74.49 205.28 1,231.69'
columns: TableColumns(RESET, TAX, O&P)
Format B matched (REMOVE + REPLACE, RESET omitted). Result: {'calc': '2', 'qty': 2.0, 'unit': 'EA', 'item_codes': [], 'reset': None, 'remove': '7.59', 'replace': '468.37', 'tax': '74.49', 'op': '205.28', 'total': '1,231.69'}

================================================================================
calc_line: '5*6'6 32.50LF 0.65+ 14.81 = 12.04 102.88 617.38'
columns: TableColumns(RESET, TAX, O&P)
Format B matched (REMOVE + REPLACE, RESET omitted). Result: {'calc': '6', 'qty': 32.5, 'unit': 'LF', 'item_codes': [], 'reset': None, 'remove': '0.65', 'replace': '14.81', 'tax': '12.04', 'op': '102.88', 'total': '617.38'}

================================================================================
calc_line: '6 6.00EA 0.00+ 51.53 = 3.58 62.56 375.32'
columns: TableColumns(RESET, TAX, O&P)
Format B matched (REMOVE + REPLACE, RESET omitted). Result: {'calc': '6', 'qty': 6.0, 'unit': 'EA', 'item_codes': [], 'reset': None, 'remove': '0.00', 'replace': '51.53', 'tax': '3.58', 'op': '62.56', 'total': '375.32'}

================================================================================
calc_line: '18+5'4*3+(3*2*2) 46.00SF 0.00+ 0.71 = 0.31 6.60 39.57'
columns: TableColumns(RESET, TAX, O&P)
Format B matched (REMOVE + REPLACE, RESET omitted). Result: {'calc': '', 'qty': 46.0, 'unit': 'SF', 'item_codes': [], 'reset': None, 'remove': '0.00', 'replace': '0.71', 'tax': '0.31', 'op': '6.60', 'total': '39.57'}

================================================================================
calc_line: '2 2.00EA 142.23+ 1,002.63 = 155.81 489.12 2,934.65'
columns: TableColumns(RESET, TAX, O&P)
Format B matched (REMOVE + REPLACE, RESET omitted). Result: {'calc': '2', 'qty': 2.0, 'unit': 'EA', 'item_codes': [], 'reset': None, 'remove': '142.23', 'replace': '1,002.63', 'tax': '155.81', 'op': '489.12', 'total': '2,934.65'}

================================================================================
calc_line: '125 125.00SF 2.53+ 14.04 = 21.08 418.48 2,510.81'
columns: TableColumns(RESET, TAX, O&P)
Format B matched (REMOVE + REPLACE, RESET omitted). Result: {'calc': '125', 'qty': 125.0, 'unit': 'SF', 'item_codes': [], 'reset': None, 'remove': '2.53', 'replace': '14.04', 'tax': '21.08', 'op': '418.48', 'total': '2,510.81'}

================================================================================
calc_line: '125 125.00SF 3.02+ 34.10 = 197.07 967.42 5,804.49'
columns: TableColumns(RESET, TAX, O&P)
Format B matched (REMOVE + REPLACE, RESET omitted). Result: {'calc': '125', 'qty': 125.0, 'unit': 'SF', 'item_codes': [], 'reset': None, 'remove': '3.02', 'replace': '34.10', 'tax': '197.07', 'op': '967.42', 'total': '5,804.49'}

================================================================================
calc_line: 'C 281.97SF 0.00+ 6.56 = 32.44 376.42 2,258.58'
columns: TableColumns(RESET, TAX, O&P)
Format B matched (REMOVE + REPLACE, RESET omitted). Result: {'calc': '', 'qty': 281.97, 'unit': 'SF', 'item_codes': [], 'reset': None, 'remove': '0.00', 'replace': '6.56', 'tax': '32.44', 'op': '376.42', 'total': '2,258.58'}

================================================================================
calc_line: '80.63 80.63SF 0.00+ 1.00 = 0.00 16.12 96.75'
columns: TableColumns(RESET, TAX, O&P)
Format B matched (REMOVE + REPLACE, RESET omitted). Result: {'calc': '80.63', 'qty': 80.63, 'unit': 'SF', 'item_codes': [], 'reset': None, 'remove': '0.00', 'replace': '1.00', 'tax': '0.00', 'op': '16.12', 'total': '96.75'}

================================================================================
calc_line: '80.63 80.63SF 0.00+ 1.47 = 2.28 24.16 144.97'
columns: TableColumns(RESET, TAX, O&P)
Format B matched (REMOVE + REPLACE, RESET omitted). Result: {'calc': '80.63', 'qty': 80.63, 'unit': 'SF', 'item_codes': [], 'reset': None, 'remove': '0.00', 'replace': '1.47', 'tax': '2.28', 'op': '24.16', 'total': '144.97'}

================================================================================
calc_line: '8 8.00HR 0.00+ 106.93 = 0.00 171.08 1,026.52'
columns: TableColumns(RESET, TAX, O&P)
Format B matched (REMOVE + REPLACE, RESET omitted). Result: {'calc': '8', 'qty': 8.0, 'unit': 'HR', 'item_codes': [], 'reset': None, 'remove': '0.00', 'replace': '106.93', 'tax': '0.00', 'op': '171.08', 'total': '1,026.52'}

================================================================================
calc_line: '36.17 36.17LF 0.00+ 2.20 = 0.95 16.12 96.64'
columns: TableColumns(RESET, TAX, O&P)
Format B matched (REMOVE + REPLACE, RESET omitted). Result: {'calc': '36.17', 'qty': 36.17, 'unit': 'LF', 'item_codes': [], 'reset': None, 'remove': '0.00', 'replace': '2.20', 'tax': '0.95', 'op': '16.12', 'total': '96.64'}

================================================================================
calc_line: '1 1.00EA 0.00+ 60.61 = 0.70 12.26 73.57'
columns: TableColumns(RESET, TAX, O&P)
Format B matched (REMOVE + REPLACE, RESET omitted). Result: {'calc': '1', 'qty': 1.0, 'unit': 'EA', 'item_codes': [], 'reset': None, 'remove': '0.00', 'replace': '60.61', 'tax': '0.70', 'op': '12.26', 'total': '73.57'}

================================================================================
calc_line: 'C-80.63 201.34SF 0.00+ 2.09 = 7.07 85.58 513.45'
columns: TableColumns(RESET, TAX, O&P)
Format B matched (REMOVE + REPLACE, RESET omitted). Result: {'calc': '-80.63', 'qty': 201.34, 'unit': 'SF', 'item_codes': [], 'reset': None, 'remove': '0.00', 'replace': '2.09', 'tax': '7.07', 'op': '85.58', 'total': '513.45'}

================================================================================
calc_line: 'W 450.25SF 0.00+ 2.09 = 15.80 191.36 1,148.18'
columns: TableColumns(RESET, TAX, O&P)
Format B matched (REMOVE + REPLACE, RESET omitted). Result: {'calc': '', 'qty': 450.25, 'unit': 'SF', 'item_codes': [], 'reset': None, 'remove': '0.00', 'replace': '2.09', 'tax': '15.80', 'op': '191.36', 'total': '1,148.18'}

================================================================================
calc_line: 'F 146.38SF 0.45+ 0.00 = 1.00 13.38 80.25'
columns: TableColumns(RESET, TAX, O&P)
Format B matched (REMOVE + REPLACE, RESET omitted). Result: {'calc': '', 'qty': 146.38, 'unit': 'SF', 'item_codes': [], 'reset': None, 'remove': '0.45', 'replace': '0.00', 'tax': '1.00', 'op': '13.38', 'total': '80.25'}

================================================================================
calc_line: 'F 146.38SF 1.39+ 6.90 = 37.39 250.18 1,501.06'
columns: TableColumns(RESET, TAX, O&P)
Format B matched (REMOVE + REPLACE, RESET omitted). Result: {'calc': '', 'qty': 146.38, 'unit': 'SF', 'item_codes': [], 'reset': None, 'remove': '1.39', 'replace': '6.90', 'tax': '37.39', 'op': '250.18', 'total': '1,501.06'}

================================================================================
calc_line: 'F 146.38SF 3.80+ 20.19 = 116.46 725.62 4,353.73'
columns: TableColumns(RESET, TAX, O&P)
Format B matched (REMOVE + REPLACE, RESET omitted). Result: {'calc': '', 'qty': 146.38, 'unit': 'SF', 'item_codes': [], 'reset': None, 'remove': '3.80', 'replace': '20.19', 'tax': '116.46', 'op': '725.62', 'total': '4,353.73'}

================================================================================
calc_line: 'F 146.38SF 2.05+ 7.22 = 33.54 278.10 1,668.58'
columns: TableColumns(RESET, TAX, O&P)
Format B matched (REMOVE + REPLACE, RESET omitted). Result: {'calc': '', 'qty': 146.38, 'unit': 'SF', 'item_codes': [], 'reset': None, 'remove': '2.05', 'replace': '7.22', 'tax': '33.54', 'op': '278.10', 'total': '1,668.58'}

================================================================================
calc_line: 'F 146.38SF 0.00+ 2.42 = 2.71 71.38 428.33'
columns: TableColumns(RESET, TAX, O&P)
Format B matched (REMOVE + REPLACE, RESET omitted). Result: {'calc': '', 'qty': 146.38, 'unit': 'SF', 'item_codes': [], 'reset': None, 'remove': '0.00', 'replace': '2.42', 'tax': '2.71', 'op': '71.38', 'total': '428.33'}

================================================================================
calc_line: '13 13.00EA 16.90+ 234.42 = 132.97 680.04 4,080.17'
columns: TableColumns(RESET, TAX, O&P)
Format B matched (REMOVE + REPLACE, RESET omitted). Result: {'calc': '13', 'qty': 13.0, 'unit': 'EA', 'item_codes': [], 'reset': None, 'remove': '16.90', 'replace': '234.42', 'tax': '132.97', 'op': '680.04', 'total': '4,080.17'}

================================================================================
calc_line: '2 2.00EA 7.59+ 468.37 = 74.49 205.28 1,231.69'
columns: TableColumns(RESET, TAX, O&P)
Format B matched (REMOVE + REPLACE, RESET omitted). Result: {'calc': '2', 'qty': 2.0, 'unit': 'EA', 'item_codes': [], 'reset': None, 'remove': '7.59', 'replace': '468.37', 'tax': '74.49', 'op': '205.28', 'total': '1,231.69'}

================================================================================
calc_line: '6'6+2'6+11'9+9'2+1'9 31.67LF 11.39+ 478.54 = 1,286.64 3,360.54 20,163.26'
columns: TableColumns(RESET, TAX, O&P)
Format B matched (REMOVE + REPLACE, RESET omitted). Result: {'calc': '9', 'qty': 31.67, 'unit': 'LF', 'item_codes': [], 'reset': None, 'remove': '11.39', 'replace': '478.54', 'tax': '1,286.64', 'op': '3,360.54', 'total': '20,163.26'}

================================================================================
calc_line: '2*31.67 63.34SF 8.18+ 110.40 = 369.55 1,576.08 9,456.49'
columns: TableColumns(RESET, TAX, O&P)
Format B matched (REMOVE + REPLACE, RESET omitted). Result: {'calc': '2*31.67', 'qty': 63.34, 'unit': 'SF', 'item_codes': [], 'reset': None, 'remove': '8.18', 'replace': '110.40', 'tax': '369.55', 'op': '1,576.08', 'total': '9,456.49'}

================================================================================
calc_line: '2 2.00EA 0.00+ 231.95 = 0.00 92.78 556.68'
columns: TableColumns(RESET, TAX, O&P)
Format B matched (REMOVE + REPLACE, RESET omitted). Result: {'calc': '2', 'qty': 2.0, 'unit': 'EA', 'item_codes': [], 'reset': None, 'remove': '0.00', 'replace': '231.95', 'tax': '0.00', 'op': '92.78', 'total': '556.68'}

================================================================================
calc_line: '3 3.00LF 13.67+ 689.43 = 178.76 457.62 2,745.68'
columns: TableColumns(RESET, TAX, O&P)
Format B matched (REMOVE + REPLACE, RESET omitted). Result: {'calc': '3', 'qty': 3.0, 'unit': 'LF', 'item_codes': [], 'reset': None, 'remove': '13.67', 'replace': '689.43', 'tax': '178.76', 'op': '457.62', 'total': '2,745.68'}

================================================================================
calc_line: '2'6*6 15.00LF 11.39+ 346.21 = 415.86 1,156.00 6,935.86'
columns: TableColumns(RESET, TAX, O&P)
Format B matched (REMOVE + REPLACE, RESET omitted). Result: {'calc': '6*6', 'qty': 15.0, 'unit': 'LF', 'item_codes': [], 'reset': None, 'remove': '11.39', 'replace': '346.21', 'tax': '415.86', 'op': '1,156.00', 'total': '6,935.86'}

================================================================================
calc_line: '1 1.00EA 0.00+ 101.87 = 9.93 22.36 134.16'
columns: TableColumns(RESET, TAX, O&P)
Format B matched (REMOVE + REPLACE, RESET omitted). Result: {'calc': '1', 'qty': 1.0, 'unit': 'EA', 'item_codes': [], 'reset': None, 'remove': '0.00', 'replace': '101.87', 'tax': '9.93', 'op': '22.36', 'total': '134.16'}

================================================================================
calc_line: '1 1.00EA 0.00+ 95.75 = 9.34 21.02 126.11'
columns: TableColumns(RESET, TAX, O&P)
Format B matched (REMOVE + REPLACE, RESET omitted). Result: {'calc': '1', 'qty': 1.0, 'unit': 'EA', 'item_codes': [], 'reset': None, 'remove': '0.00', 'replace': '95.75', 'tax': '9.34', 'op': '21.02', 'total': '126.11'}

================================================================================
calc_line: '6 6.00EA 0.00+ 81.80 = 47.85 107.74 646.39'
columns: TableColumns(RESET, TAX, O&P)
Format B matched (REMOVE + REPLACE, RESET omitted). Result: {'calc': '6', 'qty': 6.0, 'unit': 'EA', 'item_codes': [], 'reset': None, 'remove': '0.00', 'replace': '81.80', 'tax': '47.85', 'op': '107.74', 'total': '646.39'}

================================================================================
calc_line: '2 2.00EA 0.00+ 76.95 = 7.41 32.26 193.57'
columns: TableColumns(RESET, TAX, O&P)
Format B matched (REMOVE + REPLACE, RESET omitted). Result: {'calc': '2', 'qty': 2.0, 'unit': 'EA', 'item_codes': [], 'reset': None, 'remove': '0.00', 'replace': '76.95', 'tax': '7.41', 'op': '32.26', 'total': '193.57'}

================================================================================
calc_line: '1 1.00EA 9.49+ 165.31 = 12.15 37.40 224.35'
columns: TableColumns(RESET, TAX, O&P)
Format B matched (REMOVE + REPLACE, RESET omitted). Result: {'calc': '1', 'qty': 1.0, 'unit': 'EA', 'item_codes': [], 'reset': None, 'remove': '9.49', 'replace': '165.31', 'tax': '12.15', 'op': '37.40', 'total': '224.35'}

================================================================================
calc_line: '2 2.00EA 149.84 0.00+ 0.00 = 0.00 59.94 359.62'
columns: TableColumns(RESET, TAX, O&P)
RESET Format A matched (RESET REMOVE + REPLACE). Result: {'calc': '2', 'qty': 2.0, 'unit': 'EA', 'item_codes': [], 'reset': '149.84', 'remove': '0.00', 'replace': '0.00', 'tax': '0.00', 'op': '59.94', 'total': '359.62'}

================================================================================
calc_line: '2 2.00EA 187.63 0.00+ 0.00 = 0.16 75.10 450.52'
columns: TableColumns(RESET, TAX, O&P)
RESET Format A matched (RESET REMOVE + REPLACE). Result: {'calc': '2', 'qty': 2.0, 'unit': 'EA', 'item_codes': [], 'reset': '187.63', 'remove': '0.00', 'replace': '0.00', 'tax': '0.16', 'op': '75.10', 'total': '450.52'}

================================================================================
calc_line: 'C 394.92SF 0.00+ 2.09 = 13.86 167.86 1,007.10'
columns: TableColumns(RESET, TAX, O&P)
Format B matched (REMOVE + REPLACE, RESET omitted). Result: {'calc': '', 'qty': 394.92, 'unit': 'SF', 'item_codes': [], 'reset': None, 'remove': '0.00', 'replace': '2.09', 'tax': '13.86', 'op': '167.86', 'total': '1,007.10'}

================================================================================
calc_line: '4 4.00HR [*] 0.00+ 169.18 = 0.00 135.34 812.06'
columns: TableColumns(RESET, TAX, O&P)
Format B matched (REMOVE + REPLACE, RESET omitted). Result: {'calc': '4', 'qty': 4.0, 'unit': 'HR', 'item_codes': ['*'], 'reset': None, 'remove': '0.00', 'replace': '169.18', 'tax': '0.00', 'op': '135.34', 'total': '812.06'}

================================================================================
calc_line: 'W 964.94SF 0.00+ 2.09 = 33.87 410.12 2,460.71'
columns: TableColumns(RESET, TAX, O&P)
Format B matched (REMOVE + REPLACE, RESET omitted). Result: {'calc': '', 'qty': 964.94, 'unit': 'SF', 'item_codes': [], 'reset': None, 'remove': '0.00', 'replace': '2.09', 'tax': '33.87', 'op': '410.12', 'total': '2,460.71'}

================================================================================
calc_line: 'PF 77.71LF 0.75+ 10.64 = 55.08 188.04 1,128.23'
columns: TableColumns(RESET, TAX, O&P)
Format B matched (REMOVE + REPLACE, RESET omitted). Result: {'calc': '', 'qty': 77.71, 'unit': 'LF', 'item_codes': [], 'reset': None, 'remove': '0.75', 'replace': '10.64', 'tax': '55.08', 'op': '188.04', 'total': '1,128.23'}

================================================================================
calc_line: 'PF 77.71LF 0.00+ 2.92 = 2.65 45.92 275.48'
columns: TableColumns(RESET, TAX, O&P)
Format B matched (REMOVE + REPLACE, RESET omitted). Result: {'calc': '', 'qty': 77.71, 'unit': 'LF', 'item_codes': [], 'reset': None, 'remove': '0.00', 'replace': '2.92', 'tax': '2.65', 'op': '45.92', 'total': '275.48'}

================================================================================
calc_line: 'PF 77.71LF 0.00+ 2.20 = 2.05 34.62 207.63'
columns: TableColumns(RESET, TAX, O&P)
Format B matched (REMOVE + REPLACE, RESET omitted). Result: {'calc': '', 'qty': 77.71, 'unit': 'LF', 'item_codes': [], 'reset': None, 'remove': '0.00', 'replace': '2.20', 'tax': '2.05', 'op': '34.62', 'total': '207.63'}

================================================================================
calc_line: 'F 394.92SF 0.45+ 0.00 = 2.69 36.08 216.48'
columns: TableColumns(RESET, TAX, O&P)
Format B matched (REMOVE + REPLACE, RESET omitted). Result: {'calc': '', 'qty': 394.92, 'unit': 'SF', 'item_codes': [], 'reset': None, 'remove': '0.45', 'replace': '0.00', 'tax': '2.69', 'op': '36.08', 'total': '216.48'}

================================================================================
calc_line: 'F 394.92SF 1.39+ 6.90 = 100.88 674.96 4,049.73'
columns: TableColumns(RESET, TAX, O&P)
Format B matched (REMOVE + REPLACE, RESET omitted). Result: {'calc': '', 'qty': 394.92, 'unit': 'SF', 'item_codes': [], 'reset': None, 'remove': '1.39', 'replace': '6.90', 'tax': '100.88', 'op': '674.96', 'total': '4,049.73'}

================================================================================
calc_line: 'F 394.92SF 3.80+ 20.19 = 314.20 1,957.66 11,745.99'
columns: TableColumns(RESET, TAX, O&P)
Format B matched (REMOVE + REPLACE, RESET omitted). Result: {'calc': '', 'qty': 394.92, 'unit': 'SF', 'item_codes': [], 'reset': None, 'remove': '3.80', 'replace': '20.19', 'tax': '314.20', 'op': '1,957.66', 'total': '11,745.99'}

================================================================================
calc_line: 'F 394.92SF 2.05+ 7.22 = 90.49 750.28 4,501.68'
columns: TableColumns(RESET, TAX, O&P)
Format B matched (REMOVE + REPLACE, RESET omitted). Result: {'calc': '', 'qty': 394.92, 'unit': 'SF', 'item_codes': [], 'reset': None, 'remove': '2.05', 'replace': '7.22', 'tax': '90.49', 'op': '750.28', 'total': '4,501.68'}

================================================================================
calc_line: 'F 394.92SF 0.00+ 2.42 = 7.32 192.60 1,155.63'
columns: TableColumns(RESET, TAX, O&P)
Format B matched (REMOVE + REPLACE, RESET omitted). Result: {'calc': '', 'qty': 394.92, 'unit': 'SF', 'item_codes': [], 'reset': None, 'remove': '0.00', 'replace': '2.42', 'tax': '7.32', 'op': '192.60', 'total': '1,155.63'}

================================================================================
calc_line: '14 14.00EA 16.90+ 234.42 = 143.20 732.34 4,394.02'
columns: TableColumns(RESET, TAX, O&P)
Format B matched (REMOVE + REPLACE, RESET omitted). Result: {'calc': '14', 'qty': 14.0, 'unit': 'EA', 'item_codes': [], 'reset': None, 'remove': '16.90', 'replace': '234.42', 'tax': '143.20', 'op': '732.34', 'total': '4,394.02'}

================================================================================
calc_line: '3 3.00EA 12.64+ 328.67 = 80.44 220.86 1,325.23'
columns: TableColumns(RESET, TAX, O&P)
Format B matched (REMOVE + REPLACE, RESET omitted). Result: {'calc': '3', 'qty': 3.0, 'unit': 'EA', 'item_codes': [], 'reset': None, 'remove': '12.64', 'replace': '328.67', 'tax': '80.44', 'op': '220.86', 'total': '1,325.23'}

================================================================================
calc_line: '1 1.00EA 16.83+ 121.12 = 7.05 29.00 174.00'
columns: TableColumns(RESET, TAX, O&P)
Format B matched (REMOVE + REPLACE, RESET omitted). Result: {'calc': '1', 'qty': 1.0, 'unit': 'EA', 'item_codes': [], 'reset': None, 'remove': '16.83', 'replace': '121.12', 'tax': '7.05', 'op': '29.00', 'total': '174.00'}

================================================================================
calc_line: '1 1.00EA 10.83+ 281.60 = 13.80 61.24 367.47'
columns: TableColumns(RESET, TAX, O&P)
Format B matched (REMOVE + REPLACE, RESET omitted). Result: {'calc': '1', 'qty': 1.0, 'unit': 'EA', 'item_codes': [], 'reset': None, 'remove': '10.83', 'replace': '281.60', 'tax': '13.80', 'op': '61.24', 'total': '367.47'}

================================================================================
calc_line: '3 3.00EA 5.72+ 1,032.89 = 64.35 636.06 3,816.24'
columns: TableColumns(RESET, TAX, O&P)
Format B matched (REMOVE + REPLACE, RESET omitted). Result: {'calc': '3', 'qty': 3.0, 'unit': 'EA', 'item_codes': [], 'reset': None, 'remove': '5.72', 'replace': '1,032.89', 'tax': '64.35', 'op': '636.06', 'total': '3,816.24'}

================================================================================
calc_line: 'C 409.85SF 0.00+ 2.09 = 14.39 174.20 1,045.18'
columns: TableColumns(RESET, TAX, O&P)
Format B matched (REMOVE + REPLACE, RESET omitted). Result: {'calc': '', 'qty': 409.85, 'unit': 'SF', 'item_codes': [], 'reset': None, 'remove': '0.00', 'replace': '2.09', 'tax': '14.39', 'op': '174.20', 'total': '1,045.18'}

================================================================================
calc_line: 'W 607.41SF 0.00+ 2.09 = 21.32 258.16 1,548.97'
columns: TableColumns(RESET, TAX, O&P)
Format B matched (REMOVE + REPLACE, RESET omitted). Result: {'calc': '', 'qty': 607.41, 'unit': 'SF', 'item_codes': [], 'reset': None, 'remove': '0.00', 'replace': '2.09', 'tax': '21.32', 'op': '258.16', 'total': '1,548.97'}

================================================================================
calc_line: 'PF 50.25LF 0.00+ 2.92 = 1.72 29.68 178.13'
columns: TableColumns(RESET, TAX, O&P)
Format B matched (REMOVE + REPLACE, RESET omitted). Result: {'calc': '', 'qty': 50.25, 'unit': 'LF', 'item_codes': [], 'reset': None, 'remove': '0.00', 'replace': '2.92', 'tax': '1.72', 'op': '29.68', 'total': '178.13'}

================================================================================
calc_line: 'PF 50.25LF 0.00+ 2.20 = 1.32 22.38 134.25'
columns: TableColumns(RESET, TAX, O&P)
Format B matched (REMOVE + REPLACE, RESET omitted). Result: {'calc': '', 'qty': 50.25, 'unit': 'LF', 'item_codes': [], 'reset': None, 'remove': '0.00', 'replace': '2.20', 'tax': '1.32', 'op': '22.38', 'total': '134.25'}

================================================================================
calc_line: 'F 406.88SF 0.45+ 0.00 = 2.78 37.18 223.06'
columns: TableColumns(RESET, TAX, O&P)
Format B matched (REMOVE + REPLACE, RESET omitted). Result: {'calc': '', 'qty': 406.88, 'unit': 'SF', 'item_codes': [], 'reset': None, 'remove': '0.45', 'replace': '0.00', 'tax': '2.78', 'op': '37.18', 'total': '223.06'}

================================================================================
calc_line: '2 2.00EA 0.00+ 126.05 = 0.23 50.46 302.79'
columns: TableColumns(RESET, TAX, O&P)
Format B matched (REMOVE + REPLACE, RESET omitted). Result: {'calc': '2', 'qty': 2.0, 'unit': 'EA', 'item_codes': [], 'reset': None, 'remove': '0.00', 'replace': '126.05', 'tax': '0.23', 'op': '50.46', 'total': '302.79'}

================================================================================
calc_line: '4 4.00EA 0.00+ 235.96 = 4.40 189.64 1,137.88'
columns: TableColumns(RESET, TAX, O&P)
Format B matched (REMOVE + REPLACE, RESET omitted). Result: {'calc': '4', 'qty': 4.0, 'unit': 'EA', 'item_codes': [], 'reset': None, 'remove': '0.00', 'replace': '235.96', 'tax': '4.40', 'op': '189.64', 'total': '1,137.88'}

================================================================================
calc_line: '2 2.00EA 34.34 0.00+ 0.00 = 0.00 13.74 82.42'
columns: TableColumns(RESET, TAX, O&P)
RESET Format A matched (RESET REMOVE + REPLACE). Result: {'calc': '2', 'qty': 2.0, 'unit': 'EA', 'item_codes': [], 'reset': '34.34', 'remove': '0.00', 'replace': '0.00', 'tax': '0.00', 'op': '13.74', 'total': '82.42'}

================================================================================
calc_line: '4 4.00EA 0.00+ 67.23 = 3.20 54.42 326.54'
columns: TableColumns(RESET, TAX, O&P)
Format B matched (REMOVE + REPLACE, RESET omitted). Result: {'calc': '4', 'qty': 4.0, 'unit': 'EA', 'item_codes': [], 'reset': None, 'remove': '0.00', 'replace': '67.23', 'tax': '3.20', 'op': '54.42', 'total': '326.54'}

================================================================================
calc_line: '1 1.00EA 0.00+ 78.58 = 0.89 15.90 95.37'
columns: TableColumns(RESET, TAX, O&P)
Format B matched (REMOVE + REPLACE, RESET omitted). Result: {'calc': '1', 'qty': 1.0, 'unit': 'EA', 'item_codes': [], 'reset': None, 'remove': '0.00', 'replace': '78.58', 'tax': '0.89', 'op': '15.90', 'total': '95.37'}

================================================================================
calc_line: '1 1.00EA 16.83+ 121.12 = 7.05 29.00 174.00'
columns: TableColumns(RESET, TAX, O&P)
Format B matched (REMOVE + REPLACE, RESET omitted). Result: {'calc': '1', 'qty': 1.0, 'unit': 'EA', 'item_codes': [], 'reset': None, 'remove': '16.83', 'replace': '121.12', 'tax': '7.05', 'op': '29.00', 'total': '174.00'}

================================================================================
calc_line: '10 10.00EA 16.90+ 234.42 = 102.29 523.10 3,138.59'
columns: TableColumns(RESET, TAX, O&P)
Format B matched (REMOVE + REPLACE, RESET omitted). Result: {'calc': '10', 'qty': 10.0, 'unit': 'EA', 'item_codes': [], 'reset': None, 'remove': '16.90', 'replace': '234.42', 'tax': '102.29', 'op': '523.10', 'total': '3,138.59'}

================================================================================
calc_line: '2 2.00EA 12.64+ 173.67 = 23.40 79.20 475.22'
columns: TableColumns(RESET, TAX, O&P)
Format B matched (REMOVE + REPLACE, RESET omitted). Result: {'calc': '2', 'qty': 2.0, 'unit': 'EA', 'item_codes': [], 'reset': None, 'remove': '12.64', 'replace': '173.67', 'tax': '23.40', 'op': '79.20', 'total': '475.22'}

================================================================================
calc_line: '2 2.00EA 7.59+ 468.37 = 74.49 205.28 1,231.69'
columns: TableColumns(RESET, TAX, O&P)
Format B matched (REMOVE + REPLACE, RESET omitted). Result: {'calc': '2', 'qty': 2.0, 'unit': 'EA', 'item_codes': [], 'reset': None, 'remove': '7.59', 'replace': '468.37', 'tax': '74.49', 'op': '205.28', 'total': '1,231.69'}

================================================================================
calc_line: '1 1.00EA 0.00+ 68.25 = 0.00 13.66 81.91'
columns: TableColumns(RESET, TAX, O&P)
Format B matched (REMOVE + REPLACE, RESET omitted). Result: {'calc': '1', 'qty': 1.0, 'unit': 'EA', 'item_codes': [], 'reset': None, 'remove': '0.00', 'replace': '68.25', 'tax': '0.00', 'op': '13.66', 'total': '81.91'}

================================================================================
calc_line: 'C 86.04SF 0.00+ 2.09 = 3.02 36.56 219.40'
columns: TableColumns(RESET, TAX, O&P)
Format B matched (REMOVE + REPLACE, RESET omitted). Result: {'calc': '', 'qty': 86.04, 'unit': 'SF', 'item_codes': [], 'reset': None, 'remove': '0.00', 'replace': '2.09', 'tax': '3.02', 'op': '36.56', 'total': '219.40'}

================================================================================
calc_line: 'W 248.91SF 0.00+ 2.09 = 8.74 105.78 634.74'
columns: TableColumns(RESET, TAX, O&P)
Format B matched (REMOVE + REPLACE, RESET omitted). Result: {'calc': '', 'qty': 248.91, 'unit': 'SF', 'item_codes': [], 'reset': None, 'remove': '0.00', 'replace': '2.09', 'tax': '8.74', 'op': '105.78', 'total': '634.74'}

================================================================================
calc_line: 'PF 31.11LF 0.00+ 2.92 = 1.06 18.38 110.28'
columns: TableColumns(RESET, TAX, O&P)
Format B matched (REMOVE + REPLACE, RESET omitted). Result: {'calc': '', 'qty': 31.11, 'unit': 'LF', 'item_codes': [], 'reset': None, 'remove': '0.00', 'replace': '2.92', 'tax': '1.06', 'op': '18.38', 'total': '110.28'}

================================================================================
calc_line: 'PF 31.11LF 0.00+ 2.20 = 0.82 13.84 83.10'
columns: TableColumns(RESET, TAX, O&P)
Format B matched (REMOVE + REPLACE, RESET omitted). Result: {'calc': '', 'qty': 31.11, 'unit': 'LF', 'item_codes': [], 'reset': None, 'remove': '0.00', 'replace': '2.20', 'tax': '0.82', 'op': '13.84', 'total': '83.10'}

================================================================================
calc_line: 'F 86.04SF 0.45+ 0.00 = 0.59 7.86 47.17'
columns: TableColumns(RESET, TAX, O&P)
Format B matched (REMOVE + REPLACE, RESET omitted). Result: {'calc': '', 'qty': 86.04, 'unit': 'SF', 'item_codes': [], 'reset': None, 'remove': '0.45', 'replace': '0.00', 'tax': '0.59', 'op': '7.86', 'total': '47.17'}

================================================================================
calc_line: '2 2.00EA 0.00+ 126.05 = 0.23 50.46 302.79'
columns: TableColumns(RESET, TAX, O&P)
Format B matched (REMOVE + REPLACE, RESET omitted). Result: {'calc': '2', 'qty': 2.0, 'unit': 'EA', 'item_codes': [], 'reset': None, 'remove': '0.00', 'replace': '126.05', 'tax': '0.23', 'op': '50.46', 'total': '302.79'}

================================================================================
calc_line: '1 1.00EA 0.00+ 151.02 = 0.11 30.22 181.35'
columns: TableColumns(RESET, TAX, O&P)
Format B matched (REMOVE + REPLACE, RESET omitted). Result: {'calc': '1', 'qty': 1.0, 'unit': 'EA', 'item_codes': [], 'reset': None, 'remove': '0.00', 'replace': '151.02', 'tax': '0.11', 'op': '30.22', 'total': '181.35'}

================================================================================
calc_line: '2 2.00EA 0.00+ 237.60 = 3.98 95.84 575.02'
columns: TableColumns(RESET, TAX, O&P)
Format B matched (REMOVE + REPLACE, RESET omitted). Result: {'calc': '2', 'qty': 2.0, 'unit': 'EA', 'item_codes': [], 'reset': None, 'remove': '0.00', 'replace': '237.60', 'tax': '3.98', 'op': '95.84', 'total': '575.02'}

================================================================================
calc_line: '5 5.00EA 34.34 0.00+ 0.00 = 0.00 34.34 206.04'
columns: TableColumns(RESET, TAX, O&P)
RESET Format A matched (RESET REMOVE + REPLACE). Result: {'calc': '5', 'qty': 5.0, 'unit': 'EA', 'item_codes': [], 'reset': '34.34', 'remove': '0.00', 'replace': '0.00', 'tax': '0.00', 'op': '34.34', 'total': '206.04'}

================================================================================
calc_line: '4 4.00HR 0.00+ 116.31 = 0.00 93.04 558.28'
columns: TableColumns(RESET, TAX, O&P)
Format B matched (REMOVE + REPLACE, RESET omitted). Result: {'calc': '4', 'qty': 4.0, 'unit': 'HR', 'item_codes': [], 'reset': None, 'remove': '0.00', 'replace': '116.31', 'tax': '0.00', 'op': '93.04', 'total': '558.28'}

================================================================================
calc_line: 'PF-4'4 26.78LF 11.38+ 155.15 = 164.37 924.82 5,548.87'
columns: TableColumns(RESET, TAX, O&P)
Format B matched (REMOVE + REPLACE, RESET omitted). Result: {'calc': '4', 'qty': 26.78, 'unit': 'LF', 'item_codes': [], 'reset': None, 'remove': '11.38', 'replace': '155.15', 'tax': '164.37', 'op': '924.82', 'total': '5,548.87'}

================================================================================
calc_line: '1 1.00EA 16.83+ 145.18 = 9.38 34.28 205.67'
columns: TableColumns(RESET, TAX, O&P)
Format B matched (REMOVE + REPLACE, RESET omitted). Result: {'calc': '1', 'qty': 1.0, 'unit': 'EA', 'item_codes': [], 'reset': None, 'remove': '16.83', 'replace': '145.18', 'tax': '9.38', 'op': '34.28', 'total': '205.67'}

================================================================================
calc_line: '4 4.00EA 16.90+ 234.42 = 40.91 209.24 1,255.43'
columns: TableColumns(RESET, TAX, O&P)
Format B matched (REMOVE + REPLACE, RESET omitted). Result: {'calc': '4', 'qty': 4.0, 'unit': 'EA', 'item_codes': [], 'reset': None, 'remove': '16.90', 'replace': '234.42', 'tax': '40.91', 'op': '209.24', 'total': '1,255.43'}

================================================================================
calc_line: '1 1.00EA 0.00+ 40.70 = 0.71 8.28 49.69'
columns: TableColumns(RESET, TAX, O&P)
Format B matched (REMOVE + REPLACE, RESET omitted). Result: {'calc': '1', 'qty': 1.0, 'unit': 'EA', 'item_codes': [], 'reset': None, 'remove': '0.00', 'replace': '40.70', 'tax': '0.71', 'op': '8.28', 'total': '49.69'}

================================================================================
calc_line: '1 1.00EA 12.64+ 205.20 = 14.72 46.50 279.06'
columns: TableColumns(RESET, TAX, O&P)
Format B matched (REMOVE + REPLACE, RESET omitted). Result: {'calc': '1', 'qty': 1.0, 'unit': 'EA', 'item_codes': [], 'reset': None, 'remove': '12.64', 'replace': '205.20', 'tax': '14.72', 'op': '46.50', 'total': '279.06'}

================================================================================
calc_line: 'C 74.41SF 0.00+ 2.09 = 2.61 31.62 189.75'
columns: TableColumns(RESET, TAX, O&P)
Format B matched (REMOVE + REPLACE, RESET omitted). Result: {'calc': '', 'qty': 74.41, 'unit': 'SF', 'item_codes': [], 'reset': None, 'remove': '0.00', 'replace': '2.09', 'tax': '2.61', 'op': '31.62', 'total': '189.75'}

================================================================================
calc_line: 'W 234.57SF 0.00+ 2.09 = 8.23 99.70 598.18'
columns: TableColumns(RESET, TAX, O&P)
Format B matched (REMOVE + REPLACE, RESET omitted). Result: {'calc': '', 'qty': 234.57, 'unit': 'SF', 'item_codes': [], 'reset': None, 'remove': '0.00', 'replace': '2.09', 'tax': '8.23', 'op': '99.70', 'total': '598.18'}

================================================================================
calc_line: 'PF 29.03LF 0.00+ 2.92 = 0.99 17.16 102.92'
columns: TableColumns(RESET, TAX, O&P)
Format B matched (REMOVE + REPLACE, RESET omitted). Result: {'calc': '', 'qty': 29.03, 'unit': 'LF', 'item_codes': [], 'reset': None, 'remove': '0.00', 'replace': '2.92', 'tax': '0.99', 'op': '17.16', 'total': '102.92'}

================================================================================
calc_line: 'PF 29.03LF 0.00+ 2.20 = 0.76 12.94 77.57'
columns: TableColumns(RESET, TAX, O&P)
Format B matched (REMOVE + REPLACE, RESET omitted). Result: {'calc': '', 'qty': 29.03, 'unit': 'LF', 'item_codes': [], 'reset': None, 'remove': '0.00', 'replace': '2.20', 'tax': '0.76', 'op': '12.94', 'total': '77.57'}

================================================================================
calc_line: 'F 74.41SF 0.45+ 0.00 = 0.51 6.80 40.79'
columns: TableColumns(RESET, TAX, O&P)
Format B matched (REMOVE + REPLACE, RESET omitted). Result: {'calc': '', 'qty': 74.41, 'unit': 'SF', 'item_codes': [], 'reset': None, 'remove': '0.45', 'replace': '0.00', 'tax': '0.51', 'op': '6.80', 'total': '40.79'}

================================================================================
calc_line: '2 2.00EA 0.00+ 126.05 = 0.23 50.46 302.79'
columns: TableColumns(RESET, TAX, O&P)
Format B matched (REMOVE + REPLACE, RESET omitted). Result: {'calc': '2', 'qty': 2.0, 'unit': 'EA', 'item_codes': [], 'reset': None, 'remove': '0.00', 'replace': '126.05', 'tax': '0.23', 'op': '50.46', 'total': '302.79'}

================================================================================
calc_line: '1 1.00EA 0.00+ 151.02 = 0.11 30.22 181.35'
columns: TableColumns(RESET, TAX, O&P)
Format B matched (REMOVE + REPLACE, RESET omitted). Result: {'calc': '1', 'qty': 1.0, 'unit': 'EA', 'item_codes': [], 'reset': None, 'remove': '0.00', 'replace': '151.02', 'tax': '0.11', 'op': '30.22', 'total': '181.35'}

================================================================================
calc_line: '2 2.00EA 0.00+ 237.60 = 3.98 95.84 575.02'
columns: TableColumns(RESET, TAX, O&P)
Format B matched (REMOVE + REPLACE, RESET omitted). Result: {'calc': '2', 'qty': 2.0, 'unit': 'EA', 'item_codes': [], 'reset': None, 'remove': '0.00', 'replace': '237.60', 'tax': '3.98', 'op': '95.84', 'total': '575.02'}

================================================================================
calc_line: '5 5.00EA 34.34 0.00+ 0.00 = 0.00 34.34 206.04'
columns: TableColumns(RESET, TAX, O&P)
RESET Format A matched (RESET REMOVE + REPLACE). Result: {'calc': '5', 'qty': 5.0, 'unit': 'EA', 'item_codes': [], 'reset': '34.34', 'remove': '0.00', 'replace': '0.00', 'tax': '0.00', 'op': '34.34', 'total': '206.04'}

================================================================================
calc_line: '4 4.00HR 0.00+ 116.31 = 0.00 93.04 558.28'
columns: TableColumns(RESET, TAX, O&P)
Format B matched (REMOVE + REPLACE, RESET omitted). Result: {'calc': '4', 'qty': 4.0, 'unit': 'HR', 'item_codes': [], 'reset': None, 'remove': '0.00', 'replace': '116.31', 'tax': '0.00', 'op': '93.04', 'total': '558.28'}

================================================================================
calc_line: 'PF-4'4 24.70LF 11.38+ 155.15 = 151.60 852.98 5,117.88'
columns: TableColumns(RESET, TAX, O&P)
Format B matched (REMOVE + REPLACE, RESET omitted). Result: {'calc': '4', 'qty': 24.7, 'unit': 'LF', 'item_codes': [], 'reset': None, 'remove': '11.38', 'replace': '155.15', 'tax': '151.60', 'op': '852.98', 'total': '5,117.88'}

================================================================================
calc_line: '1 1.00EA 16.83+ 145.18 = 9.38 34.28 205.67'
columns: TableColumns(RESET, TAX, O&P)
Format B matched (REMOVE + REPLACE, RESET omitted). Result: {'calc': '1', 'qty': 1.0, 'unit': 'EA', 'item_codes': [], 'reset': None, 'remove': '16.83', 'replace': '145.18', 'tax': '9.38', 'op': '34.28', 'total': '205.67'}

================================================================================
calc_line: '4 4.00EA 16.90+ 234.42 = 40.91 209.24 1,255.43'
columns: TableColumns(RESET, TAX, O&P)
Format B matched (REMOVE + REPLACE, RESET omitted). Result: {'calc': '4', 'qty': 4.0, 'unit': 'EA', 'item_codes': [], 'reset': None, 'remove': '16.90', 'replace': '234.42', 'tax': '40.91', 'op': '209.24', 'total': '1,255.43'}

================================================================================
calc_line: '1 1.00EA 12.64+ 205.20 = 14.72 46.50 279.06'
columns: TableColumns(RESET, TAX, O&P)
Format B matched (REMOVE + REPLACE, RESET omitted). Result: {'calc': '1', 'qty': 1.0, 'unit': 'EA', 'item_codes': [], 'reset': None, 'remove': '12.64', 'replace': '205.20', 'tax': '14.72', 'op': '46.50', 'total': '279.06'}

================================================================================
calc_line: 'C 3.75SF 0.00+ 2.09 = 0.13 1.58 9.55'
columns: TableColumns(RESET, TAX, O&P)
Format B matched (REMOVE + REPLACE, RESET omitted). Result: {'calc': '', 'qty': 3.75, 'unit': 'SF', 'item_codes': [], 'reset': None, 'remove': '0.00', 'replace': '2.09', 'tax': '0.13', 'op': '1.58', 'total': '9.55'}

================================================================================
calc_line: 'W 52.33SF 0.00+ 2.09 = 1.84 22.24 133.45'
columns: TableColumns(RESET, TAX, O&P)
Format B matched (REMOVE + REPLACE, RESET omitted). Result: {'calc': '', 'qty': 52.33, 'unit': 'SF', 'item_codes': [], 'reset': None, 'remove': '0.00', 'replace': '2.09', 'tax': '1.84', 'op': '22.24', 'total': '133.45'}

================================================================================
calc_line: 'PF 6.25LF 0.00+ 2.92 = 0.21 3.70 22.16'
columns: TableColumns(RESET, TAX, O&P)
Format B matched (REMOVE + REPLACE, RESET omitted). Result: {'calc': '', 'qty': 6.25, 'unit': 'LF', 'item_codes': [], 'reset': None, 'remove': '0.00', 'replace': '2.92', 'tax': '0.21', 'op': '3.70', 'total': '22.16'}

================================================================================
calc_line: 'PF 6.25LF 0.00+ 2.20 = 0.16 2.80 16.71'
columns: TableColumns(RESET, TAX, O&P)
Format B matched (REMOVE + REPLACE, RESET omitted). Result: {'calc': '', 'qty': 6.25, 'unit': 'LF', 'item_codes': [], 'reset': None, 'remove': '0.00', 'replace': '2.20', 'tax': '0.16', 'op': '2.80', 'total': '16.71'}

================================================================================
calc_line: 'F 3.75SF 0.45+ 0.00 = 0.03 0.34 2.06'
columns: TableColumns(RESET, TAX, O&P)
Format B matched (REMOVE + REPLACE, RESET omitted). Result: {'calc': '', 'qty': 3.75, 'unit': 'SF', 'item_codes': [], 'reset': None, 'remove': '0.45', 'replace': '0.00', 'tax': '0.03', 'op': '0.34', 'total': '2.06'}

================================================================================
calc_line: '1 1.00EA 114.56 0.00+ 0.00 = 0.10 22.94 137.60'
columns: TableColumns(RESET, TAX, O&P)
RESET Format A matched (RESET REMOVE + REPLACE). Result: {'calc': '1', 'qty': 1.0, 'unit': 'EA', 'item_codes': [], 'reset': '114.56', 'remove': '0.00', 'replace': '0.00', 'tax': '0.10', 'op': '22.94', 'total': '137.60'}

================================================================================
calc_line: '2 2.00EA 0.00+ 60.56 = 1.97 24.62 147.71'
columns: TableColumns(RESET, TAX, O&P)
Format B matched (REMOVE + REPLACE, RESET omitted). Result: {'calc': '2', 'qty': 2.0, 'unit': 'EA', 'item_codes': [], 'reset': None, 'remove': '0.00', 'replace': '60.56', 'tax': '1.97', 'op': '24.62', 'total': '147.71'}

================================================================================
calc_line: '1 1.00EA 34.34 0.00+ 0.00 = 0.00 6.86 41.20'
columns: TableColumns(RESET, TAX, O&P)
RESET Format A matched (RESET REMOVE + REPLACE). Result: {'calc': '1', 'qty': 1.0, 'unit': 'EA', 'item_codes': [], 'reset': '34.34', 'remove': '0.00', 'replace': '0.00', 'tax': '0.00', 'op': '6.86', 'total': '41.20'}

================================================================================
calc_line: '5*2 10.00LF 0.57+ 14.33 = 5.42 30.88 185.30'
columns: TableColumns(RESET, TAX, O&P)
Format B matched (REMOVE + REPLACE, RESET omitted). Result: {'calc': '5*2', 'qty': 10.0, 'unit': 'LF', 'item_codes': [], 'reset': None, 'remove': '0.57', 'replace': '14.33', 'tax': '5.42', 'op': '30.88', 'total': '185.30'}

================================================================================
calc_line: '2*5 10.00LF 0.00+ 7.49 = 0.63 15.10 90.63'
columns: TableColumns(RESET, TAX, O&P)
Format B matched (REMOVE + REPLACE, RESET omitted). Result: {'calc': '2*5', 'qty': 10.0, 'unit': 'LF', 'item_codes': [], 'reset': None, 'remove': '0.00', 'replace': '7.49', 'tax': '0.63', 'op': '15.10', 'total': '90.63'}

================================================================================
calc_line: 'C 134.79SF 0.00+ 2.09 = 4.73 57.28 343.72'
columns: TableColumns(RESET, TAX, O&P)
Format B matched (REMOVE + REPLACE, RESET omitted). Result: {'calc': '', 'qty': 134.79, 'unit': 'SF', 'item_codes': [], 'reset': None, 'remove': '0.00', 'replace': '2.09', 'tax': '4.73', 'op': '57.28', 'total': '343.72'}

================================================================================
calc_line: 'W 252.33SF 0.00+ 2.09 = 8.86 107.26 643.49'
columns: TableColumns(RESET, TAX, O&P)
Format B matched (REMOVE + REPLACE, RESET omitted). Result: {'calc': '', 'qty': 252.33, 'unit': 'SF', 'item_codes': [], 'reset': None, 'remove': '0.00', 'replace': '2.09', 'tax': '8.86', 'op': '107.26', 'total': '643.49'}

================================================================================
calc_line: 'PF 23.46LF 0.00+ 2.20 = 0.62 10.44 62.67'
columns: TableColumns(RESET, TAX, O&P)
Format B matched (REMOVE + REPLACE, RESET omitted). Result: {'calc': '', 'qty': 23.46, 'unit': 'LF', 'item_codes': [], 'reset': None, 'remove': '0.00', 'replace': '2.20', 'tax': '0.62', 'op': '10.44', 'total': '62.67'}

================================================================================
calc_line: 'F+PF 121.33SF 0.00+ 2.63 = 2.25 64.28 385.63'
columns: TableColumns(RESET, TAX, O&P)
Format B matched (REMOVE + REPLACE, RESET omitted). Result: {'calc': '', 'qty': 121.33, 'unit': 'SF', 'item_codes': [], 'reset': None, 'remove': '0.00', 'replace': '2.63', 'tax': '2.25', 'op': '64.28', 'total': '385.63'}

================================================================================
calc_line: '2 2.00EA 0.00+ 126.05 = 0.23 50.46 302.79'
columns: TableColumns(RESET, TAX, O&P)
Format B matched (REMOVE + REPLACE, RESET omitted). Result: {'calc': '2', 'qty': 2.0, 'unit': 'EA', 'item_codes': [], 'reset': None, 'remove': '0.00', 'replace': '126.05', 'tax': '0.23', 'op': '50.46', 'total': '302.79'}

================================================================================
calc_line: '4 4.00EA 0.00+ 235.96 = 4.40 189.64 1,137.88'
columns: TableColumns(RESET, TAX, O&P)
Format B matched (REMOVE + REPLACE, RESET omitted). Result: {'calc': '4', 'qty': 4.0, 'unit': 'EA', 'item_codes': [], 'reset': None, 'remove': '0.00', 'replace': '235.96', 'tax': '4.40', 'op': '189.64', 'total': '1,137.88'}

================================================================================
calc_line: '2 2.00EA 34.34 0.00+ 0.00 = 0.00 13.74 82.42'
columns: TableColumns(RESET, TAX, O&P)
RESET Format A matched (RESET REMOVE + REPLACE). Result: {'calc': '2', 'qty': 2.0, 'unit': 'EA', 'item_codes': [], 'reset': '34.34', 'remove': '0.00', 'replace': '0.00', 'tax': '0.00', 'op': '13.74', 'total': '82.42'}

================================================================================
calc_line: '4 4.00EA 0.00+ 67.23 = 3.20 54.42 326.54'
columns: TableColumns(RESET, TAX, O&P)
Format B matched (REMOVE + REPLACE, RESET omitted). Result: {'calc': '4', 'qty': 4.0, 'unit': 'EA', 'item_codes': [], 'reset': None, 'remove': '0.00', 'replace': '67.23', 'tax': '3.20', 'op': '54.42', 'total': '326.54'}

================================================================================
calc_line: '1 1.00EA 26.73+ 330.49 = 22.12 75.86 455.20'
columns: TableColumns(RESET, TAX, O&P)
Format B matched (REMOVE + REPLACE, RESET omitted). Result: {'calc': '1', 'qty': 1.0, 'unit': 'EA', 'item_codes': [], 'reset': None, 'remove': '26.73', 'replace': '330.49', 'tax': '22.12', 'op': '75.86', 'total': '455.20'}

================================================================================
calc_line: '6 6.00EA 16.90+ 234.42 = 61.37 313.86 1,883.15'
columns: TableColumns(RESET, TAX, O&P)
Format B matched (REMOVE + REPLACE, RESET omitted). Result: {'calc': '6', 'qty': 6.0, 'unit': 'EA', 'item_codes': [], 'reset': None, 'remove': '16.90', 'replace': '234.42', 'tax': '61.37', 'op': '313.86', 'total': '1,883.15'}

================================================================================
calc_line: '3 3.00EA 30.34+ 97.74 = 6.99 78.24 469.47'
columns: TableColumns(RESET, TAX, O&P)
Format B matched (REMOVE + REPLACE, RESET omitted). Result: {'calc': '3', 'qty': 3.0, 'unit': 'EA', 'item_codes': [], 'reset': None, 'remove': '30.34', 'replace': '97.74', 'tax': '6.99', 'op': '78.24', 'total': '469.47'}

================================================================================
calc_line: '2 2.00EA 7.59+ 785.37 = 136.31 344.44 2,066.67'
columns: TableColumns(RESET, TAX, O&P)
Format B matched (REMOVE + REPLACE, RESET omitted). Result: {'calc': '2', 'qty': 2.0, 'unit': 'EA', 'item_codes': [], 'reset': None, 'remove': '7.59', 'replace': '785.37', 'tax': '136.31', 'op': '344.44', 'total': '2,066.67'}

================================================================================
calc_line: '1 1.00EA 0.00+ 68.25 = 0.00 13.66 81.91'
columns: TableColumns(RESET, TAX, O&P)
Format B matched (REMOVE + REPLACE, RESET omitted). Result: {'calc': '1', 'qty': 1.0, 'unit': 'EA', 'item_codes': [], 'reset': None, 'remove': '0.00', 'replace': '68.25', 'tax': '0.00', 'op': '13.66', 'total': '81.91'}

================================================================================
calc_line: 'C 86.02SF 0.00+ 2.09 = 3.02 36.56 219.36'
columns: TableColumns(RESET, TAX, O&P)
Format B matched (REMOVE + REPLACE, RESET omitted). Result: {'calc': '', 'qty': 86.02, 'unit': 'SF', 'item_codes': [], 'reset': None, 'remove': '0.00', 'replace': '2.09', 'tax': '3.02', 'op': '36.56', 'total': '219.36'}

================================================================================
calc_line: 'W 252.21SF 0.00+ 2.09 = 8.85 107.20 643.17'
columns: TableColumns(RESET, TAX, O&P)
Format B matched (REMOVE + REPLACE, RESET omitted). Result: {'calc': '', 'qty': 252.21, 'unit': 'SF', 'item_codes': [], 'reset': None, 'remove': '0.00', 'replace': '2.09', 'tax': '8.85', 'op': '107.20', 'total': '643.17'}

================================================================================
calc_line: 'PF 16.55LF 0.75+ 10.64 = 11.73 40.04 240.27'
columns: TableColumns(RESET, TAX, O&P)
Format B matched (REMOVE + REPLACE, RESET omitted). Result: {'calc': '', 'qty': 16.55, 'unit': 'LF', 'item_codes': [], 'reset': None, 'remove': '0.75', 'replace': '10.64', 'tax': '11.73', 'op': '40.04', 'total': '240.27'}

================================================================================
calc_line: 'PF 16.55LF 0.00+ 2.92 = 0.56 9.78 58.67'
columns: TableColumns(RESET, TAX, O&P)
Format B matched (REMOVE + REPLACE, RESET omitted). Result: {'calc': '', 'qty': 16.55, 'unit': 'LF', 'item_codes': [], 'reset': None, 'remove': '0.00', 'replace': '2.92', 'tax': '0.56', 'op': '9.78', 'total': '58.67'}

================================================================================
calc_line: 'PF 16.55LF 0.00+ 2.20 = 0.44 7.36 44.21'
columns: TableColumns(RESET, TAX, O&P)
Format B matched (REMOVE + REPLACE, RESET omitted). Result: {'calc': '', 'qty': 16.55, 'unit': 'LF', 'item_codes': [], 'reset': None, 'remove': '0.00', 'replace': '2.20', 'tax': '0.44', 'op': '7.36', 'total': '44.21'}

================================================================================
calc_line: 'F 55.35SF 0.45+ 0.00 = 0.38 5.06 30.35'
columns: TableColumns(RESET, TAX, O&P)
Format B matched (REMOVE + REPLACE, RESET omitted). Result: {'calc': '', 'qty': 55.35, 'unit': 'SF', 'item_codes': [], 'reset': None, 'remove': '0.45', 'replace': '0.00', 'tax': '0.38', 'op': '5.06', 'total': '30.35'}

================================================================================
calc_line: 'F 55.35SF 1.39+ 6.90 = 14.14 94.58 567.58'
columns: TableColumns(RESET, TAX, O&P)
Format B matched (REMOVE + REPLACE, RESET omitted). Result: {'calc': '', 'qty': 55.35, 'unit': 'SF', 'item_codes': [], 'reset': None, 'remove': '1.39', 'replace': '6.90', 'tax': '14.14', 'op': '94.58', 'total': '567.58'}

================================================================================
calc_line: 'F 55.35SF 3.80+ 20.19 = 44.04 274.36 1,646.25'
columns: TableColumns(RESET, TAX, O&P)
Format B matched (REMOVE + REPLACE, RESET omitted). Result: {'calc': '', 'qty': 55.35, 'unit': 'SF', 'item_codes': [], 'reset': None, 'remove': '3.80', 'replace': '20.19', 'tax': '44.04', 'op': '274.36', 'total': '1,646.25'}

================================================================================
calc_line: 'F 55.35SF 2.05+ 7.22 = 12.68 105.16 630.94'
columns: TableColumns(RESET, TAX, O&P)
Format B matched (REMOVE + REPLACE, RESET omitted). Result: {'calc': '', 'qty': 55.35, 'unit': 'SF', 'item_codes': [], 'reset': None, 'remove': '2.05', 'replace': '7.22', 'tax': '12.68', 'op': '105.16', 'total': '630.94'}

================================================================================
calc_line: 'F 55.35SF 0.00+ 2.42 = 1.03 27.00 161.98'
columns: TableColumns(RESET, TAX, O&P)
Format B matched (REMOVE + REPLACE, RESET omitted). Result: {'calc': '', 'qty': 55.35, 'unit': 'SF', 'item_codes': [], 'reset': None, 'remove': '0.00', 'replace': '2.42', 'tax': '1.03', 'op': '27.00', 'total': '161.98'}

================================================================================
calc_line: '4 4.00EA 16.90+ 234.42 = 40.91 209.24 1,255.43'
columns: TableColumns(RESET, TAX, O&P)
Format B matched (REMOVE + REPLACE, RESET omitted). Result: {'calc': '4', 'qty': 4.0, 'unit': 'EA', 'item_codes': [], 'reset': None, 'remove': '16.90', 'replace': '234.42', 'tax': '40.91', 'op': '209.24', 'total': '1,255.43'}

================================================================================
calc_line: '1 1.00EA SEE X3.BUILD'
columns: TableColumns(RESET, TAX, O&P)
SEE pattern matched. Result: {'calc': '1', 'qty': 1.0, 'unit': 'EA', 'item_codes': [], 'reset': None, 'remove': None, 'replace': None, 'tax': None, 'op': None, 'total': '0.00', 'total_note': 'SEE X3.BUILD'}

================================================================================
calc_line: '2 2.00EA 0.00+ 168.02 = 3.62 67.92 407.58'
columns: TableColumns(RESET, TAX, O&P)
Format B matched (REMOVE + REPLACE, RESET omitted). Result: {'calc': '2', 'qty': 2.0, 'unit': 'EA', 'item_codes': [], 'reset': None, 'remove': '0.00', 'replace': '168.02', 'tax': '3.62', 'op': '67.92', 'total': '407.58'}

================================================================================
calc_line: '1 1.00EA 48.07 0.00+ 0.00 = 0.00 9.62 57.69'
columns: TableColumns(RESET, TAX, O&P)
RESET Format A matched (RESET REMOVE + REPLACE). Result: {'calc': '1', 'qty': 1.0, 'unit': 'EA', 'item_codes': [], 'reset': '48.07', 'remove': '0.00', 'replace': '0.00', 'tax': '0.00', 'op': '9.62', 'total': '57.69'}

================================================================================
calc_line: '1 1.00EA 0.00+ 126.05 = 0.11 25.24 151.40'
columns: TableColumns(RESET, TAX, O&P)
Format B matched (REMOVE + REPLACE, RESET omitted). Result: {'calc': '1', 'qty': 1.0, 'unit': 'EA', 'item_codes': [], 'reset': None, 'remove': '0.00', 'replace': '126.05', 'tax': '0.11', 'op': '25.24', 'total': '151.40'}

================================================================================
calc_line: '1 1.00EA 34.34 0.00+ 0.00 = 0.00 6.86 41.20'
columns: TableColumns(RESET, TAX, O&P)
RESET Format A matched (RESET REMOVE + REPLACE). Result: {'calc': '1', 'qty': 1.0, 'unit': 'EA', 'item_codes': [], 'reset': '34.34', 'remove': '0.00', 'replace': '0.00', 'tax': '0.00', 'op': '6.86', 'total': '41.20'}

================================================================================
calc_line: '2 2.00EA 0.00+ 235.96 = 2.20 94.82 568.94'
columns: TableColumns(RESET, TAX, O&P)
Format B matched (REMOVE + REPLACE, RESET omitted). Result: {'calc': '2', 'qty': 2.0, 'unit': 'EA', 'item_codes': [], 'reset': None, 'remove': '0.00', 'replace': '235.96', 'tax': '2.20', 'op': '94.82', 'total': '568.94'}

================================================================================
calc_line: '2 2.00EA 0.00+ 67.23 = 1.60 27.22 163.28'
columns: TableColumns(RESET, TAX, O&P)
Format B matched (REMOVE + REPLACE, RESET omitted). Result: {'calc': '2', 'qty': 2.0, 'unit': 'EA', 'item_codes': [], 'reset': None, 'remove': '0.00', 'replace': '67.23', 'tax': '1.60', 'op': '27.22', 'total': '163.28'}

================================================================================
calc_line: '1 1.00EA 0.00+ 18.17 = 0.12 3.66 21.95'
columns: TableColumns(RESET, TAX, O&P)
Format B matched (REMOVE + REPLACE, RESET omitted). Result: {'calc': '1', 'qty': 1.0, 'unit': 'EA', 'item_codes': [], 'reset': None, 'remove': '0.00', 'replace': '18.17', 'tax': '0.12', 'op': '3.66', 'total': '21.95'}

================================================================================
calc_line: '8'6 8.50LF 11.39+ 342.02 = 236.87 648.18 3,889.04'
columns: TableColumns(RESET, TAX, O&P)
Format B matched (REMOVE + REPLACE, RESET omitted). Result: {'calc': '6', 'qty': 8.5, 'unit': 'LF', 'item_codes': [], 'reset': None, 'remove': '11.39', 'replace': '342.02', 'tax': '236.87', 'op': '648.18', 'total': '3,889.04'}

================================================================================
calc_line: '8'6*2'2+8'6 26.92SF 8.18+ 110.40 = 157.06 669.86 4,019.10'
columns: TableColumns(RESET, TAX, O&P)
Format B matched (REMOVE + REPLACE, RESET omitted). Result: {'calc': '6', 'qty': 26.92, 'unit': 'SF', 'item_codes': [], 'reset': None, 'remove': '8.18', 'replace': '110.40', 'tax': '157.06', 'op': '669.86', 'total': '4,019.10'}

================================================================================
calc_line: '3*3 9.00SF 2.94+ 29.94 = 16.07 62.42 374.41'
columns: TableColumns(RESET, TAX, O&P)
Format B matched (REMOVE + REPLACE, RESET omitted). Result: {'calc': '3*3', 'qty': 9.0, 'unit': 'SF', 'item_codes': [], 'reset': None, 'remove': '2.94', 'replace': '29.94', 'tax': '16.07', 'op': '62.42', 'total': '374.41'}

================================================================================
calc_line: '13'7 13.58LF 11.39+ 327.14 = 351.24 989.70 5,938.18'
columns: TableColumns(RESET, TAX, O&P)
Format B matched (REMOVE + REPLACE, RESET omitted). Result: {'calc': '7', 'qty': 13.58, 'unit': 'LF', 'item_codes': [], 'reset': None, 'remove': '11.39', 'replace': '327.14', 'tax': '351.24', 'op': '989.70', 'total': '5,938.18'}

================================================================================
calc_line: '1 1.00EA 187.63 0.00+ 0.00 = 0.08 37.54 225.25'
columns: TableColumns(RESET, TAX, O&P)
RESET Format A matched (RESET REMOVE + REPLACE). Result: {'calc': '1', 'qty': 1.0, 'unit': 'EA', 'item_codes': [], 'reset': '187.63', 'remove': '0.00', 'replace': '0.00', 'tax': '0.08', 'op': '37.54', 'total': '225.25'}

================================================================================
calc_line: '1 1.00EA 149.84 0.00+ 0.00 = 0.00 29.96 179.80'
columns: TableColumns(RESET, TAX, O&P)
RESET Format A matched (RESET REMOVE + REPLACE). Result: {'calc': '1', 'qty': 1.0, 'unit': 'EA', 'item_codes': [], 'reset': '149.84', 'remove': '0.00', 'replace': '0.00', 'tax': '0.00', 'op': '29.96', 'total': '179.80'}

================================================================================
calc_line: 'C 115.50SF 0.00+ 2.09 = 4.05 49.10 294.55'
columns: TableColumns(RESET, TAX, O&P)
Format B matched (REMOVE + REPLACE, RESET omitted). Result: {'calc': '', 'qty': 115.5, 'unit': 'SF', 'item_codes': [], 'reset': None, 'remove': '0.00', 'replace': '2.09', 'tax': '4.05', 'op': '49.10', 'total': '294.55'}

================================================================================
calc_line: 'W 337.92SF 0.00+ 2.09 = 11.86 143.64 861.75'
columns: TableColumns(RESET, TAX, O&P)
Format B matched (REMOVE + REPLACE, RESET omitted). Result: {'calc': '', 'qty': 337.92, 'unit': 'SF', 'item_codes': [], 'reset': None, 'remove': '0.00', 'replace': '2.09', 'tax': '11.86', 'op': '143.64', 'total': '861.75'}

================================================================================
calc_line: 'PF 16.08LF 0.00+ 2.20 = 0.42 7.16 42.96'
columns: TableColumns(RESET, TAX, O&P)
Format B matched (REMOVE + REPLACE, RESET omitted). Result: {'calc': '', 'qty': 16.08, 'unit': 'LF', 'item_codes': [], 'reset': None, 'remove': '0.00', 'replace': '2.20', 'tax': '0.42', 'op': '7.16', 'total': '42.96'}

================================================================================
calc_line: 'F 76.93SF 0.45+ 0.00 = 0.53 7.02 42.17'
columns: TableColumns(RESET, TAX, O&P)
Format B matched (REMOVE + REPLACE, RESET omitted). Result: {'calc': '', 'qty': 76.93, 'unit': 'SF', 'item_codes': [], 'reset': None, 'remove': '0.45', 'replace': '0.00', 'tax': '0.53', 'op': '7.02', 'total': '42.17'}

================================================================================
calc_line: '2 2.00EA 126.05 0.00+ 0.00 = 0.23 50.46 302.79'
columns: TableColumns(RESET, TAX, O&P)
RESET Format A matched (RESET REMOVE + REPLACE). Result: {'calc': '2', 'qty': 2.0, 'unit': 'EA', 'item_codes': [], 'reset': '126.05', 'remove': '0.00', 'replace': '0.00', 'tax': '0.23', 'op': '50.46', 'total': '302.79'}

================================================================================
calc_line: '2 2.00EA 34.34 0.00+ 0.00 = 0.00 13.74 82.42'
columns: TableColumns(RESET, TAX, O&P)
RESET Format A matched (RESET REMOVE + REPLACE). Result: {'calc': '2', 'qty': 2.0, 'unit': 'EA', 'item_codes': [], 'reset': '34.34', 'remove': '0.00', 'replace': '0.00', 'tax': '0.00', 'op': '13.74', 'total': '82.42'}

================================================================================
calc_line: '4 4.00EA 0.00+ 95.98 = 4.54 77.68 466.14'
columns: TableColumns(RESET, TAX, O&P)
Format B matched (REMOVE + REPLACE, RESET omitted). Result: {'calc': '4', 'qty': 4.0, 'unit': 'EA', 'item_codes': [], 'reset': None, 'remove': '0.00', 'replace': '95.98', 'tax': '4.54', 'op': '77.68', 'total': '466.14'}

================================================================================
calc_line: '4 4.00EA 0.00+ 67.23 = 3.20 54.42 326.54'
columns: TableColumns(RESET, TAX, O&P)
Format B matched (REMOVE + REPLACE, RESET omitted). Result: {'calc': '4', 'qty': 4.0, 'unit': 'EA', 'item_codes': [], 'reset': None, 'remove': '0.00', 'replace': '67.23', 'tax': '3.20', 'op': '54.42', 'total': '326.54'}

================================================================================
calc_line: '1 1.00EA 30.34+ 164.10 = 8.80 40.64 243.88'
columns: TableColumns(RESET, TAX, O&P)
Format B matched (REMOVE + REPLACE, RESET omitted). Result: {'calc': '1', 'qty': 1.0, 'unit': 'EA', 'item_codes': [], 'reset': None, 'remove': '30.34', 'replace': '164.10', 'tax': '8.80', 'op': '40.64', 'total': '243.88'}

================================================================================
calc_line: '1 1.00EA 26.73+ 330.49 = 22.12 75.86 455.20'
columns: TableColumns(RESET, TAX, O&P)
Format B matched (REMOVE + REPLACE, RESET omitted). Result: {'calc': '1', 'qty': 1.0, 'unit': 'EA', 'item_codes': [], 'reset': None, 'remove': '26.73', 'replace': '330.49', 'tax': '22.12', 'op': '75.86', 'total': '455.20'}

================================================================================
calc_line: '60 60.00SF 0.00+ 0.39 = 0.41 4.76 28.57'
columns: TableColumns(RESET, TAX, O&P)
Format B matched (REMOVE + REPLACE, RESET omitted). Result: {'calc': '60', 'qty': 60.0, 'unit': 'SF', 'item_codes': [], 'reset': None, 'remove': '0.00', 'replace': '0.39', 'tax': '0.41', 'op': '4.76', 'total': '28.57'}

================================================================================
calc_line: 'C 255.24SF 0.00+ 2.09 = 8.96 108.50 650.91'
columns: TableColumns(RESET, TAX, O&P)
Format B matched (REMOVE + REPLACE, RESET omitted). Result: {'calc': '', 'qty': 255.24, 'unit': 'SF', 'item_codes': [], 'reset': None, 'remove': '0.00', 'replace': '2.09', 'tax': '8.96', 'op': '108.50', 'total': '650.91'}

================================================================================
calc_line: 'W 720.39SF 0.00+ 2.09 = 25.29 306.18 1,837.09'
columns: TableColumns(RESET, TAX, O&P)
Format B matched (REMOVE + REPLACE, RESET omitted). Result: {'calc': '', 'qty': 720.39, 'unit': 'SF', 'item_codes': [], 'reset': None, 'remove': '0.00', 'replace': '2.09', 'tax': '25.29', 'op': '306.18', 'total': '1,837.09'}

================================================================================
calc_line: 'PF 68.83LF 0.00+ 2.92 = 2.35 40.68 244.01'
columns: TableColumns(RESET, TAX, O&P)
Format B matched (REMOVE + REPLACE, RESET omitted). Result: {'calc': '', 'qty': 68.83, 'unit': 'LF', 'item_codes': [], 'reset': None, 'remove': '0.00', 'replace': '2.92', 'tax': '2.35', 'op': '40.68', 'total': '244.01'}

================================================================================
calc_line: 'PF 68.83LF 0.00+ 2.20 = 1.81 30.64 183.88'
columns: TableColumns(RESET, TAX, O&P)
Format B matched (REMOVE + REPLACE, RESET omitted). Result: {'calc': '', 'qty': 68.83, 'unit': 'LF', 'item_codes': [], 'reset': None, 'remove': '0.00', 'replace': '2.20', 'tax': '1.81', 'op': '30.64', 'total': '183.88'}

================================================================================
calc_line: 'F 254.67SF 0.45+ 0.00 = 1.74 23.26 139.60'
columns: TableColumns(RESET, TAX, O&P)
Format B matched (REMOVE + REPLACE, RESET omitted). Result: {'calc': '', 'qty': 254.67, 'unit': 'SF', 'item_codes': [], 'reset': None, 'remove': '0.45', 'replace': '0.00', 'tax': '1.74', 'op': '23.26', 'total': '139.60'}

================================================================================
calc_line: '1 1.00EA 16.83+ 121.12 = 7.05 29.00 174.00'
columns: TableColumns(RESET, TAX, O&P)
Format B matched (REMOVE + REPLACE, RESET omitted). Result: {'calc': '1', 'qty': 1.0, 'unit': 'EA', 'item_codes': [], 'reset': None, 'remove': '16.83', 'replace': '121.12', 'tax': '7.05', 'op': '29.00', 'total': '174.00'}

================================================================================
calc_line: '7 7.00EA 16.90+ 234.42 = 71.60 366.16 2,197.00'
columns: TableColumns(RESET, TAX, O&P)
Format B matched (REMOVE + REPLACE, RESET omitted). Result: {'calc': '7', 'qty': 7.0, 'unit': 'EA', 'item_codes': [], 'reset': None, 'remove': '16.90', 'replace': '234.42', 'tax': '71.60', 'op': '366.16', 'total': '2,197.00'}

================================================================================
calc_line: '1 1.00EA 16.90+ 300.00 = 11.99 65.78 394.67'
columns: TableColumns(RESET, TAX, O&P)
Format B matched (REMOVE + REPLACE, RESET omitted). Result: {'calc': '1', 'qty': 1.0, 'unit': 'EA', 'item_codes': [], 'reset': None, 'remove': '16.90', 'replace': '300.00', 'tax': '11.99', 'op': '65.78', 'total': '394.67'}

================================================================================
calc_line: '1 1.00EA 0.00+ 126.05 = 0.11 25.24 151.40'
columns: TableColumns(RESET, TAX, O&P)
Format B matched (REMOVE + REPLACE, RESET omitted). Result: {'calc': '1', 'qty': 1.0, 'unit': 'EA', 'item_codes': [], 'reset': None, 'remove': '0.00', 'replace': '126.05', 'tax': '0.11', 'op': '25.24', 'total': '151.40'}

================================================================================
calc_line: '2 2.00EA 0.00+ 118.80 = 1.99 47.92 287.51'
columns: TableColumns(RESET, TAX, O&P)
Format B matched (REMOVE + REPLACE, RESET omitted). Result: {'calc': '2', 'qty': 2.0, 'unit': 'EA', 'item_codes': [], 'reset': None, 'remove': '0.00', 'replace': '118.80', 'tax': '1.99', 'op': '47.92', 'total': '287.51'}

================================================================================
calc_line: '15'11 15.92LF 11.38+ 155.15 = 97.71 549.78 3,298.65'
columns: TableColumns(RESET, TAX, O&P)
Format B matched (REMOVE + REPLACE, RESET omitted). Result: {'calc': '11', 'qty': 15.92, 'unit': 'LF', 'item_codes': [], 'reset': None, 'remove': '11.38', 'replace': '155.15', 'tax': '97.71', 'op': '549.78', 'total': '3,298.65'}

================================================================================
calc_line: '2 2.00HR 0.00+ 116.31 = 0.00 46.52 279.14'
columns: TableColumns(RESET, TAX, O&P)
Format B matched (REMOVE + REPLACE, RESET omitted). Result: {'calc': '2', 'qty': 2.0, 'unit': 'HR', 'item_codes': [], 'reset': None, 'remove': '0.00', 'replace': '116.31', 'tax': '0.00', 'op': '46.52', 'total': '279.14'}

================================================================================
calc_line: '2 2.00EA 0.00+ 44.08 = 0.00 17.64 105.80'
columns: TableColumns(RESET, TAX, O&P)
Format B matched (REMOVE + REPLACE, RESET omitted). Result: {'calc': '2', 'qty': 2.0, 'unit': 'EA', 'item_codes': [], 'reset': None, 'remove': '0.00', 'replace': '44.08', 'tax': '0.00', 'op': '17.64', 'total': '105.80'}

================================================================================
calc_line: '8 8.00EA 0.00+ 118.80 = 7.96 191.68 1,150.04'
columns: TableColumns(RESET, TAX, O&P)
Format B matched (REMOVE + REPLACE, RESET omitted). Result: {'calc': '8', 'qty': 8.0, 'unit': 'EA', 'item_codes': [], 'reset': None, 'remove': '0.00', 'replace': '118.80', 'tax': '7.96', 'op': '191.68', 'total': '1,150.04'}

================================================================================
calc_line: 'C 381.00SF 0.00+ 2.09 = 13.37 161.94 971.60'
columns: TableColumns(RESET, TAX, O&P)
Format B matched (REMOVE + REPLACE, RESET omitted). Result: {'calc': '', 'qty': 381.0, 'unit': 'SF', 'item_codes': [], 'reset': None, 'remove': '0.00', 'replace': '2.09', 'tax': '13.37', 'op': '161.94', 'total': '971.60'}

================================================================================
calc_line: 'W 704.08SF 0.00+ 2.09 = 24.71 299.24 1,795.48'
columns: TableColumns(RESET, TAX, O&P)
Format B matched (REMOVE + REPLACE, RESET omitted). Result: {'calc': '', 'qty': 704.08, 'unit': 'SF', 'item_codes': [], 'reset': None, 'remove': '0.00', 'replace': '2.09', 'tax': '24.71', 'op': '299.24', 'total': '1,795.48'}

================================================================================
calc_line: 'PF 75.00LF 0.00+ 2.92 = 2.56 44.32 265.88'
columns: TableColumns(RESET, TAX, O&P)
Format B matched (REMOVE + REPLACE, RESET omitted). Result: {'calc': '', 'qty': 75.0, 'unit': 'LF', 'item_codes': [], 'reset': None, 'remove': '0.00', 'replace': '2.92', 'tax': '2.56', 'op': '44.32', 'total': '265.88'}

================================================================================
calc_line: 'PF 75.00LF 0.00+ 2.20 = 1.97 33.40 200.37'
columns: TableColumns(RESET, TAX, O&P)
Format B matched (REMOVE + REPLACE, RESET omitted). Result: {'calc': '', 'qty': 75.0, 'unit': 'LF', 'item_codes': [], 'reset': None, 'remove': '0.00', 'replace': '2.20', 'tax': '1.97', 'op': '33.40', 'total': '200.37'}

================================================================================
calc_line: 'F 375.68SF 0.45+ 0.00 = 2.56 34.34 205.96'
columns: TableColumns(RESET, TAX, O&P)
Format B matched (REMOVE + REPLACE, RESET omitted). Result: {'calc': '', 'qty': 375.68, 'unit': 'SF', 'item_codes': [], 'reset': None, 'remove': '0.45', 'replace': '0.00', 'tax': '2.56', 'op': '34.34', 'total': '205.96'}

================================================================================
calc_line: '2 2.00EA 0.00+ 126.05 = 0.23 50.46 302.79'
columns: TableColumns(RESET, TAX, O&P)
Format B matched (REMOVE + REPLACE, RESET omitted). Result: {'calc': '2', 'qty': 2.0, 'unit': 'EA', 'item_codes': [], 'reset': None, 'remove': '0.00', 'replace': '126.05', 'tax': '0.23', 'op': '50.46', 'total': '302.79'}

================================================================================
calc_line: '4 4.00EA 0.00+ 118.80 = 3.98 95.84 575.02'
columns: TableColumns(RESET, TAX, O&P)
Format B matched (REMOVE + REPLACE, RESET omitted). Result: {'calc': '4', 'qty': 4.0, 'unit': 'EA', 'item_codes': [], 'reset': None, 'remove': '0.00', 'replace': '118.80', 'tax': '3.98', 'op': '95.84', 'total': '575.02'}

================================================================================
calc_line: '11 11.00EA 16.90+ 234.42 = 112.52 575.40 3,452.44'
columns: TableColumns(RESET, TAX, O&P)
Format B matched (REMOVE + REPLACE, RESET omitted). Result: {'calc': '11', 'qty': 11.0, 'unit': 'EA', 'item_codes': [], 'reset': None, 'remove': '16.90', 'replace': '234.42', 'tax': '112.52', 'op': '575.40', 'total': '3,452.44'}

================================================================================
calc_line: '1 1.00EA 16.83+ 121.12 = 7.05 29.00 174.00'
columns: TableColumns(RESET, TAX, O&P)
Format B matched (REMOVE + REPLACE, RESET omitted). Result: {'calc': '1', 'qty': 1.0, 'unit': 'EA', 'item_codes': [], 'reset': None, 'remove': '16.83', 'replace': '121.12', 'tax': '7.05', 'op': '29.00', 'total': '174.00'}

================================================================================
calc_line: '3 3.00EA 0.00+ 67.23 = 2.40 40.82 244.91'
columns: TableColumns(RESET, TAX, O&P)
Format B matched (REMOVE + REPLACE, RESET omitted). Result: {'calc': '3', 'qty': 3.0, 'unit': 'EA', 'item_codes': [], 'reset': None, 'remove': '0.00', 'replace': '67.23', 'tax': '2.40', 'op': '40.82', 'total': '244.91'}

================================================================================
calc_line: '1 1.00EA 0.00+ 78.58 = 0.89 15.90 95.37'
columns: TableColumns(RESET, TAX, O&P)
Format B matched (REMOVE + REPLACE, RESET omitted). Result: {'calc': '1', 'qty': 1.0, 'unit': 'EA', 'item_codes': [], 'reset': None, 'remove': '0.00', 'replace': '78.58', 'tax': '0.89', 'op': '15.90', 'total': '95.37'}

================================================================================
calc_line: 'LL1 6.08LF 11.38+ 155.15 = 37.32 209.96 1,259.78'
columns: TableColumns(RESET, TAX, O&P)
Format B matched (REMOVE + REPLACE, RESET omitted). Result: {'calc': '1', 'qty': 6.08, 'unit': 'LF', 'item_codes': [], 'reset': None, 'remove': '11.38', 'replace': '155.15', 'tax': '37.32', 'op': '209.96', 'total': '1,259.78'}

================================================================================
calc_line: 'C 409.48SF 0.00+ 1.96 = 2.79 161.08 966.45'
columns: TableColumns(RESET, TAX, O&P)
Format B matched (REMOVE + REPLACE, RESET omitted). Result: {'calc': '', 'qty': 409.48, 'unit': 'SF', 'item_codes': [], 'reset': None, 'remove': '0.00', 'replace': '1.96', 'tax': '2.79', 'op': '161.08', 'total': '966.45'}

================================================================================
calc_line: 'C 409.48SF 0.00+ 2.01 = 17.17 168.06 1,008.28'
columns: TableColumns(RESET, TAX, O&P)
Format B matched (REMOVE + REPLACE, RESET omitted). Result: {'calc': '', 'qty': 409.48, 'unit': 'SF', 'item_codes': [], 'reset': None, 'remove': '0.00', 'replace': '2.01', 'tax': '17.17', 'op': '168.06', 'total': '1,008.28'}

================================================================================
calc_line: 'W 604.35SF 0.00+ 2.09 = 21.21 256.86 1,541.16'
columns: TableColumns(RESET, TAX, O&P)
Format B matched (REMOVE + REPLACE, RESET omitted). Result: {'calc': '', 'qty': 604.35, 'unit': 'SF', 'item_codes': [], 'reset': None, 'remove': '0.00', 'replace': '2.09', 'tax': '21.21', 'op': '256.86', 'total': '1,541.16'}

================================================================================
calc_line: 'PF 60.03LF 0.00+ 2.20 = 1.58 26.74 160.39'
columns: TableColumns(RESET, TAX, O&P)
Format B matched (REMOVE + REPLACE, RESET omitted). Result: {'calc': '', 'qty': 60.03, 'unit': 'LF', 'item_codes': [], 'reset': None, 'remove': '0.00', 'replace': '2.20', 'tax': '1.58', 'op': '26.74', 'total': '160.39'}

================================================================================
calc_line: 'F 409.48SF 0.45+ 0.00 = 2.79 37.42 224.48'
columns: TableColumns(RESET, TAX, O&P)
Format B matched (REMOVE + REPLACE, RESET omitted). Result: {'calc': '', 'qty': 409.48, 'unit': 'SF', 'item_codes': [], 'reset': None, 'remove': '0.45', 'replace': '0.00', 'tax': '2.79', 'op': '37.42', 'total': '224.48'}

================================================================================
calc_line: 'F 409.48SF 0.00+ 1.43 = 30.74 123.26 739.56'
columns: TableColumns(RESET, TAX, O&P)
Format B matched (REMOVE + REPLACE, RESET omitted). Result: {'calc': '', 'qty': 409.48, 'unit': 'SF', 'item_codes': [], 'reset': None, 'remove': '0.00', 'replace': '1.43', 'tax': '30.74', 'op': '123.26', 'total': '739.56'}

================================================================================
calc_line: '1 1.00EA [*E] 0.00+ 9,000.00 = 0.00 1,800.00 10,800.00'
columns: TableColumns(RESET, TAX, O&P)
Format B matched (REMOVE + REPLACE, RESET omitted). Result: {'calc': '1', 'qty': 1.0, 'unit': 'EA', 'item_codes': ['*', 'E'], 'reset': None, 'remove': '0.00', 'replace': '9,000.00', 'tax': '0.00', 'op': '1,800.00', 'total': '10,800.00'}

================================================================================
calc_line: '1 1.00EA SEE X3.BUILD'
columns: TableColumns(RESET, TAX, O&P)
SEE pattern matched. Result: {'calc': '1', 'qty': 1.0, 'unit': 'EA', 'item_codes': [], 'reset': None, 'remove': None, 'replace': None, 'tax': None, 'op': None, 'total': '0.00', 'total_note': 'SEE X3.BUILD'}

================================================================================
calc_line: '5 5.00EA SEE X3.BUILD'
columns: TableColumns(RESET, TAX, O&P)
SEE pattern matched. Result: {'calc': '5', 'qty': 5.0, 'unit': 'EA', 'item_codes': [], 'reset': None, 'remove': None, 'replace': None, 'tax': None, 'op': None, 'total': '0.00', 'total_note': 'SEE X3.BUILD'}

================================================================================
calc_line: '10 10.00LF SEE X3.BUILD'
columns: TableColumns(RESET, TAX, O&P)
SEE pattern matched. Result: {'calc': '10', 'qty': 10.0, 'unit': 'LF', 'item_codes': [], 'reset': None, 'remove': None, 'replace': None, 'tax': None, 'op': None, 'total': '0.00', 'total_note': 'SEE X3.BUILD'}

================================================================================
calc_line: '1 1.00EA SEE X3.BUILD'
columns: TableColumns(RESET, TAX, O&P)
SEE pattern matched. Result: {'calc': '1', 'qty': 1.0, 'unit': 'EA', 'item_codes': [], 'reset': None, 'remove': None, 'replace': None, 'tax': None, 'op': None, 'total': '0.00', 'total_note': 'SEE X3.BUILD'}

================================================================================
calc_line: '1 1.00EA SEE X3.BUILD'
columns: TableColumns(RESET, TAX, O&P)
SEE pattern matched. Result: {'calc': '1', 'qty': 1.0, 'unit': 'EA', 'item_codes': [], 'reset': None, 'remove': None, 'replace': None, 'tax': None, 'op': None, 'total': '0.00', 'total_note': 'SEE X3.BUILD'}

================================================================================
calc_line: '4 4.00EA 21.14+ 171.72 = 38.17 161.94 971.55'
columns: TableColumns(RESET, TAX, O&P)
Format B matched (REMOVE + REPLACE, RESET omitted). Result: {'calc': '4', 'qty': 4.0, 'unit': 'EA', 'item_codes': [], 'reset': None, 'remove': '21.14', 'replace': '171.72', 'tax': '38.17', 'op': '161.94', 'total': '971.55'}

================================================================================
calc_line: '1 1.00EA 0.00+ 105.29 = 6.36 22.34 133.99'
columns: TableColumns(RESET, TAX, O&P)
Format B matched (REMOVE + REPLACE, RESET omitted). Result: {'calc': '1', 'qty': 1.0, 'unit': 'EA', 'item_codes': [], 'reset': None, 'remove': '0.00', 'replace': '105.29', 'tax': '6.36', 'op': '22.34', 'total': '133.99'}

================================================================================
calc_line: '2 2.00EA 0.00+ 118.80 = 1.99 47.92 287.51'
columns: TableColumns(RESET, TAX, O&P)
Format B matched (REMOVE + REPLACE, RESET omitted). Result: {'calc': '2', 'qty': 2.0, 'unit': 'EA', 'item_codes': [], 'reset': None, 'remove': '0.00', 'replace': '118.80', 'tax': '1.99', 'op': '47.92', 'total': '287.51'}

================================================================================
calc_line: '2 2.00EA 0.00+ 85.92 = 0.26 34.42 206.52'
columns: TableColumns(RESET, TAX, O&P)
Format B matched (REMOVE + REPLACE, RESET omitted). Result: {'calc': '2', 'qty': 2.0, 'unit': 'EA', 'item_codes': [], 'reset': None, 'remove': '0.00', 'replace': '85.92', 'tax': '0.26', 'op': '34.42', 'total': '206.52'}

================================================================================
calc_line: '1 1.00EA 12.64+ 196.48 = 7.84 43.38 260.34'
columns: TableColumns(RESET, TAX, O&P)
Format B matched (REMOVE + REPLACE, RESET omitted). Result: {'calc': '1', 'qty': 1.0, 'unit': 'EA', 'item_codes': [], 'reset': None, 'remove': '12.64', 'replace': '196.48', 'tax': '7.84', 'op': '43.38', 'total': '260.34'}

================================================================================
calc_line: 'C 862.00SF 0.59+ 2.59 = 142.88 576.82 3,460.86'
columns: TableColumns(RESET, TAX, O&P)
Format B matched (REMOVE + REPLACE, RESET omitted). Result: {'calc': '', 'qty': 862.0, 'unit': 'SF', 'item_codes': [], 'reset': None, 'remove': '0.59', 'replace': '2.59', 'tax': '142.88', 'op': '576.82', 'total': '3,460.86'}

================================================================================
calc_line: 'C 862.00SF 0.00+ 0.66 = 0.00 113.78 682.70'
columns: TableColumns(RESET, TAX, O&P)
Format B matched (REMOVE + REPLACE, RESET omitted). Result: {'calc': '', 'qty': 862.0, 'unit': 'SF', 'item_codes': [], 'reset': None, 'remove': '0.00', 'replace': '0.66', 'tax': '0.00', 'op': '113.78', 'total': '682.70'}

================================================================================
calc_line: '1 1.00EA 22.76+ 1,167.67 = 79.94 254.08 1,524.45'
columns: TableColumns(RESET, TAX, O&P)
Format B matched (REMOVE + REPLACE, RESET omitted). Result: {'calc': '1', 'qty': 1.0, 'unit': 'EA', 'item_codes': [], 'reset': None, 'remove': '22.76', 'replace': '1,167.67', 'tax': '79.94', 'op': '254.08', 'total': '1,524.45'}

================================================================================
calc_line: '2 2.00EA 7.59+ 468.37 = 74.49 205.28 1,231.69'
columns: TableColumns(RESET, TAX, O&P)
Format B matched (REMOVE + REPLACE, RESET omitted). Result: {'calc': '2', 'qty': 2.0, 'unit': 'EA', 'item_codes': [], 'reset': None, 'remove': '7.59', 'replace': '468.37', 'tax': '74.49', 'op': '205.28', 'total': '1,231.69'}

================================================================================
calc_line: '7 7.00EA 75.86+ 683.25 = 273.00 1,117.36 6,704.13'
columns: TableColumns(RESET, TAX, O&P)
Format B matched (REMOVE + REPLACE, RESET omitted). Result: {'calc': '7', 'qty': 7.0, 'unit': 'EA', 'item_codes': [], 'reset': None, 'remove': '75.86', 'replace': '683.25', 'tax': '273.00', 'op': '1,117.36', 'total': '6,704.13'}

================================================================================
calc_line: '24 24.00EA 16.90+ 234.42 = 245.49 1,255.44 7,532.61'
columns: TableColumns(RESET, TAX, O&P)
Format B matched (REMOVE + REPLACE, RESET omitted). Result: {'calc': '24', 'qty': 24.0, 'unit': 'EA', 'item_codes': [], 'reset': None, 'remove': '16.90', 'replace': '234.42', 'tax': '245.49', 'op': '1,255.44', 'total': '7,532.61'}

================================================================================
calc_line: '11 11.00EA 19.03+ 208.50 = 117.98 524.16 3,144.97'
columns: TableColumns(RESET, TAX, O&P)
Format B matched (REMOVE + REPLACE, RESET omitted). Result: {'calc': '11', 'qty': 11.0, 'unit': 'EA', 'item_codes': [], 'reset': None, 'remove': '19.03', 'replace': '208.50', 'tax': '117.98', 'op': '524.16', 'total': '3,144.97'}

================================================================================
calc_line: '16 16.00EA 21.14+ 272.28 = 248.01 988.54 5,931.27'
columns: TableColumns(RESET, TAX, O&P)
Format B matched (REMOVE + REPLACE, RESET omitted). Result: {'calc': '16', 'qty': 16.0, 'unit': 'EA', 'item_codes': [], 'reset': None, 'remove': '21.14', 'replace': '272.28', 'tax': '248.01', 'op': '988.54', 'total': '5,931.27'}

================================================================================
calc_line: '1 1.00EA 21.14+ 195.31 = 4.65 44.22 265.32'
columns: TableColumns(RESET, TAX, O&P)
Format B matched (REMOVE + REPLACE, RESET omitted). Result: {'calc': '1', 'qty': 1.0, 'unit': 'EA', 'item_codes': [], 'reset': None, 'remove': '21.14', 'replace': '195.31', 'tax': '4.65', 'op': '44.22', 'total': '265.32'}

================================================================================
calc_line: '2 2.00EA 0.00+ 10.99 = 2.14 4.82 28.94'
columns: TableColumns(RESET, TAX, O&P)
Format B matched (REMOVE + REPLACE, RESET omitted). Result: {'calc': '2', 'qty': 2.0, 'unit': 'EA', 'item_codes': [], 'reset': None, 'remove': '0.00', 'replace': '10.99', 'tax': '2.14', 'op': '4.82', 'total': '28.94'}

================================================================================
calc_line: '35+11*2 57.00EA 0.00+ 8.40 = 46.68 105.10 630.58'
columns: TableColumns(RESET, TAX, O&P)
Format B matched (REMOVE + REPLACE, RESET omitted). Result: {'calc': '35+11*2', 'qty': 57.0, 'unit': 'EA', 'item_codes': [], 'reset': None, 'remove': '0.00', 'replace': '8.40', 'tax': '46.68', 'op': '105.10', 'total': '630.58'}

================================================================================
calc_line: '16 16.00EA 0.00+ 5.23 = 8.16 18.38 110.22'
columns: TableColumns(RESET, TAX, O&P)
Format B matched (REMOVE + REPLACE, RESET omitted). Result: {'calc': '16', 'qty': 16.0, 'unit': 'EA', 'item_codes': [], 'reset': None, 'remove': '0.00', 'replace': '5.23', 'tax': '8.16', 'op': '18.38', 'total': '110.22'}

================================================================================
calc_line: '17+14 31.00LF 1.37+ 338.62 = 453.59 2,198.66 13,191.94'
columns: TableColumns(RESET, TAX, O&P)
Format B matched (REMOVE + REPLACE, RESET omitted). Result: {'calc': '17+14', 'qty': 31.0, 'unit': 'LF', 'item_codes': [], 'reset': None, 'remove': '1.37', 'replace': '338.62', 'tax': '453.59', 'op': '2,198.66', 'total': '13,191.94'}

================================================================================
calc_line: '2 2.00EA 0.00+ 753.29 = 106.47 322.62 1,935.67'
columns: TableColumns(RESET, TAX, O&P)
Format B matched (REMOVE + REPLACE, RESET omitted). Result: {'calc': '2', 'qty': 2.0, 'unit': 'EA', 'item_codes': [], 'reset': None, 'remove': '0.00', 'replace': '753.29', 'tax': '106.47', 'op': '322.62', 'total': '1,935.67'}

================================================================================
calc_line: '43 43.00SQ SEE X3.BUILD'
columns: TableColumns(RESET, TAX, O&P)
SEE pattern matched. Result: {'calc': '43', 'qty': 43.0, 'unit': 'SQ', 'item_codes': [], 'reset': None, 'remove': None, 'replace': None, 'tax': None, 'op': None, 'total': '0.00', 'total_note': 'SEE X3.BUILD'}

================================================================================
calc_line: '300 300.00LF SEE X3.BUILD'
columns: TableColumns(RESET, TAX, O&P)
SEE pattern matched. Result: {'calc': '300', 'qty': 300.0, 'unit': 'LF', 'item_codes': [], 'reset': None, 'remove': None, 'replace': None, 'tax': None, 'op': None, 'total': '0.00', 'total_note': 'SEE X3.BUILD'}

================================================================================
calc_line: '1 1.00EA [*E] 0.00+ 32,000.00 = 0.00 6,400.00 38,400.00'
columns: TableColumns(RESET, TAX, O&P)
Format B matched (REMOVE + REPLACE, RESET omitted). Result: {'calc': '1', 'qty': 1.0, 'unit': 'EA', 'item_codes': ['*', 'E'], 'reset': None, 'remove': '0.00', 'replace': '32,000.00', 'tax': '0.00', 'op': '6,400.00', 'total': '38,400.00'}

================================================================================
calc_line: '4300 4300.00SF SEE X3.BUILD'
columns: TableColumns(RESET, TAX, O&P)
SEE pattern matched. Result: {'calc': '4300', 'qty': 4300.0, 'unit': 'SF', 'item_codes': [], 'reset': None, 'remove': None, 'replace': None, 'tax': None, 'op': None, 'total': '0.00', 'total_note': 'SEE X3.BUILD'}

================================================================================
calc_line: '4300 4300.00SF SEE X3.BUILD'
columns: TableColumns(RESET, TAX, O&P)
SEE pattern matched. Result: {'calc': '4300', 'qty': 4300.0, 'unit': 'SF', 'item_codes': [], 'reset': None, 'remove': None, 'replace': None, 'tax': None, 'op': None, 'total': '0.00', 'total_note': 'SEE X3.BUILD'}

================================================================================
calc_line: '300 300.00LF SEE X3.BUILD'
columns: TableColumns(RESET, TAX, O&P)
SEE pattern matched. Result: {'calc': '300', 'qty': 300.0, 'unit': 'LF', 'item_codes': [], 'reset': None, 'remove': None, 'replace': None, 'tax': None, 'op': None, 'total': '0.00', 'total_note': 'SEE X3.BUILD'}

================================================================================
calc_line: '20 20.00LF SEE X3.BUILD'
columns: TableColumns(RESET, TAX, O&P)
SEE pattern matched. Result: {'calc': '20', 'qty': 20.0, 'unit': 'LF', 'item_codes': [], 'reset': None, 'remove': None, 'replace': None, 'tax': None, 'op': None, 'total': '0.00', 'total_note': 'SEE X3.BUILD'}

================================================================================
calc_line: '20 20.00LF SEE X3.BUILD'
columns: TableColumns(RESET, TAX, O&P)
SEE pattern matched. Result: {'calc': '20', 'qty': 20.0, 'unit': 'LF', 'item_codes': [], 'reset': None, 'remove': None, 'replace': None, 'tax': None, 'op': None, 'total': '0.00', 'total_note': 'SEE X3.BUILD'}

================================================================================
calc_line: '285*2+150 720.00SF SEE X3.BUILD'
columns: TableColumns(RESET, TAX, O&P)
SEE pattern matched. Result: {'calc': '285*2+150', 'qty': 720.0, 'unit': 'SF', 'item_codes': [], 'reset': None, 'remove': None, 'replace': None, 'tax': None, 'op': None, 'total': '0.00', 'total_note': 'SEE X3.BUILD'}

================================================================================
calc_line: '720 720.00SF SEE X3.BUILD'
columns: TableColumns(RESET, TAX, O&P)
SEE pattern matched. Result: {'calc': '720', 'qty': 720.0, 'unit': 'SF', 'item_codes': [], 'reset': None, 'remove': None, 'replace': None, 'tax': None, 'op': None, 'total': '0.00', 'total_note': 'SEE X3.BUILD'}

================================================================================
calc_line: '720 720.00SF SEE X3.BUILD'
columns: TableColumns(RESET, TAX, O&P)
SEE pattern matched. Result: {'calc': '720', 'qty': 720.0, 'unit': 'SF', 'item_codes': [], 'reset': None, 'remove': None, 'replace': None, 'tax': None, 'op': None, 'total': '0.00', 'total_note': 'SEE X3.BUILD'}

================================================================================
calc_line: '720 720.00SF SEE X3.BUILD'
columns: TableColumns(RESET, TAX, O&P)
SEE pattern matched. Result: {'calc': '720', 'qty': 720.0, 'unit': 'SF', 'item_codes': [], 'reset': None, 'remove': None, 'replace': None, 'tax': None, 'op': None, 'total': '0.00', 'total_note': 'SEE X3.BUILD'}

================================================================================
calc_line: '300 300.00LF SEE X3.BUILD'
columns: TableColumns(RESET, TAX, O&P)
SEE pattern matched. Result: {'calc': '300', 'qty': 300.0, 'unit': 'LF', 'item_codes': [], 'reset': None, 'remove': None, 'replace': None, 'tax': None, 'op': None, 'total': '0.00', 'total_note': 'SEE X3.BUILD'}

================================================================================
calc_line: '300 300.00LF SEE X3.BUILD'
columns: TableColumns(RESET, TAX, O&P)
SEE pattern matched. Result: {'calc': '300', 'qty': 300.0, 'unit': 'LF', 'item_codes': [], 'reset': None, 'remove': None, 'replace': None, 'tax': None, 'op': None, 'total': '0.00', 'total_note': 'SEE X3.BUILD'}

================================================================================
calc_line: '1 1.00EA [*E] 0.00+ 42,000.00 = 0.00 8,400.00 50,400.00'
columns: TableColumns(RESET, TAX, O&P)
Format B matched (REMOVE + REPLACE, RESET omitted). Result: {'calc': '1', 'qty': 1.0, 'unit': 'EA', 'item_codes': ['*', 'E'], 'reset': None, 'remove': '0.00', 'replace': '42,000.00', 'tax': '0.00', 'op': '8,400.00', 'total': '50,400.00'}

================================================================================
calc_line: '600+300 900.00SF SEE X3.BUILD'
columns: TableColumns(RESET, TAX, O&P)
SEE pattern matched. Result: {'calc': '600+300', 'qty': 900.0, 'unit': 'SF', 'item_codes': [], 'reset': None, 'remove': None, 'replace': None, 'tax': None, 'op': None, 'total': '0.00', 'total_note': 'SEE X3.BUILD'}

================================================================================
calc_line: '400 400.00LF SEE X3.BUILD'
columns: TableColumns(RESET, TAX, O&P)
SEE pattern matched. Result: {'calc': '400', 'qty': 400.0, 'unit': 'LF', 'item_codes': [], 'reset': None, 'remove': None, 'replace': None, 'tax': None, 'op': None, 'total': '0.00', 'total_note': 'SEE X3.BUILD'}

================================================================================
calc_line: 'W 3195.78SF SEE X3.BUILD'
columns: TableColumns(RESET, TAX, O&P)
SEE pattern matched. Result: {'calc': '', 'qty': 3195.78, 'unit': 'SF', 'item_codes': [], 'reset': None, 'remove': None, 'replace': None, 'tax': None, 'op': None, 'total': '0.00', 'total_note': 'SEE X3.BUILD'}

================================================================================
calc_line: '300*5 1500.00SF SEE X3.BUILD'
columns: TableColumns(RESET, TAX, O&P)
SEE pattern matched. Result: {'calc': '300*5', 'qty': 1500.0, 'unit': 'SF', 'item_codes': [], 'reset': None, 'remove': None, 'replace': None, 'tax': None, 'op': None, 'total': '0.00', 'total_note': 'SEE X3.BUILD'}

================================================================================
calc_line: 'W 3195.78SF SEE X3.BUILD'
columns: TableColumns(RESET, TAX, O&P)
SEE pattern matched. Result: {'calc': '', 'qty': 3195.78, 'unit': 'SF', 'item_codes': [], 'reset': None, 'remove': None, 'replace': None, 'tax': None, 'op': None, 'total': '0.00', 'total_note': 'SEE X3.BUILD'}

================================================================================
calc_line: 'W 3195.78SF SEE X3.BUILD'
columns: TableColumns(RESET, TAX, O&P)
SEE pattern matched. Result: {'calc': '', 'qty': 3195.78, 'unit': 'SF', 'item_codes': [], 'reset': None, 'remove': None, 'replace': None, 'tax': None, 'op': None, 'total': '0.00', 'total_note': 'SEE X3.BUILD'}

================================================================================
calc_line: '1 1.00EA [*E] 0.00+ 22,100.00 = 0.00 4,420.00 26,520.00'
columns: TableColumns(RESET, TAX, O&P)
Format B matched (REMOVE + REPLACE, RESET omitted). Result: {'calc': '1', 'qty': 1.0, 'unit': 'EA', 'item_codes': ['*', 'E'], 'reset': None, 'remove': '0.00', 'replace': '22,100.00', 'tax': '0.00', 'op': '4,420.00', 'total': '26,520.00'}

================================================================================
calc_line: '1 1.00EA [*E] 0.00+ 59,000.00 = 0.00 11,800.00 70,800.00'
columns: TableColumns(RESET, TAX, O&P)
Format B matched (REMOVE + REPLACE, RESET omitted). Result: {'calc': '1', 'qty': 1.0, 'unit': 'EA', 'item_codes': ['*', 'E'], 'reset': None, 'remove': '0.00', 'replace': '59,000.00', 'tax': '0.00', 'op': '11,800.00', 'total': '70,800.00'}

================================================================================
calc_line: '150 150.00SF 0.00+ 0.27 = 0.15 8.14 48.79'
columns: TableColumns(RESET, TAX, O&P)
Format B matched (REMOVE + REPLACE, RESET omitted). Result: {'calc': '150', 'qty': 150.0, 'unit': 'SF', 'item_codes': [], 'reset': None, 'remove': '0.00', 'replace': '0.27', 'tax': '0.15', 'op': '8.14', 'total': '48.79'}

================================================================================
calc_line: '(13'10*21'3*2)-117 470.92SF 0.00+ 2.06 = 9.64 195.94 1,175.68'
columns: TableColumns(RESET, TAX, O&P)
Format B matched (REMOVE + REPLACE, RESET omitted). Result: {'calc': '-117', 'qty': 470.92, 'unit': 'SF', 'item_codes': [], 'reset': None, 'remove': '0.00', 'replace': '2.06', 'tax': '9.64', 'op': '195.94', 'total': '1,175.68'}

================================================================================
calc_line: '150 150.00SF 0.00+ 0.15 = 0.00 4.50 27.00'
columns: TableColumns(RESET, TAX, O&P)
Format B matched (REMOVE + REPLACE, RESET omitted). Result: {'calc': '150', 'qty': 150.0, 'unit': 'SF', 'item_codes': [], 'reset': None, 'remove': '0.00', 'replace': '0.15', 'tax': '0.00', 'op': '4.50', 'total': '27.00'}

================================================================================
calc_line: '470.92 470.92SF 0.00+ 10.55 = 66.58 1,006.96 6,041.75'
columns: TableColumns(RESET, TAX, O&P)
Format B matched (REMOVE + REPLACE, RESET omitted). Result: {'calc': '470.92', 'qty': 470.92, 'unit': 'SF', 'item_codes': [], 'reset': None, 'remove': '0.00', 'replace': '10.55', 'tax': '66.58', 'op': '1,006.96', 'total': '6,041.75'}

================================================================================
calc_line: '470.92 470.92SF 0.00+ 2.33 = 16.53 222.74 1,336.51'
columns: TableColumns(RESET, TAX, O&P)
Format B matched (REMOVE + REPLACE, RESET omitted). Result: {'calc': '470.92', 'qty': 470.92, 'unit': 'SF', 'item_codes': [], 'reset': None, 'remove': '0.00', 'replace': '2.33', 'tax': '16.53', 'op': '222.74', 'total': '1,336.51'}

================================================================================
calc_line: '(357-(44.75+4'6))- 181.75SF 3.80+ 15.40 = 166.04 731.14 4,386.78'
columns: TableColumns(RESET, TAX, O&P)
Format B matched (REMOVE + REPLACE, RESET omitted). Result: {'calc': '-', 'qty': 181.75, 'unit': 'SF', 'item_codes': [], 'reset': None, 'remove': '3.80', 'replace': '15.40', 'tax': '166.04', 'op': '731.14', 'total': '4,386.78'}

================================================================================
calc_line: '17*7 119.00SF 3.80+ 37.00 = 0.00 971.04 5,826.24'
columns: TableColumns(RESET, TAX, O&P)
Format B matched (REMOVE + REPLACE, RESET omitted). Result: {'calc': '17*7', 'qty': 119.0, 'unit': 'SF', 'item_codes': [], 'reset': None, 'remove': '3.80', 'replace': '37.00', 'tax': '0.00', 'op': '971.04', 'total': '5,826.24'}

================================================================================
calc_line: '7'8*31'8 242.78SF 3.80+ 15.40 = 221.80 976.64 5,859.81'
columns: TableColumns(RESET, TAX, O&P)
Format B matched (REMOVE + REPLACE, RESET omitted). Result: {'calc': '8', 'qty': 242.78, 'unit': 'SF', 'item_codes': [], 'reset': None, 'remove': '3.80', 'replace': '15.40', 'tax': '221.80', 'op': '976.64', 'total': '5,859.81'}

================================================================================
calc_line: '1 1.00EA [EN] 0.00+ 0.00 = 0.00 0.00 0.00'
columns: TableColumns(RESET, TAX, O&P)
Format B matched (REMOVE + REPLACE, RESET omitted). Result: {'calc': '1', 'qty': 1.0, 'unit': 'EA', 'item_codes': ['E', 'N'], 'reset': None, 'remove': '0.00', 'replace': '0.00', 'tax': '0.00', 'op': '0.00', 'total': '0.00'}

================================================================================
calc_line: '1156 1156.00SF 3.80+ 20.19 = 919.71 5,730.42 34,382.57'
columns: TableColumns(RESET, TAX, O&P)
Format B matched (REMOVE + REPLACE, RESET omitted). Result: {'calc': '1156', 'qty': 1156.0, 'unit': 'SF', 'item_codes': [], 'reset': None, 'remove': '3.80', 'replace': '20.19', 'tax': '919.71', 'op': '5,730.42', 'total': '34,382.57'}

================================================================================
calc_line: '1156 1156.00SF 2.05+ 7.22 = 264.87 2,196.20 13,177.19'
columns: TableColumns(RESET, TAX, O&P)
Format B matched (REMOVE + REPLACE, RESET omitted). Result: {'calc': '1156', 'qty': 1156.0, 'unit': 'SF', 'item_codes': [], 'reset': None, 'remove': '2.05', 'replace': '7.22', 'tax': '264.87', 'op': '2,196.20', 'total': '13,177.19'}

================================================================================
calc_line: '1156 1156.00SF 0.00+ 6.90 = 295.30 1,654.34 9,926.04'
columns: TableColumns(RESET, TAX, O&P)
Format B matched (REMOVE + REPLACE, RESET omitted). Result: {'calc': '1156', 'qty': 1156.0, 'unit': 'SF', 'item_codes': [], 'reset': None, 'remove': '0.00', 'replace': '6.90', 'tax': '295.30', 'op': '1,654.34', 'total': '9,926.04'}

================================================================================
calc_line: '1156 1156.00SF 0.00+ 2.42 = 21.41 563.78 3,382.71'
columns: TableColumns(RESET, TAX, O&P)
Format B matched (REMOVE + REPLACE, RESET omitted). Result: {'calc': '1156', 'qty': 1156.0, 'unit': 'SF', 'item_codes': [], 'reset': None, 'remove': '0.00', 'replace': '2.42', 'tax': '21.41', 'op': '563.78', 'total': '3,382.71'}

================================================================================
calc_line: '12 12.00HR 0.00+ 170.74 = 0.00 409.78 2,458.66'
columns: TableColumns(RESET, TAX, O&P)
Format B matched (REMOVE + REPLACE, RESET omitted). Result: {'calc': '12', 'qty': 12.0, 'unit': 'HR', 'item_codes': [], 'reset': None, 'remove': '0.00', 'replace': '170.74', 'tax': '0.00', 'op': '409.78', 'total': '2,458.66'}

================================================================================
calc_line: '6 6.00EA 11.38+ 49.06 = 4.88 73.52 441.04'
columns: TableColumns(RESET, TAX, O&P)
Format B matched (REMOVE + REPLACE, RESET omitted). Result: {'calc': '6', 'qty': 6.0, 'unit': 'EA', 'item_codes': [], 'reset': None, 'remove': '11.38', 'replace': '49.06', 'tax': '4.88', 'op': '73.52', 'total': '441.04'}

================================================================================
calc_line: '33.75 33.75SF 4.01+ 21.64 = 18.92 176.92 1,061.53'
columns: TableColumns(RESET, TAX, O&P)
Format B matched (REMOVE + REPLACE, RESET omitted). Result: {'calc': '33.75', 'qty': 33.75, 'unit': 'SF', 'item_codes': [], 'reset': None, 'remove': '4.01', 'replace': '21.64', 'tax': '18.92', 'op': '176.92', 'total': '1,061.53'}

================================================================================
calc_line: '11*11+5*6+(4*4*3) 283.00SF SEE X3.BUILD'
columns: TableColumns(RESET, TAX, O&P)
SEE pattern matched. Result: {'calc': '', 'qty': 283.0, 'unit': 'SF', 'item_codes': [], 'reset': None, 'remove': None, 'replace': None, 'tax': None, 'op': None, 'total': '0.00', 'total_note': 'SEE X3.BUILD'}

================================================================================
calc_line: '283 283.00SF SEE X3.BUILD'
columns: TableColumns(RESET, TAX, O&P)
SEE pattern matched. Result: {'calc': '283', 'qty': 283.0, 'unit': 'SF', 'item_codes': [], 'reset': None, 'remove': None, 'replace': None, 'tax': None, 'op': None, 'total': '0.00', 'total_note': 'SEE X3.BUILD'}

================================================================================
calc_line: '283 283.00SF SEE X3.BUILD'
columns: TableColumns(RESET, TAX, O&P)
SEE pattern matched. Result: {'calc': '283', 'qty': 283.0, 'unit': 'SF', 'item_codes': [], 'reset': None, 'remove': None, 'replace': None, 'tax': None, 'op': None, 'total': '0.00', 'total_note': 'SEE X3.BUILD'}

================================================================================
calc_line: '24 24.00HR [*] SEE X3.BUILD'
columns: TableColumns(RESET, TAX, O&P)
SEE pattern matched. Result: {'calc': '24', 'qty': 24.0, 'unit': 'HR', 'item_codes': ['*'], 'reset': None, 'remove': None, 'replace': None, 'tax': None, 'op': None, 'total': '0.00', 'total_note': 'SEE X3.BUILD'}

================================================================================
calc_line: '8+13'10+57'3+50'1 129.17LF SEE X3.BUILD'
columns: TableColumns(RESET, TAX, O&P)
SEE pattern matched. Result: {'calc': '1', 'qty': 129.17, 'unit': 'LF', 'item_codes': [], 'reset': None, 'remove': None, 'replace': None, 'tax': None, 'op': None, 'total': '0.00', 'total_note': 'SEE X3.BUILD'}

================================================================================
calc_line: '1 1.00EA [*EN] 0.00+ 22,000.00 = 0.00 0.00 22,000.00'
columns: TableColumns(RESET, TAX, O&P)
Format B matched (REMOVE + REPLACE, RESET omitted). Result: {'calc': '1', 'qty': 1.0, 'unit': 'EA', 'item_codes': ['*', 'E', 'N'], 'reset': None, 'remove': '0.00', 'replace': '22,000.00', 'tax': '0.00', 'op': '0.00', 'total': '22,000.00'}

================================================================================
calc_line: '1 1.00EA [*EN] 0.00+ 38,700.00 = 0.00 0.00 38,700.00'
columns: TableColumns(RESET, TAX, O&P)
Format B matched (REMOVE + REPLACE, RESET omitted). Result: {'calc': '1', 'qty': 1.0, 'unit': 'EA', 'item_codes': ['*', 'E', 'N'], 'reset': None, 'remove': '0.00', 'replace': '38,700.00', 'tax': '0.00', 'op': '0.00', 'total': '38,700.00'}

================================================================================
calc_line: '100 100.00LF SEE X3.BUILD'
columns: TableColumns(RESET, TAX, O&P)
SEE pattern matched. Result: {'calc': '100', 'qty': 100.0, 'unit': 'LF', 'item_codes': [], 'reset': None, 'remove': None, 'replace': None, 'tax': None, 'op': None, 'total': '0.00', 'total_note': 'SEE X3.BUILD'}

================================================================================
calc_line: '1 1.00EA [*EN] 0.00+ 32,800.00 = 0.00 0.00 32,800.00'
columns: TableColumns(RESET, TAX, O&P)
Format B matched (REMOVE + REPLACE, RESET omitted). Result: {'calc': '1', 'qty': 1.0, 'unit': 'EA', 'item_codes': ['*', 'E', 'N'], 'reset': None, 'remove': '0.00', 'replace': '32,800.00', 'tax': '0.00', 'op': '0.00', 'total': '32,800.00'}

================================================================================
calc_line: '1 1.00EA 0.00+ 5,500.00 = 219.86 1,143.98 6,863.84'
columns: TableColumns(RESET, TAX, O&P)
Format B matched (REMOVE + REPLACE, RESET omitted). Result: {'calc': '1', 'qty': 1.0, 'unit': 'EA', 'item_codes': [], 'reset': None, 'remove': '0.00', 'replace': '5,500.00', 'tax': '219.86', 'op': '1,143.98', 'total': '6,863.84'}

================================================================================
calc_line: '1 1.00EA 0.00+ 18.17 = 0.12 3.66 21.95'
columns: TableColumns(RESET, TAX, O&P)
Format B matched (REMOVE + REPLACE, RESET omitted). Result: {'calc': '1', 'qty': 1.0, 'unit': 'EA', 'item_codes': [], 'reset': None, 'remove': '0.00', 'replace': '18.17', 'tax': '0.12', 'op': '3.66', 'total': '21.95'}

================================================================================
calc_line: '1 1.00EA 0.00+ 12,407.18 = 1,121.25 2,705.70 16,234.13'
columns: TableColumns(RESET, TAX, O&P)
Format B matched (REMOVE + REPLACE, RESET omitted). Result: {'calc': '1', 'qty': 1.0, 'unit': 'EA', 'item_codes': [], 'reset': None, 'remove': '0.00', 'replace': '12,407.18', 'tax': '1,121.25', 'op': '2,705.70', 'total': '16,234.13'}

================================================================================
calc_line: '1 1.00EA 0.00+ 1,500.00 = 0.00 300.00 1,800.00'
columns: TableColumns(RESET, TAX, O&P)
Format B matched (REMOVE + REPLACE, RESET omitted). Result: {'calc': '1', 'qty': 1.0, 'unit': 'EA', 'item_codes': [], 'reset': None, 'remove': '0.00', 'replace': '1,500.00', 'tax': '0.00', 'op': '300.00', 'total': '1,800.00'}

================================================================================
calc_line: '54 54.00LF 0.00+ 38.72 = 1.53 418.48 2,510.89'
columns: TableColumns(RESET, TAX, O&P)
Format B matched (REMOVE + REPLACE, RESET omitted). Result: {'calc': '54', 'qty': 54.0, 'unit': 'LF', 'item_codes': [], 'reset': None, 'remove': '0.00', 'replace': '38.72', 'tax': '1.53', 'op': '418.48', 'total': '2,510.89'}

================================================================================
calc_line: '2*8*2 32.00HR 0.00+ 134.34 = 0.00 859.78 5,158.66'
columns: TableColumns(RESET, TAX, O&P)
Format B matched (REMOVE + REPLACE, RESET omitted). Result: {'calc': '2*8*2', 'qty': 32.0, 'unit': 'HR', 'item_codes': [], 'reset': None, 'remove': '0.00', 'replace': '134.34', 'tax': '0.00', 'op': '859.78', 'total': '5,158.66'}

================================================================================
calc_line: '54 54.00LF 0.00+ 4.24 = 0.21 45.84 275.01'
columns: TableColumns(RESET, TAX, O&P)
Format B matched (REMOVE + REPLACE, RESET omitted). Result: {'calc': '54', 'qty': 54.0, 'unit': 'LF', 'item_codes': [], 'reset': None, 'remove': '0.00', 'replace': '4.24', 'tax': '0.21', 'op': '45.84', 'total': '275.01'}

================================================================================
calc_line: '54 54.00LF 0.00+ 15.73 = 20.64 174.00 1,044.06'
columns: TableColumns(RESET, TAX, O&P)
Format B matched (REMOVE + REPLACE, RESET omitted). Result: {'calc': '54', 'qty': 54.0, 'unit': 'LF', 'item_codes': [], 'reset': None, 'remove': '0.00', 'replace': '15.73', 'tax': '20.64', 'op': '174.00', 'total': '1,044.06'}

================================================================================
calc_line: '4'8+41'8 46.33LF 19.30 0.00+ 0.00 = 0.00 178.84 1,073.01'
columns: TableColumns(RESET, TAX, O&P)
RESET Format A matched (RESET REMOVE + REPLACE). Result: {'calc': '8', 'qty': 46.33, 'unit': 'LF', 'item_codes': [], 'reset': '19.30', 'remove': '0.00', 'replace': '0.00', 'tax': '0.00', 'op': '178.84', 'total': '1,073.01'}

================================================================================
calc_line: '46.33 46.33LF 0.00+ 0.85 = 0.00 7.88 47.26'
columns: TableColumns(RESET, TAX, O&P)
Format B matched (REMOVE + REPLACE, RESET omitted). Result: {'calc': '46.33', 'qty': 46.33, 'unit': 'LF', 'item_codes': [], 'reset': None, 'remove': '0.00', 'replace': '0.85', 'tax': '0.00', 'op': '7.88', 'total': '47.26'}

================================================================================
calc_line: '46.33 46.33LF 0.00+ 1.87 = 0.99 17.52 105.15'
columns: TableColumns(RESET, TAX, O&P)
Format B matched (REMOVE + REPLACE, RESET omitted). Result: {'calc': '46.33', 'qty': 46.33, 'unit': 'LF', 'item_codes': [], 'reset': None, 'remove': '0.00', 'replace': '1.87', 'tax': '0.99', 'op': '17.52', 'total': '105.15'}

================================================================================
calc_line: '23*2 46.00LF 0.00+ 38.72 = 1.30 356.48 2,138.90'
columns: TableColumns(RESET, TAX, O&P)
Format B matched (REMOVE + REPLACE, RESET omitted). Result: {'calc': '23*2', 'qty': 46.0, 'unit': 'LF', 'item_codes': [], 'reset': None, 'remove': '0.00', 'replace': '38.72', 'tax': '1.30', 'op': '356.48', 'total': '2,138.90'}

================================================================================
calc_line: '46 46.00LF 0.00+ 4.24 = 0.18 39.04 234.26'
columns: TableColumns(RESET, TAX, O&P)
Format B matched (REMOVE + REPLACE, RESET omitted). Result: {'calc': '46', 'qty': 46.0, 'unit': 'LF', 'item_codes': [], 'reset': None, 'remove': '0.00', 'replace': '4.24', 'tax': '0.18', 'op': '39.04', 'total': '234.26'}

================================================================================
calc_line: '46 46.00LF 0.00+ 15.73 = 17.58 148.24 889.40'
columns: TableColumns(RESET, TAX, O&P)
Format B matched (REMOVE + REPLACE, RESET omitted). Result: {'calc': '46', 'qty': 46.0, 'unit': 'LF', 'item_codes': [], 'reset': None, 'remove': '0.00', 'replace': '15.73', 'tax': '17.58', 'op': '148.24', 'total': '889.40'}

================================================================================
calc_line: '(5*44)+(2*44) 308.00SF 0.00+ 2.06 = 6.31 128.16 768.95'
columns: TableColumns(RESET, TAX, O&P)
Format B matched (REMOVE + REPLACE, RESET omitted). Result: {'calc': '', 'qty': 308.0, 'unit': 'SF', 'item_codes': [], 'reset': None, 'remove': '0.00', 'replace': '2.06', 'tax': '6.31', 'op': '128.16', 'total': '768.95'}

================================================================================
calc_line: '308 308.00SF 0.00+ 10.55 = 43.54 658.58 3,951.52'
columns: TableColumns(RESET, TAX, O&P)
Format B matched (REMOVE + REPLACE, RESET omitted). Result: {'calc': '308', 'qty': 308.0, 'unit': 'SF', 'item_codes': [], 'reset': None, 'remove': '0.00', 'replace': '10.55', 'tax': '43.54', 'op': '658.58', 'total': '3,951.52'}

================================================================================
calc_line: '308 308.00SF 0.00+ 2.33 = 10.81 145.68 874.13'
columns: TableColumns(RESET, TAX, O&P)
Format B matched (REMOVE + REPLACE, RESET omitted). Result: {'calc': '308', 'qty': 308.0, 'unit': 'SF', 'item_codes': [], 'reset': None, 'remove': '0.00', 'replace': '2.33', 'tax': '10.81', 'op': '145.68', 'total': '874.13'}

================================================================================
calc_line: '7*6'8+7'9*4'6+16*5+11 216.54SF 0.00+ 2.06 = 4.43 90.10 540.60'
columns: TableColumns(RESET, TAX, O&P)
Format B matched (REMOVE + REPLACE, RESET omitted). Result: {'calc': '6+16*5+11', 'qty': 216.54, 'unit': 'SF', 'item_codes': [], 'reset': None, 'remove': '0.00', 'replace': '2.06', 'tax': '4.43', 'op': '90.10', 'total': '540.60'}

================================================================================
calc_line: '216.54 216.54SF 0.00+ 10.55 = 30.61 463.02 2,778.13'
columns: TableColumns(RESET, TAX, O&P)
Format B matched (REMOVE + REPLACE, RESET omitted). Result: {'calc': '216.54', 'qty': 216.54, 'unit': 'SF', 'item_codes': [], 'reset': None, 'remove': '0.00', 'replace': '10.55', 'tax': '30.61', 'op': '463.02', 'total': '2,778.13'}

================================================================================
calc_line: '216.54 216.54SF 0.00+ 2.33 = 7.60 102.42 614.56'
columns: TableColumns(RESET, TAX, O&P)
Format B matched (REMOVE + REPLACE, RESET omitted). Result: {'calc': '216.54', 'qty': 216.54, 'unit': 'SF', 'item_codes': [], 'reset': None, 'remove': '0.00', 'replace': '2.33', 'tax': '7.60', 'op': '102.42', 'total': '614.56'}

================================================================================
calc_line: '23 23.00SF 0.00+ 2.06 = 0.47 9.58 57.43'
columns: TableColumns(RESET, TAX, O&P)
Format B matched (REMOVE + REPLACE, RESET omitted). Result: {'calc': '23', 'qty': 23.0, 'unit': 'SF', 'item_codes': [], 'reset': None, 'remove': '0.00', 'replace': '2.06', 'tax': '0.47', 'op': '9.58', 'total': '57.43'}

================================================================================
calc_line: '23 23.00SF 0.00+ 10.55 = 3.25 49.20 295.10'
columns: TableColumns(RESET, TAX, O&P)
Format B matched (REMOVE + REPLACE, RESET omitted). Result: {'calc': '23', 'qty': 23.0, 'unit': 'SF', 'item_codes': [], 'reset': None, 'remove': '0.00', 'replace': '10.55', 'tax': '3.25', 'op': '49.20', 'total': '295.10'}

================================================================================
calc_line: '23 23.00SF 0.00+ 2.33 = 0.81 10.88 65.28'
columns: TableColumns(RESET, TAX, O&P)
Format B matched (REMOVE + REPLACE, RESET omitted). Result: {'calc': '23', 'qty': 23.0, 'unit': 'SF', 'item_codes': [], 'reset': None, 'remove': '0.00', 'replace': '2.33', 'tax': '0.81', 'op': '10.88', 'total': '65.28'}

================================================================================
calc_line: '14 14.00EA 21.14+ 272.28 = 217.01 864.98 5,189.87'
columns: TableColumns(RESET, TAX, O&P)
Format B matched (REMOVE + REPLACE, RESET omitted). Result: {'calc': '14', 'qty': 14.0, 'unit': 'EA', 'item_codes': [], 'reset': None, 'remove': '21.14', 'replace': '272.28', 'tax': '217.01', 'op': '864.98', 'total': '5,189.87'}

================================================================================
calc_line: '1 1.00EA [*EN] 0.00+ 28,000.00 = 0.00 0.00 28,000.00'
columns: TableColumns(RESET, TAX, O&P)
Format B matched (REMOVE + REPLACE, RESET omitted). Result: {'calc': '1', 'qty': 1.0, 'unit': 'EA', 'item_codes': ['*', 'E', 'N'], 'reset': None, 'remove': '0.00', 'replace': '28,000.00', 'tax': '0.00', 'op': '0.00', 'total': '28,000.00'}

================================================================================
calc_line: '56+15 71.00LF 9.49+ 114.69 = 327.37 1,828.84 10,972.99'
columns: TableColumns(RESET, TAX, O&P)
Format B matched (REMOVE + REPLACE, RESET omitted). Result: {'calc': '56+15', 'qty': 71.0, 'unit': 'LF', 'item_codes': [], 'reset': None, 'remove': '9.49', 'replace': '114.69', 'tax': '327.37', 'op': '1,828.84', 'total': '10,972.99'}

================================================================================
calc_line: '71*7 497.00SF 0.00+ 1.84 = 21.81 187.26 1,123.55'
columns: TableColumns(RESET, TAX, O&P)
Format B matched (REMOVE + REPLACE, RESET omitted). Result: {'calc': '71*7', 'qty': 497.0, 'unit': 'SF', 'item_codes': [], 'reset': None, 'remove': '0.00', 'replace': '1.84', 'tax': '21.81', 'op': '187.26', 'total': '1,123.55'}

================================================================================
calc_line: '6 6.00HR 0.00+ 162.18 = 0.00 194.62 1,167.70'
columns: TableColumns(RESET, TAX, O&P)
Format B matched (REMOVE + REPLACE, RESET omitted). Result: {'calc': '6', 'qty': 6.0, 'unit': 'HR', 'item_codes': [], 'reset': None, 'remove': '0.00', 'replace': '162.18', 'tax': '0.00', 'op': '194.62', 'total': '1,167.70'}

================================================================================
calc_line: '33*5.5+(10*5.5)/2 209.00SF 4.58+ 15.66 = 88.23 863.66 5,182.05'
columns: TableColumns(RESET, TAX, O&P)
Format B matched (REMOVE + REPLACE, RESET omitted). Result: {'calc': '/2', 'qty': 209.0, 'unit': 'SF', 'item_codes': [], 'reset': None, 'remove': '4.58', 'replace': '15.66', 'tax': '88.23', 'op': '863.66', 'total': '5,182.05'}

================================================================================
calc_line: '8*15 120.00EA 0.00+ 15.35 = 0.00 368.40 2,210.40'
columns: TableColumns(RESET, TAX, O&P)
Format B matched (REMOVE + REPLACE, RESET omitted). Result: {'calc': '8*15', 'qty': 120.0, 'unit': 'EA', 'item_codes': [], 'reset': None, 'remove': '0.00', 'replace': '15.35', 'tax': '0.00', 'op': '368.40', 'total': '2,210.40'}

================================================================================
calc_line: '1 1.00EA 0.00+ 1,148.00 = 2.15 230.04 1,380.19'
columns: TableColumns(RESET, TAX, O&P)
Format B matched (REMOVE + REPLACE, RESET omitted). Result: {'calc': '1', 'qty': 1.0, 'unit': 'EA', 'item_codes': [], 'reset': None, 'remove': '0.00', 'replace': '1,148.00', 'tax': '2.15', 'op': '230.04', 'total': '1,380.19'}

================================================================================
calc_line: '15 15.00EA 0.00+ 21.62 = 5.18 65.90 395.38'
columns: TableColumns(RESET, TAX, O&P)
Format B matched (REMOVE + REPLACE, RESET omitted). Result: {'calc': '15', 'qty': 15.0, 'unit': 'EA', 'item_codes': [], 'reset': None, 'remove': '0.00', 'replace': '21.62', 'tax': '5.18', 'op': '65.90', 'total': '395.38'}

================================================================================
calc_line: '380 380.00SF 0.00+ 0.52 = 0.37 39.60 237.57'
columns: TableColumns(RESET, TAX, O&P)
Format B matched (REMOVE + REPLACE, RESET omitted). Result: {'calc': '380', 'qty': 380.0, 'unit': 'SF', 'item_codes': [], 'reset': None, 'remove': '0.00', 'replace': '0.52', 'tax': '0.37', 'op': '39.60', 'total': '237.57'}

================================================================================
calc_line: '380 380.00SF 0.00+ 1.43 = 28.53 114.38 686.31'
columns: TableColumns(RESET, TAX, O&P)
Format B matched (REMOVE + REPLACE, RESET omitted). Result: {'calc': '380', 'qty': 380.0, 'unit': 'SF', 'item_codes': [], 'reset': None, 'remove': '0.00', 'replace': '1.43', 'tax': '28.53', 'op': '114.38', 'total': '686.31'}

================================================================================
calc_line: '286 286.00SF 0.00+ 0.71 = 0.28 40.68 244.02'
columns: TableColumns(RESET, TAX, O&P)
Format B matched (REMOVE + REPLACE, RESET omitted). Result: {'calc': '286', 'qty': 286.0, 'unit': 'SF', 'item_codes': [], 'reset': None, 'remove': '0.00', 'replace': '0.71', 'tax': '0.28', 'op': '40.68', 'total': '244.02'}

================================================================================
calc_line: '26*5.5*2 286.00SF 0.00+ 5.24 = 36.53 307.02 1,842.19'
columns: TableColumns(RESET, TAX, O&P)
Format B matched (REMOVE + REPLACE, RESET omitted). Result: {'calc': '26*5.5*2', 'qty': 286.0, 'unit': 'SF', 'item_codes': [], 'reset': None, 'remove': '0.00', 'replace': '5.24', 'tax': '36.53', 'op': '307.02', 'total': '1,842.19'}

================================================================================
calc_line: '1 1.00EA SEE X3.BUILD'
columns: TableColumns(RESET, TAX, O&P)
SEE pattern matched. Result: {'calc': '1', 'qty': 1.0, 'unit': 'EA', 'item_codes': [], 'reset': None, 'remove': None, 'replace': None, 'tax': None, 'op': None, 'total': '0.00', 'total_note': 'SEE X3.BUILD'}

================================================================================
calc_line: '200 200.00HR [N] 0.00+ 65.00 = 0.00 0.00 13,000.00'
columns: TableColumns(RESET, TAX, O&P)
Format B matched (REMOVE + REPLACE, RESET omitted). Result: {'calc': '200', 'qty': 200.0, 'unit': 'HR', 'item_codes': ['N'], 'reset': None, 'remove': '0.00', 'replace': '65.00', 'tax': '0.00', 'op': '0.00', 'total': '13,000.00'}

================================================================================
calc_line: '10 10.00EA [N] 1,215.14+ 0.00 = 0.00 0.00 12,151.40'
columns: TableColumns(RESET, TAX, O&P)
Format B matched (REMOVE + REPLACE, RESET omitted). Result: {'calc': '10', 'qty': 10.0, 'unit': 'EA', 'item_codes': ['N'], 'reset': None, 'remove': '1,215.14', 'replace': '0.00', 'tax': '0.00', 'op': '0.00', 'total': '12,151.40'}

================================================================================
calc_line: '20 20.00EA [N] 0.00+ 413.88 = 354.90 0.00 8,632.50'
columns: TableColumns(RESET, TAX, O&P)
Format B matched (REMOVE + REPLACE, RESET omitted). Result: {'calc': '20', 'qty': 20.0, 'unit': 'EA', 'item_codes': ['N'], 'reset': None, 'remove': '0.00', 'replace': '413.88', 'tax': '354.90', 'op': '0.00', 'total': '8,632.50'}

================================================================================
calc_line: '15 15.00EA [N] 2,351.40+ 0.00 = 0.00 0.00 35,271.00'
columns: TableColumns(RESET, TAX, O&P)
Format B matched (REMOVE + REPLACE, RESET omitted). Result: {'calc': '15', 'qty': 15.0, 'unit': 'EA', 'item_codes': ['N'], 'reset': None, 'remove': '2,351.40', 'replace': '0.00', 'tax': '0.00', 'op': '0.00', 'total': '35,271.00'}

================================================================================
calc_line: '15 15.00EA [N] 0.00+ 676.45 = 548.44 0.00 10,695.19'
columns: TableColumns(RESET, TAX, O&P)
Format B matched (REMOVE + REPLACE, RESET omitted). Result: {'calc': '15', 'qty': 15.0, 'unit': 'EA', 'item_codes': ['N'], 'reset': None, 'remove': '0.00', 'replace': '676.45', 'tax': '548.44', 'op': '0.00', 'total': '10,695.19'}

================================================================================
calc_line: '200 200.00EA [N] 0.00+ 24.20 = 178.04 0.00 5,018.04'
columns: TableColumns(RESET, TAX, O&P)
Format B matched (REMOVE + REPLACE, RESET omitted). Result: {'calc': '200', 'qty': 200.0, 'unit': 'EA', 'item_codes': ['N'], 'reset': None, 'remove': '0.00', 'replace': '24.20', 'tax': '178.04', 'op': '0.00', 'total': '5,018.04'}

================================================================================
calc_line: '30 30.00EA [N] 0.00+ 130.35 = 169.65 0.00 4,080.15'
columns: TableColumns(RESET, TAX, O&P)
Format B matched (REMOVE + REPLACE, RESET omitted). Result: {'calc': '30', 'qty': 30.0, 'unit': 'EA', 'item_codes': ['N'], 'reset': None, 'remove': '0.00', 'replace': '130.35', 'tax': '169.65', 'op': '0.00', 'total': '4,080.15'}

================================================================================
calc_line: '50 50.00EA [N] 0.00+ 108.73 = 226.59 0.00 5,663.09'
columns: TableColumns(RESET, TAX, O&P)
Format B matched (REMOVE + REPLACE, RESET omitted). Result: {'calc': '50', 'qty': 50.0, 'unit': 'EA', 'item_codes': ['N'], 'reset': None, 'remove': '0.00', 'replace': '108.73', 'tax': '226.59', 'op': '0.00', 'total': '5,663.09'}

================================================================================
calc_line: '1000 1000.00SF [N] 0.00+ 0.13 = 0.98 0.00 130.98'
columns: TableColumns(RESET, TAX, O&P)
Format B matched (REMOVE + REPLACE, RESET omitted). Result: {'calc': '1000', 'qty': 1000.0, 'unit': 'SF', 'item_codes': ['N'], 'reset': None, 'remove': '0.00', 'replace': '0.13', 'tax': '0.98', 'op': '0.00', 'total': '130.98'}

================================================================================
calc_line: '1000 1000.00SF [N] 0.00+ 0.86 = 60.45 0.00 920.45'
columns: TableColumns(RESET, TAX, O&P)
Format B matched (REMOVE + REPLACE, RESET omitted). Result: {'calc': '1000', 'qty': 1000.0, 'unit': 'SF', 'item_codes': ['N'], 'reset': None, 'remove': '0.00', 'replace': '0.86', 'tax': '60.45', 'op': '0.00', 'total': '920.45'}

================================================================================
calc_line: '1 1.00EA 0.00+ 43.20 = 0.00 8.64 51.84'
columns: TableColumns(RESET, TAX, O&P)
Format B matched (REMOVE + REPLACE, RESET omitted). Result: {'calc': '1', 'qty': 1.0, 'unit': 'EA', 'item_codes': [], 'reset': None, 'remove': '0.00', 'replace': '43.20', 'tax': '0.00', 'op': '8.64', 'total': '51.84'}
