1
Office of Jared V. Boergadine, Licensed Appraiser & Public Adjuster
Arizona Public Adjuster License #18382965
California Public Adjuster License #2L70602
Colorado Public Adjuster License #608394
Nevada Public Adjuster License # 3443075
Texas Public Adjuster License #2207166
Insured: James Kalyvas
Property: 16640 Via Pacifica
Pacific Palisades, CA 90272
Claim Rep.: Jared Boergadine Business: (818) 720-9345
Business: 11138 Aqua Vista St Suite 37 E-mail: Jared@VIPClaimService.com
Los Angeles, CA 91602
Estimator: Jared Boergadine Business: (818) 720-9345
Business: 11138 Aqua Vista St Suite 37 E-mail: Jared@VIPClaimService.
Los Angeles, CA 91602 com
Claim Number: 75-79F9-18M Policy Number: 71J8B0543 Type of Loss: WildFire
Coverage Deductible Policy Limit
Dwelling $0.00 $2,185,000.00
Other Structures $0.00 $218,500.00
Trees, Plants & Shrubs $10,925.00 $109,250.00
Date of Loss: 1/7/2025 12:00 AM Date Received: 1/12/2025 12:00 AM
Date Inspected: 7/3/2025 12:00 AM Date Entered: 7/6/2025 1:13 PM
Price List: CALA8X_MAR25 Depreciate Material: Yes Depreciate O&P: No
Restoration/Service/Remodel Depreciate Non-material: No Depreciate Taxes: Yes
Estimate: KALYVAS_JVB_V6_KALY2 Depreciate Removal: No
The Following Estimate is based upon a Physical Site Inspection on 7/3/2025, by Jared V. Boergadine.
Information was also gathered from an interview with owners and available information from web sites as needed.
Approved Architectural & Engineered drawings were not available at the time of inspection.
The purpose of this report is to establish a Scope of Work for use by the insured and/or the insured's representative company.
All items in this scope of work are based on the current conditions at the time of inspection.
Any hidden or unforeseen damages that may be uncovered during demolition and reconstruction are excluded from this estimate
and will need to be added or supplemented.
Code upgrade requirements from the local building department are not included in this scope of work unless specified and may
need to be added or supplemented.
This estimate may need to be revised as additional information becomes available.
Prices are considered current for approximately 1 month and will need to be reviewed and revised every month to be current.
Xactimate estimating software is a tool used as a guideline to produce pricing for this scope of work.
Components and prices may need to be adjusted to account for material availability and scarcity from wide spread disaster
events, current market labor conditions, sub contractor pricing and local market supply and demand.
This scope of work is solely for the purposes of establishing work required to return the property to it's pre-loss condition, this is
not a solicitation or bid to contract for construction work.
This estimate and report and all its contents are the sole property of Jared V. Boergadine.
Any alterations, changes, additions, or deletions to this estimate are strictly prohibited unless performed by Jared V. Boergadine.
2
Office of Jared V. Boergadine, Licensed Appraiser & Public Adjuster
Arizona Public Adjuster License #18382965
California Public Adjuster License #2L70602
Colorado Public Adjuster License #608394
Nevada Public Adjuster License # 3443075
Texas Public Adjuster License #2207166
KALYVAS_JVB_V6_KALY2
Mitigation & Cleaning
CAT SEL ACT DESCRIPTION
CALC QTY RESET REMOVE REPLACE TAX O&P TOTAL
------Dwelling Abatement------
1. HMR MISC + Mitigation and cleaning bid per TacMIT
1 1.00EA [EN] BY OTHERS
2. HMR MISC + Mitigation and cleaning supplimental per TacMIT
1 1.00EA [EN] BY OTHERS
Totals: Mitigation & Cleaning 0.00 0.00 0.00
Bid Items
CAT SEL ACT DESCRIPTION
CALC QTY RESET REMOVE REPLACE TAX O&P TOTAL
3. PNT BIDITM + Painting (Bid Item) Estimate from Diamond Pianting/Pacific Palisades Painting Proposal #1861063
1 1.00EA [*E] 0.00+ 171,322.00 = 0.00 34,264.40 205,586.40
KALYVAS_JVB_V6_KALY2 10/2/2025 Page: 2
3
Office of Jared V. Boergadine, Licensed Appraiser & Public Adjuster
Arizona Public Adjuster License #18382965
California Public Adjuster License #2L70602
Colorado Public Adjuster License #608394
Nevada Public Adjuster License # 3443075
Texas Public Adjuster License #2207166
CONTINUED - Bid Items
CAT SEL ACT DESCRIPTION
CALC QTY RESET REMOVE REPLACE TAX O&P TOTAL
Trim work painting - $33,862.00
Exterior Prep Scope of Work — 16640 Via Pacifica, Pacific Palisades, CA
Exterior Wood Window & Door Restoration — 16640 Via Pacifica, Pacific Palisades, CA
Scope of Work:
Restore all exterior wood-framed windows and exterior doors impacted by smoke and ember exposure.
1. Surface Preparation
Sand and clean all wood windows, trim, and door casings to remove soot residue, contaminants, and degraded coating
Spot prime any bare or exposed wood using a premium exterior-grade primer
Detail sanding performed by hand or fine tools to maintain original profile integrity
2. Finish Coating
Apply two full coats of high-performance exterior-grade paint or finish, brushed or sprayed based on accessibility and detail level
Use Sherwin-Williams Duration or equivalent premium product for superior protection and finish longevity
Match existing color and sheen unless otherwise directed by the client
3. Final Detailing
Inspect for uniformity and perform any necessary touch-ups
Re-caulk or seal joints around trim as needed
Mask and protect all adjacent finishes, glazing, and hardware throughout the process
Interior Repaint
$137,460.00
INTERIOR SCOPE – 16640 VIA PACIFICA, PACIFIC PALISADES
Project Overview:
On-site inspection revealed residual smoke odor in multiple areas of the home, particularly in upper-level rooms and along ceiling lines.
While the property has undergone partial cleaning, smoke damage remains evident in both scent and surface condition. Several rooms
feature high-end wallpaper (not yet replaced). Walls that previously had wallpaper will need to be prepped appropriately for new
installation. The home includes detailed architectural trim throughout, including crown molding, baseboards, door and window casings,
and other decorative wood elements — all of which will be fully refinished as part of the restoration process.
Scope of Work – Interior
1. Wallpaper Prep
Full prep for wallpaper installation in designated rooms (as marked by homeowner and wallpaper installer)
Prepare wall surfaces to a smooth, uniform substrate suitable for high-end paper
Apply Roman Pro-977 Ultra Prime or equivalent wallpaper primer, selected based on the type of wallpaper (e.g., silk, vinyl, grasscloth)
2. Interior Trim & Millwork Repaint
Prime and repaint all paint-grade interior trim and millwork, including:
Crown molding, baseboards, door/window casings, ceiling trims, panel moldings
All trim to be thoroughly sanded and caulked as needed, then spray-finished using Sherwin-Williams Duration Interior Enamel for a
smooth, factory-grade appearance
Color and sheen will match existing unless otherwise directed
3. Architectural Wood Elements Refinishing
KALYVAS_JVB_V6_KALY2 10/2/2025 Page: 3
4
Office of Jared V. Boergadine, Licensed Appraiser & Public Adjuster
Arizona Public Adjuster License #18382965
California Public Adjuster License #2L70602
Colorado Public Adjuster License #608394
Nevada Public Adjuster License # 3443075
Texas Public Adjuster License #2207166
CONTINUED - Bid Items
CAT SEL ACT DESCRIPTION
CALC QTY RESET REMOVE REPLACE TAX O&P TOTAL
Sand and refinish any wood architectural features (accent trims, decorative wall frames, etc.) using compatible stain and clear-coat systems
Zinsser SealCoat or similar dewaxed shellac may be used for bonding when refinishing over existing varnish
4. Specialty Faux Finish Replication
Custom match and replicate faux finishes, glazes, and textures previously applied prior to damage
Includes complete surface prep, priming, and reapplication using artisan techniques and compatible multi-layer systems
5. Smoke Encapsulation & Topcoat Painting
Apply odor-sealing primer to all smoke-affected walls and ceilings
Use Zinsser B-I-N Shellac-Based Primer or Sherwin-Williams Extreme Block Primer, based on severity and substrate
Followed by two full coats of Sherwin-Williams Duration Interior for long-term durability and cleanability
4. FCC BIDITM + Floor Covering - Carpet (Bid Item) Estimate from Floorish
1 1.00EA [*] 0.00+ 28,508.76 = 0.00 5,701.76 34,210.52
5. CAB BIDITM + Custom milling and painting of Refrigerator cabinet panels
1 1.00EA OPEN ITEM
6. CAP REST + Special - Clean/Restore appliances in kitchen - BID ONLY
1 1.00EA BID PENDING
Totals: Bid Items 0.00 39,966.16 239,796.92
General
CAT SEL ACT DESCRIPTION
CALC QTY RESET REMOVE REPLACE TAX O&P TOTAL
-----Permits & Fees:-----
7. FEE TIPF + Taxes, insurance, permits & fees (Bid Item)
1 1.00EA [*] OPEN ITEM
Approximate 1% allocation for a ll fees and permits
-----Site Conditions-----
8. TMP TLT + Temporary toilet (per month)
4 4.00MO 0.00+ 225.00 = 0.00 180.00 1,080.00
9. TMP HWS + Temporary hand washing station (per month)
4 4.00MO 0.00+ 247.00 = 0.00 197.60 1,185.60
10. DMO DUMP - Dumpster load - Approx. 20 yards, 4 tons of debris
3 3.00EA 783.00+ 0.00 = 0.00 469.80 2,818.80
For interior debris
11. LAB DMO + Daily Job Site Clean Up Laborer & Runner - per hour
.5*5*16 40.00HR 0.00+ 65.19 = 0.00 521.52 3,129.12
KALYVAS_JVB_V6_KALY2 10/2/2025 Page: 4
5
Office of Jared V. Boergadine, Licensed Appraiser & Public Adjuster
Arizona Public Adjuster License #18382965
California Public Adjuster License #2L70602
Colorado Public Adjuster License #608394
Nevada Public Adjuster License # 3443075
Texas Public Adjuster License #2207166
CONTINUED - General
CAT SEL ACT DESCRIPTION
CALC QTY RESET REMOVE REPLACE TAX O&P TOTAL
30min per day for 5 days per week, 4 weeks per month for 4.5 months.
12. LAB SUPERR + Residential Supervision / Project Management - per hour
(15*16) 240.00HR 0.00+ 86.09 = 0.00 4,132.32 24,793.92
On-Site Project Superintendent, a working supervisor will be needed on site for 3 hours per day for 4 weeks per month for 4 months
totaling (3*5*16)
Supervision is required by the CSLB license requirements that the Qualified licensee or a manager inspect every job site each day until complete.
Supervision is not covered in Xactimate's O&P according to Xactimate's white pages. .
"Cal. Admin. Code tit. 16, § 823(a). “Direct supervision and control” “includes any one or any combination of the following activities: supervising
construction, managing construction activities by making technical and administrative decisions, checking jobs for proper workmanship, or direct
supervision on construction job sites.
Section 7068 requires every license to have a qualifier, which may be a Sole Owner, Qualified Partner, Responsible Managing Officer (RMO),
Responsible Managing Employee (RME), Responsible Managing Manager or Responsible Managing Member. The qualifier is the person who is
listed in the Contractor State License Boards’ (CSLB) personnel of record, has demonstrated his/her knowledge and experience though the CSLB’s
licensing process, and holds one or more license classifications.
UPDATE: CSLB, CSLB to Get Tough on RMO Abuses (Summer 2014) Starting on January 1, 2014, amended Section 7068.1 of California’s
Contractors State License Law, Bus. & Prof. Code §§ 7200et seq., requires licensees’ qualifiers to exercise direct supervision and control over the
licensees’ operations to ensure compliance with California’s Contractors State License Law. The amended law contemplates active involvement by
the qualifier, and makes a violation of Section 7068.1 grounds for disciplinary action and a misdemeanor punishable by imprisonment in a county
jail and/or a fine.
13. LAB LBR + General Laborer - per hour
2*8 16.00HR [*] 0.00+ 90.43 = 0.00 289.38 1,736.26
(2) Crew for 1 day to finish home after repairs have been completed
------Masking------
14. PNT MASKSFP + Floor protection - heavy paper and tape
1000 1000.00SF MCDERMOTT BID
For windows and door during painting
15. PNT MASKTD + Labor to tape drop cloths
240*4 960.00SF MCDERMOTT BID
for exterior painting
16. WTR MASKFLP + Floor protection - cloth - skid resistant leak proof
240*4 960.00SF MCDERMOTT BID
Exterior drop clothes
-----Final Cleaning-----
17. CLN FINALR + Final cleaning - construction - Residential
3331.4+2609.92 5941.32SF 0.00+ 0.42 = 0.00 499.08 2,994.43
Interior of residence - excludes exterior
18. CLN OP + Clean door / window opening (per side)
45*2 90.00EA 0.00+ 21.05 = 0.34 378.96 2,273.80
Totals: General 0.34 6,668.66 40,011.93
KALYVAS_JVB_V6_KALY2 10/2/2025 Page: 5
6
Office of Jared V. Boergadine, Licensed Appraiser & Public Adjuster
Arizona Public Adjuster License #18382965
California Public Adjuster License #2L70602
Colorado Public Adjuster License #608394
Nevada Public Adjuster License # 3443075
Texas Public Adjuster License #2207166
Electrical
CAT SEL ACT DESCRIPTION
CALC QTY RESET REMOVE REPLACE TAX O&P TOTAL
19. ELE MEG + Megohmmeter check electrical circuits - average residence
1 1.00EA 0.00+ 1,171.46 = 0.00 234.30 1,405.76
20. LAB LBR + General Laborer - per hour
8 8.00HR 0.00+ 65.00 = 0.00 104.00 624.00
Labor to detach and reset approx 216 (36 rooms at average of 6 per room) outlets and switches throughout the home.
21. ELE SMOKE+ & R&R Smoke detector - High grade
12 12.00EA 16.80+ 121.12 = 82.38 347.48 2,084.90
remove and replace the smoke detector during cleaning and paint. replacement is warranted due to smoke related corrosion
22. ELE CO+ & R&R Carbon monoxide detector - High grade
2 2.00EA 16.80+ 122.34 = 11.79 58.02 348.09
remove and replace the carbon monoxide detector during cleaning and paint. replacement is warranted due to smoke related corrosion
23. ELE BPA200 & R&R Breaker panel - 200 amp w/arc fault breakers
1 1.00EA 235.86+ 2,905.73 = 144.77 657.28 3,943.64
24. ELE OS+ & R&R Outlet - High grade
40 40.00EA 7.65+ 28.22 = 31.88 293.34 1,760.02
25. ELE OSS+ & R&R Switch - High grade
30 30.00EA 7.65+ 32.20 = 35.25 246.16 1,476.91
-----Light Fixtures-----
26. LIT RC++ & R&R Recessed light fixture - Premium grade
136 136.00EA 16.87+ 234.41 = 1,355.44 7,105.90 42,635.42
18-- foyer
12 --den
02-- bathroom
01--gargae hall
05-- dining room
15--Family room
12--Kitchen
07-- office
02--office bath
02-garage
07--Landing
04-Bed1 /bed2/ bed/3 - 12 total
03- bed1 bath/ bed2 bath - 6 total
02-- bed 3 bath
08-- master bedroom
12--master Bathroom
05-- Master closet
03- Guest Stairwell
05--Guest bedroom
02- guest bathroom
136 Recessed light in total
27. LIT AV+ & R&R Light fixture - High grade
9 9.00EA 12.61+ 124.84 = 43.61 256.14 1,536.80
KALYVAS_JVB_V6_KALY2 10/2/2025 Page: 6
7
Office of Jared V. Boergadine, Licensed Appraiser & Public Adjuster
Arizona Public Adjuster License #18382965
California Public Adjuster License #2L70602
Colorado Public Adjuster License #608394
Nevada Public Adjuster License # 3443075
Texas Public Adjuster License #2207166
CONTINUED - Electrical
CAT SEL ACT DESCRIPTION
CALC QTY RESET REMOVE REPLACE TAX O&P TOTAL
01--Pantry
03--Laundry room
02--Landing closets
01- Bed 1/ bed2/ bed3 closets - 3 total
28. LIT AV++ & R&R Light fixture - Premium grade
1 1.00EA 12.61+ 213.84 = 13.30 47.94 287.69
over sink light in downstairs bathroom
29. LIT SCON++ & R&R Light fixture - wall sconce - Premium grade
13 13.00EA 12.61+ 328.66 = 339.63 955.22 5,731.36
04 - heavy metal 2 bulb sconces ----- entry hallways
02 - glass bird sconces -----downstairs bathroom
02 - 2 bulb thin arm sconces - Style A-----Den
03 - 2 bulb thin arm sconces - Style B-----landing
02 - crystal floral sconces -----master bathroom
30. LIT CHAN++ & R&R Chandelier - Premium grade
5 5.00EA 28.40+ 606.82 = 183.01 671.82 4,030.93
01- entry
01-bedroom 3 bath
01- dining room
02- kitchen
Totals: Electrical 2,241.06 10,977.60 65,865.52
Plumbing
CAT SEL ACT DESCRIPTION
CALC QTY RESET REMOVE REPLACE TAX O&P TOTAL
31. PLM PT + Plumbing/gas line air pressure test
1 1.00EA 0.00+ 214.36 = 0.00 42.88 257.24
32. PLM PTD + Plumbing/drain line water pressure test
1 1.00EA 0.00+ 509.10 = 0.00 101.82 610.92
33. PLM WH100+ & R&R Water heater - 100 gal - CA approved
1 1.00EA 97.31+ 5,611.93 = 479.40 1,237.72 7,426.36
Totals: Plumbing 479.40 1,382.42 8,294.52
KALYVAS_JVB_V6_KALY2 10/2/2025 Page: 7
8
Office of Jared V. Boergadine, Licensed Appraiser & Public Adjuster
Arizona Public Adjuster License #18382965
California Public Adjuster License #2L70602
Colorado Public Adjuster License #608394
Nevada Public Adjuster License # 3443075
Texas Public Adjuster License #2207166
HVAC
CAT SEL ACT DESCRIPTION
CALC QTY RESET REMOVE REPLACE TAX O&P TOTAL
34. HVC DCT>> + Ductwork system - hot or cold air - 2200 to 2500 SF home
2.5 2.50EA SEE BID
Ductwork to cover 3500 sqft across 2 levels
35. HVC FRFAH35 & R&R Furnace - forced air - high efficiency - 135,000 BTU
2 2.00EA SEE BID
36. HVC AC>>++ & R&R Central air conditioning system - 5 ton - 16-21 SEER
2 2.00EA SEE BID
37. HVC AC++ & R&R Central air conditioning system - 3 ton - 16-21 SEER
1 1.00EA SEE BID
38. HVC TS+++ & R&R Thermostat - Deluxe grade (smart home compatible)
2 2.00EA SEE BID
replacement of thermostats due to electronics damage from corrosive smoke build up.
39. HVC BIDITM + HVAC repairs per SOL-AIRE
1 1.00EA [*E] 0.00+ 89,000.00 = 0.00 17,800.00 106,800.00
Recommended Work:
Replace all 3 systems. Pre Fire report acceptable levels of smoke and ash present at equipment, due to signs of smoke and ash, recommend full
replacement. No way to guarantee that all equipment smoke damage with a cleaning.
Replace all ductwork in house.
Replace all IAQ products
New SEER2 equipment required due to availability, Existing equipment not compatible with R32 refrigerants
Estimated Cost for repairs:
Upstairs 4 Zone System unit replacement: $23,000.00 Replace with SEER2 R32 Daikin FIT Heat Pump, zoning, and equal quality IAQ (excludes
electrical)
Upstairs Single Zone System unit replacement: $20,000.00 Replace with SEER2 R32 Daikin FIT Heat Pump and equal quality IAQ
Downstairs Single Zone System unit replacement: $23,000.00 Replace with SEER2 R32 Daikin FIT Heat Pump and equal quality IAQ
Replace all ductwork for all 3 systems in attic and truck lines in walls (drywall demo and replacement, and painting and patching excluded): $
21,000.00
Replace all grilles post abatement and cleaning: $2,000.00
TOTAL SCOPE OF WORK: $89,000.000
-----Ceilings-----
40. DRY 5/8- & R&R 5/8" drywall - hung, taped, ready for texture
200 200.00SF 0.64+ 3.94 = 14.63 186.12 1,116.75
remove and replace 2' strip of drywall, approx 200 linear feet, to access the ducting for HVAC repairs
41. DRY PATCHJ + Tape joint for new to existing drywall - per LF
200*2 400.00LF 0.00+ 16.64 = 15.20 1,334.24 8,005.44
repairs for the channel cut for HVAC repairs, for taping both sides of new drywall to existing drywall
Totals: HVAC 29.83 19,320.36 115,922.19
Kitchen Appliances
KALYVAS_JVB_V6_KALY2 10/2/2025 Page: 8
9
Office of Jared V. Boergadine, Licensed Appraiser & Public Adjuster
Arizona Public Adjuster License #18382965
California Public Adjuster License #2L70602
Colorado Public Adjuster License #608394
Nevada Public Adjuster License # 3443075
Texas Public Adjuster License #2207166
CAT SEL ACT DESCRIPTION
CALC QTY RESET REMOVE REPLACE TAX O&P TOTAL
-----Kitchen Appliances-----
42. APP RFBI+++ & R&R Built-in refrigerator - 36" - Deluxe grade - Sub Zero Fridge
1 1.00EA PER BID
43. APP FRBI++ & R&R Built-in freezer - 36" - Premium grade
1 1.00EA PER BID
44. APP RGDI++ & R&R Range - drop in - Premium grade
1 1.00EA [*] PER BID
48" Sealed Burner Rangetop - 4 Burners and Infrared Dual Griddle
Model # SRT484DG
MSRP $7,230
45. APP HDSS>+ & R&R Range hood - stainless steel - oversized - High grade
1 1.00EA 45.43+ 3,395.39 = 306.87 749.54 4,497.23
46. APP OVBID++ & R&R Built-in double oven - Premium grade
1 1.00EA [*] PER BID
47. APP MWS & R&R Microwave oven - built in drop down door
1 1.00EA [*] PER BID
30" E Series Transitional Drop-Down Door Microwave Oven
Model # MDD30TE/S/TH
MSRP $2,575
48. APP OVBI & R&R Built-in convection steam oven
1 1.00EA [*] PER BID
30" E Series Transitional Convection Steam Oven - Plumbed
Model # CSOP3050TE/S/T
MSRP $8,290
49. APP DW++ & R&R Dishwasher - Premium grade
1 1.00EA [*] PER BID
24" Dishwasher with Water Softener - Panel Ready
DW2451WS
$2,845
50. APP BIDITM + Appliances - Re-install of appliances per Jason Vaughn Pre-fabricated Installation - Quote #001077
1 1.00EA [*E] 0.00+ 2,225.00 = 0.00 445.00 2,670.00
The line item applies to the re-installation of kitchen appliances per Jason Vaughn Prefabricated Installations
1. 36" Column Install
2. 48" Range top Install
3. Dishwasher install
4. Double-Oven Install
5. Trash Compactor Install
6. Microwave Install
7. Steam Oven Install
8. Water Supply Line
9. Gas Supply Line
51. APP BIDITM + Appliances (Bid Item) - Snyder Diamond - Job #131270
1 1.00EA [*E] 0.00+ 59,435.67 = 0.00 11,887.14 71,322.81
KALYVAS_JVB_V6_KALY2 10/2/2025 Page: 9
10
Office of Jared V. Boergadine, Licensed Appraiser & Public Adjuster
Arizona Public Adjuster License #18382965
California Public Adjuster License #2L70602
Colorado Public Adjuster License #608394
Nevada Public Adjuster License # 3443075
Texas Public Adjuster License #2207166
CONTINUED - Kitchen Appliances
CAT SEL ACT DESCRIPTION
CALC QTY RESET REMOVE REPLACE TAX O&P TOTAL
The line item applies to the 36"/ref 36" Freezer Panel Ready, 48" Range Top, Cover Panel Ready Dishwasher & 30" Double Ovens
Scope of work 36" ref/36" freezer panel ready :
1. Sub-Zero - Model # DEC3650RID/R
Description:Panel Ready -36" Designer Column Refrigerator with Internal Dispenser - Panel Ready
Unit Price: $10,565.00
2. Sub-Zero - Model # 7023628
Description:-DUAL INSTALLATION KIT (Handle/Handle)...
Unit Price: $285.00
3. Sub-Zero - Model # DEC3650FI/L
Description:Panel Ready -36" Designer Column Freezer with Ice Maker - Panel Ready
Price: $10,025.00
Scope of work 48" Rangetop: Model SRT484CG
1. Stainless Steel -48" Sealed Burner Rangetop - 4 Burners, Infrared Charbroiler and Infrared Griddl e.
Price: $7,035.00
2. Red-36"/48" SRT Red Knobs - Model #827318
Price: $205.00
Scope of work COVE PANEL READY DISHWASHER : Model # DW2451WS/ADA
1. 24" Dishwasher With Water Softner -Panel Ready
Price: $2760.00
Scope of work 30" Double ovens : Model #DO3050PM/S/P
1. 30" M Series Professional Built-In Double Oven
2.M-SERIES PRO RED KNOB KIT : Model #9056332
Quantity (2) Each $55.00 Price $110.00
Scope of work 24" STEAM/COVECTION OVEN: Model #CSO2450TE/S/T
1. Stainless Steel-24" E Series Transitional Convection Steam Oven
Price: $5975.00
2. Pro Handle: Model #826668
Price: $215.00
Scope of work24" PULL DOWN MICROWAVE : Model #MDD24TE/S/TH
1. Stainless Steel -24" E Series Transitional Drop-Down Door Microwave Oven
Price: $2210.00
2. Pro Handle: Model #826668
Price: $215.00
Delivery charge: $95.00
Sales Tax: $52710.72
Totals: Kitchen Appliances 306.87 13,081.68 78,490.04
KALYVAS_JVB_V6_KALY2 10/2/2025 Page: 10
11
Office of Jared V. Boergadine, Licensed Appraiser & Public Adjuster
Arizona Public Adjuster License #18382965
California Public Adjuster License #2L70602
Colorado Public Adjuster License #608394
Nevada Public Adjuster License # 3443075
Texas Public Adjuster License #2207166
Pool Area
CAT SEL ACT DESCRIPTION
CALC QTY RESET REMOVE REPLACE TAX O&P TOTAL
-----Pool------
52. POL BIDITM + Swimming Pool Repair (Bid Item)
1 1.00EA [E] COMPLETED
53. TMP TARPS & R&R Tarp - poly - w/sandbags - per sq ft (lab & mat)
18*54 972.00SF [*] 0.20+ 1.15 = 48.02 272.04 1,632.26
Roofing - Stucco - Painting - Concrete and Tile work will create debris that can enter the pool.
Tarp over the exposed pool to prevent debris from entering the water
Totals: Pool Area 48.02 272.04 1,632.26
Window Treatments
CAT SEL ACT DESCRIPTION
CALC QTY RESET REMOVE REPLACE TAX O&P TOTAL
54. WDT BIDITM + Window Treatment (Bid Item) Per Home Carpet And Window Treatments
1 1.00EA [*E] 0.00+ 24,572.70 = 0.00 4,914.54 29,487.24
Includes: Breakfast area, Bar. Office Bathroom, Office, Blue Bedroom, Bedroom 3, Bedroom 3 Bathroom.
55. WDT DRAPRH + Window drapery - remove and rehang - per hour
2*8 16.00HR 0.00+ 86.21 = 0.00 275.88 1,655.24
Includes: Breakfast area, Bar. Office Bathroom, Office, Blue Bedroom, Bedroom 3, Bedroom 3 Bathroom.
56. WDT BIDITM + Window Treatment (Bid Item) The Shade Store Bid
1 1.00EA [*E] 0.00+ 4,707.32 = 0.00 941.46 5,648.78
Per bid dated 03/04/2025
Totals: Window Treatments 0.00 6,131.88 36,791.26
Stucco
CAT SEL ACT DESCRIPTION
CALC QTY RESET REMOVE REPLACE TAX O&P TOTAL
-----Stucco/Main house-----
57. STU BIDITM + Stucco & Exterior Plaster (Bid Item) - McDermott Construction
1 1.00EA [*E] 0.00+ 144,000.00 = 0.00 28,800.00 172,800.00
KALYVAS_JVB_V6_KALY2 10/2/2025 Page: 11
12
Office of Jared V. Boergadine, Licensed Appraiser & Public Adjuster
Arizona Public Adjuster License #18382965
California Public Adjuster License #2L70602
Colorado Public Adjuster License #608394
Nevada Public Adjuster License # 3443075
Texas Public Adjuster License #2207166
CONTINUED - Stucco
CAT SEL ACT DESCRIPTION
CALC QTY RESET REMOVE REPLACE TAX O&P TOTAL
The line items applies to the stucco repairs per McDermott Construction
Scope of work:
- Includes removal of all ivy on entire house
- Includes removal and mapping of gutters prior to stucco work
- Includes pressure washing of all walls to remove soot and fire damage and ivy removal debris
- Includes covering all doors and windows with 2 mil plastic and duct tape
- Includes covering all floors with 4 mil plastic, jumbo tex, and duct tape
- Includes sandblasting of existing stucco surfaces as needed
- Includes new lath around all new doors and windows
- Includes application of scratch coat around all new doors and windows
- Includes application of brown coat around all new doors and windows
- Includes new fiberglass netting installed to entire building
- Includes stucco entire building to a smooth “cat face” finish with new color coat and embedded color (painting not required)
- Includes final site protection and cleanup
58. STU MISC + Ivy Removal per McDermott - Invoice #3
1 1.00EA 0.00+ 9,750.00 = 379.76 2,025.96 12,155.72
The line item applies to the ivy removal and prep work for painting per McDermott Construction
Scope of the work
- includes sanding entire house where ivy was removed due to roots growing into stucco and need to be removed for proper stucco
installation
-----Stucco Repairs to Other Structures-----
59. STU BIDITM + Stucco & Exterior Plaster (Bid Item) - McDermott Construction
1 1.00EA [*E] 0.00+ 20,000.00 = 0.00 4,000.00 24,000.00
The line item applies to the stucco repairs to the retaining wall, fences and gate.
Scope of work:
- Includes sandblasting of retaining wall, fences, and gate surfaces to remove soot, fire damage, and loose stucco
- Includes application of new stucco system over masonry, consisting of scratch coat, brown coat, and finish coat
- Includes installation of fiberglass mesh reinforcement for durability
- Includes smooth “cat face” finish to match existing property stucco
- Includes site protection, masking, and cleanup of all surrounding areas
-----Dump-----
60. DMO BIDITM - General Demolition (Bid Item) per McDermott
1 1.00EA [*] 6,800.00+ 0.00 = 0.00 1,360.00 8,160.00
The line item applies to the exterior debris per McDermott Construction
Scope of work:
-Includes (6) loads of 40 yard trash bins on site Pending $ 6,800.00
- Includes pickup and delivery
-----Scaffolding-----
61. SCF BIDITM + Scaffolding (Bid Item) - Exterior Scaffolding
1 1.00EA [*E] 0.00+ 17,500.00 = 0.00 3,500.00 21,000.00
KALYVAS_JVB_V6_KALY2 10/2/2025 Page: 12
13
Office of Jared V. Boergadine, Licensed Appraiser & Public Adjuster
Arizona Public Adjuster License #18382965
California Public Adjuster License #2L70602
Colorado Public Adjuster License #608394
Nevada Public Adjuster License # 3443075
Texas Public Adjuster License #2207166
CONTINUED - Stucco
CAT SEL ACT DESCRIPTION
CALC QTY RESET REMOVE REPLACE TAX O&P TOTAL
The line item applies to the exterior scaffolding per McDermott Construction
Scope of work:
Includes setting up scaffolding around the entire building
Includes tearing down scaffolding around the entire building
Totals: Stucco 379.76 39,685.96 238,115.72
Main Structure
First Floor
Foyer/Staircase Height: 20' 6"
"93
"12
1488.76 SF Walls 367.99 SF Ceiling 6 751
3" 1856.76 SF Walls & Ceiling 367.99 SF Floor
19' 9" 1' 5"
0'
40.89 SY Flooring 62.71 LF Floor Perimeter
8'
92.19 LF Ceil. Perimeter
" "35
2' "111
Missing Wall - Goes to Floor 3' 9" X 6' 8" Opens into FAMILY_ROOM2
Subroom: Entry (3) Height: 19' 6"
514.64 SF Walls 100.00 SF Ceiling
"26
614.64 SF Walls & Ceiling 100.00 SF Floor
"
8
11.11 SY Flooring 22.33 LF Floor Perimeter 8
"11
28.50 LF Ceil. Perimeter 12
Missing Wall - Goes to Floor 6' 2" X 6' 8" Opens into DINING_ROOM
Missing Wall 12' 6" X 19' 6" Opens into FOYER_STAIRC
KALYVAS_JVB_V6_KALY2 10/2/2025 Page: 13
14
Office of Jared V. Boergadine, Licensed Appraiser & Public Adjuster
Arizona Public Adjuster License #18382965
California Public Adjuster License #2L70602
Colorado Public Adjuster License #608394
Nevada Public Adjuster License # 3443075
Texas Public Adjuster License #2207166
Subroom: Hallway to Kitchen (4) Height: 10'
254.04 SF Walls 75.76 SF Ceiling
1' 7" 8"
329.80 SF Walls & Ceiling 75.76 SF Floor "62 "35
8.42 SY Flooring 20.71 LF Floor Perimeter "71
8' 2" 4' 7" 1' 10"
34.46 LF Ceil. Perimeter
Missing Wall - Goes to Floor 4' 7" X 6' 8" Opens into DINING_ROOM
Missing Wall 5' 3" X 10' Opens into FOYER_STAIRC
Missing Wall - Goes to Floor 9' 2" X 6' 8" Opens into FAMILY_ROOM2
Subroom: Foyer/Staircase (2) Height: 10'
Subroom: Foyer/Staircase (1) Height: 10'
"
31
1
337.55 SF Walls 73.64 SF Ceiling
"
86
411.19 SF Walls & Ceiling 73.64 SF Floor 6
8' 8.18 SY Flooring 33.76 LF Floor Perimeter
' 4" 91' 4' 33.76 LF Ceil. Perimeter
' "0
6"
Missing Wall 7' 11 13/16" X 10' Opens into FOYER_STAIRC
4" 97 "" Subroom: Line 1n C 3.l 8o 7se St F(5 W) Height: 10'
1'
2' 5"
0 alls 5.42 SF Ceiling
1'
6" 109.29 SF Walls & Ceiling 5.42 SF Floor
3'
1 1" 0.60 SY Flooring 10.39 LF Floor Perimeter "11
4'
2" 10.39 LF Ceil. Perimeter 2
CAT SEL ACT DESCRIPTION
CALC QTY RESET REMOVE REPLACE TAX O&P TOTAL
----Ceiling----
62. PNT SP2 + Seal/prime (1 coat) then paint (2 coats) the ceiling
C 622.81SF PER PNT BID
KALYVAS_JVB_V6_KALY2 10/2/2025 Page: 14
15
Office of Jared V. Boergadine, Licensed Appraiser & Public Adjuster
Arizona Public Adjuster License #18382965
California Public Adjuster License #2L70602
Colorado Public Adjuster License #608394
Nevada Public Adjuster License # 3443075
Texas Public Adjuster License #2207166
CONTINUED - Foyer/Staircase
CAT SEL ACT DESCRIPTION
CALC QTY RESET REMOVE REPLACE TAX O&P TOTAL
63. PNT MASKLFT + Mask and prep for paint - tape only (per LF)
PC*4 797.19LF PER PNT BID
Masking off crown moulding to paint the walls top and bottom, once to paint walls, once to stain the crown moulding
----Walls----
64. PNT MASKLF + Mask and prep for paint - plastic, paper, tape (per LF)
PC*2 398.59LF PER PNT BID
Mask off ceiling and flooring to paint walls
65. PNT SP2 + Seal/prime (1 coat) then paint (2 coats) the walls
W 2698.86SF PER PNT BID
66. CLN SBS+ + Soda blasting - Heavy
7*1.5+2.5*8'3 31.13SF 0.00+ 3.80 = 3.67 24.40 146.36
67. PNT BRK + Seal brick with masonry sealer
7*1.5+2.5*8'3 31.13SF PER PNT BID
68. FNC B4 & R&R Baseboard - 4 1/4"
PF 149.90LF 0.69+ 5.70 = 40.02 199.56 1,197.44
69. PNT B2 + Paint baseboard - two coats
PF 149.90LF PER PNT BID
-----Floor-----
70. FCS TZR + Travertine resurfacing - grind and re-seal
F 622.81SF 0.00+ 17.77 = 7.69 2,215.00 13,290.02
rough grind to remove approx. 1mm of the top layer of stone.
71. FCS MBLP + Travertine floor - buff & polish
F 622.81SF 0.00+ 2.40 = 6.51 300.24 1,801.49
Polish the surface after the rough grind on the stone.
72. FCS GROUT + Regrout stone floor
F 622.81SF 0.00+ 6.42 = 5.92 800.86 4,805.22
73. FCS SEAL + Tile/stone sealer
F 622.81SF 0.00+ 1.53 = 21.89 194.96 1,169.75
Extra coat of stone sealer after resurfacing. The grind and reseal line item only allows for one coat of sealer, the nature of the grinding of the stone
will require multiple coats to protect the stone.
74. DMO MASKSFP - Floor protection - heavy paper and tape
F 622.81SF 0.45+ 0.00 = 4.14 56.88 341.28
Floor paper to protect floor after new flooring installation
-----Door/Windows------
75. ORI GRILRS + Ornamental iron - security grill - Detach & reset
22*1.5+3.75*2+25*7" 55.08SF 0.00+ 26.00 = 0.00 286.42 1,718.50
76. WDR SCRN & R&R Window screen, 10 - 16 SF
2 2.00EA 5.72+ 61.72 = 10.42 29.04 174.34
KALYVAS_JVB_V6_KALY2 10/2/2025 Page: 15
16
Office of Jared V. Boergadine, Licensed Appraiser & Public Adjuster
Arizona Public Adjuster License #18382965
California Public Adjuster License #2L70602
Colorado Public Adjuster License #608394
Nevada Public Adjuster License # 3443075
Texas Public Adjuster License #2207166
CONTINUED - Foyer/Staircase
CAT SEL ACT DESCRIPTION
CALC QTY RESET REMOVE REPLACE TAX O&P TOTAL
77. PNT DORT + Paint door/window trim & jamb - 2 coats (per side)
3 3.00EA PER PNT BID
78. PNT DORT> + Paint door/window trim & jamb - Large - 2 coats (per side)
14 14.00EA PER PNT BID
79. DOR DORRS + Interior door - Detach & reset
5 5.00EA 0.00+ 114.34 = 0.48 114.44 686.62
80. PNT DOR + Paint door slab only - 2 coats (per side)
10 10.00EA PER PNT BID
81. PNT XDOR + Prime & paint door slab only - exterior (per side)
2 2.00EA PER PNT BID
82. PNT FRX + Prime & paint French door slab only - exterior (per side)
8 8.00EA PER PNT BID
83. WDR RWDW + Lube/recondition operable window
2 2.00EA 0.00+ 162.52 = 0.31 65.06 390.41
-----Stairs-----
84. WDT HW>- R Detach & Reset Window drapery - hardware - single rod - Large
1 1.00EA 51.34 0.00+ 0.00 = 0.00 10.26 61.60
85. TIL TRAV++ & R&R Travertine tile - Premium grade
8*1'3+(4"*1'8)*34 28.89SF 3.03+ 27.56 = 32.85 183.32 1,099.92
Premium Quality Travertine stone floor tiles, with minimal pits/filler. Travertine is a very porous stone and as such is very susceptible to damages
and staining from smoke and ash based contaminations. due to the level of soiling present in the home, a replacement is warranted on all porous
stone surfaces. Due to the small cuts and vertical nature of this tile, grinding will be difficult without damaging these tiles so replacement is
preferred
86. TIL BMUD & R&R Mortar bed for tile
8*1'3+(4"*1'8)*34 28.89SF 2.52+ 14.01 = 4.75 96.48 578.78
87. FCS SEAL + Tile/stone sealer
8*1'3+(4"*1'8)*34 28.89SF 0.00+ 1.53 = 1.02 9.04 54.26
88. DMO MASKSFP - Floor protection - heavy paper and tape
(3'4*1'6)*17 85.00SF 0.45+ 0.00 = 0.57 7.78 46.60
Floor paper to protect floor after new flooring installation
89. FCC AV++ + Carpet - Premium grade
((16"*3)*17)*1.15 78.20SF PER FCC BID
90. FCC PAD++ + Carpet pad - Premium grade
(10"*3')*17 42.50SF PER FCC BID
91. FCC STP + Step charge for "waterfall" carpet installation
17 17.00EA PER FCC BID
Totals: Foyer/Staircase 140.24 4,593.74 27,562.59
KALYVAS_JVB_V6_KALY2 10/2/2025 Page: 16
17
Office of Jared V. Boergadine, Licensed Appraiser & Public Adjuster
Arizona Public Adjuster License #18382965
California Public Adjuster License #2L70602
Colorado Public Adjuster License #608394
Nevada Public Adjuster License # 3443075
Texas Public Adjuster License #2207166
5"7 2'" 8" 9' 4" ' 2"' 11 Den Height: 10' 0
"13
702.20 SF Walls 317.02 SF Ceiling
"42
1019.22 SF Walls & Ceiling 317.02 SF Floor "
71 71 "1131
35.22 SY Flooring 70.22 LF Floor Perimeter
"25
2' 6" 70.22 LF Ceil. Perimeter
4' 3"4' 1" 1 9
4'
CAT SEL ACT DESCRIPTION
CALC QTY RESET REMOVE REPLACE TAX O&P TOTAL
----Ceiling----
92. FNC CWNM7+ & R&R Crown molding - 7-piece - stain grade
PC 70.22LF OPEN ITEM
93. PNT CWNS + Stain & finish crown molding
PC 70.22LF PER PNT BID
94. WPR PREP + Prep wall for wallpaper
C 317.02SF OPEN ITEM
95. WPR AV++ + Wallpaper - Premium grade
C 317.02SF OPEN ITEM
----Walls----
96. DRY 5/8- & R&R 5/8" drywall - hung, taped, ready for texture
(2'5+1'8+3'9+4'10+4'+3 90.54SF 0.64+ 3.94 = 6.62 84.26 505.56
'5+1'2)*4'2+2
97. DRY TEX++ + Texture drywall - smooth / skim coat
90.54 90.54SF 0.00+ 2.67 = 1.20 48.58 291.52
98. DRY PATCHJ + Tape joint for new to existing drywall - per LF
2'5+1'8+3'9+4'10+4'+3' 21.25LF 0.00+ 16.57 = 0.75 70.58 423.44
5+1'2
99. PNT S++ + Seal the surface area with shellac/stain blocker - one coat
90.54 90.54SF 0.00+ 1.18 = 1.81 21.72 130.37
100. INS BTF6 + Batt insulation - 6" - R19 - paper / foil faced
90.54 90.54SF 0.00+ 1.78 = 9.72 34.18 205.06
101. CLN SBS+ + Soda blasting - Heavy
44+18 62.00SF 0.00+ 3.80 = 7.30 48.58 291.48
square footage of each column is roughly 22sqft.
102. PNT COLS + Stain & finish column
12' 12.00LF PER PNT BID
103. PNT MASKLF + Mask and prep for paint - plastic, paper, tape (per LF)
PC*2 140.44LF PER PNT BID
Mask off ceiling and flooring to paint walls
104. FNC B4 & R&R Baseboard - 4 1/4"
PF 70.22LF 0.69+ 5.70 = 18.75 93.52 560.97
105. PNT B2 + Paint baseboard - two coats
PF 70.22LF PER PNT BID
KALYVAS_JVB_V6_KALY2 10/2/2025 Page: 17
18
Office of Jared V. Boergadine, Licensed Appraiser & Public Adjuster
Arizona Public Adjuster License #18382965
California Public Adjuster License #2L70602
Colorado Public Adjuster License #608394
Nevada Public Adjuster License # 3443075
Texas Public Adjuster License #2207166
CONTINUED - Den
CAT SEL ACT DESCRIPTION
CALC QTY RESET REMOVE REPLACE TAX O&P TOTAL
106. WPR PREP + Prep wall for wallpaper
W 702.20SF OPEN ITEM
107. WPR AV++ + Wallpaper - Premium grade
W 702.20SF OPEN ITEM
108. ELE REWIRE + Rewire\wire - avg. residence - boxes & wiring
130 130.00SF 0.00+ 5.28 = 8.27 138.94 833.61
rewire burnt area of wall requiring stucco replacement
-----Floor-----
109. FCW SUBFLR - Remove Tear out wood flooring and subfloor
.8F 253.62SF 5.28+ 0.00 = 0.00 267.82 1,606.93
removal of contaminated wood flooring throughout first floor(2492.24sf), second floor(2777.32sf), and third floor(2544.08). the area of all tiled
rooms( guest bathroom, master bathroom, master shower bathroom1 and closet, bathroom 2, 3, and ,4, and rear foyer)has been deducted from this
total (338.27sf)
110. FCW LAMTD++ + Engineered wood flooring - Premium grade
F 317.02SF 0.00+ 18.29 = 398.45 1,239.36 7,436.11
111. FRM UL5/8P + Underlayment - 5/8" BC plywood
F 317.02SF 0.00+ 3.52 = 66.56 236.50 1,418.97
112. FCW GADDW & Add for glued down wood flooring appl. over wood substrate
F 317.02SF 4.55+ 1.42 = 33.43 385.20 2,311.24
113. PNT MASKSFP + Floor protection - heavy paper and tape
F 317.02SF PER PNT BID
floor protection for new flooring install
-----Door/Windows------
114. WDT RU & R&R Window shade - roll up
2 2.00EA SEE WDT BID
115. WDT RU> & R&R Window shade - roll up - Large
1 1.00EA SEE WDT BID
116. DRY WDR & R&R Drywall window return - up to 6"
8'+10'5+8' 26.42LF 0.64+ 15.81 = 3.11 87.54 525.26
117. PNT DORT + Paint door/window trim & jamb - 2 coats (per side)
3 3.00EA PER PNT BID
118. PNT DORT> + Paint door/window trim & jamb - Large - 2 coats (per side)
13 13.00EA PER PNT BID
119. WDR RWDW + Lube/recondition operable window
3 3.00EA 0.00+ 162.52 = 0.46 97.62 585.64
-----Fixtures-----
120. SPE TSIW+ & R&R In-wall / In-ceiling speaker - High grade
2 2.00EA 7.58+ 468.36 = 72.58 204.90 1,229.36
-----Fireplace-----
KALYVAS_JVB_V6_KALY2 10/2/2025 Page: 18
19
Office of Jared V. Boergadine, Licensed Appraiser & Public Adjuster
Arizona Public Adjuster License #18382965
California Public Adjuster License #2L70602
Colorado Public Adjuster License #608394
Nevada Public Adjuster License # 3443075
Texas Public Adjuster License #2207166
CONTINUED - Den
CAT SEL ACT DESCRIPTION
CALC QTY RESET REMOVE REPLACE TAX O&P TOTAL
121. CLN SBS+ + Soda blasting - Heavy
20 20.00SF 0.00+ 3.80 = 2.36 15.68 94.04
122. FCT SEALS + Tile/stone sealer
20 20.00SF 0.00+ 1.52 = 0.70 6.22 37.32
Totals: Den 632.07 3,081.20 18,486.88
Bathroom Height: 10'
2'
4"
4"
7' 0" 5' 2 3' 259.29 SF Walls 41.66 SF Ceiling
6'
300.95 SF Walls & Ceiling 41.66 SF Floor
"12 "011
1" 24 5. .6 93 S LY CF elo ilo r Pin eg 25.93 LF Floor Perimeter
8' 3"
10" 2' 6" 8' 3 F . rimeter
9"
pp
CAT SEL ACT DESCRIPTION
CALC QTY RESET REMOVE REPLACE TAX O&P TOTAL
----Ceiling----
123. PNT MASKLFT + Mask and prep for paint - tape only (per LF)
PC*4 103.72LF PER PNT BID
Masking off crown moulding to paint the walls top and bottom, once to paint walls, once to stain the crown moulding
124. WPR AV++ + Wallpaper - Premium grade
C 41.66SF OPEN ITEM
125. WPR PREP + Prep wall for wallpaper
C 41.66SF OPEN ITEM
----Walls----
126. PNT MASKLF + Mask and prep for paint - plastic, paper, tape (per LF)
(PC)*2 51.86LF PER PNT BID
Mask off ceiling and flooring to paint walls
-----Wallpaper------
127. WPR BIDITM M Wallpaper (Bid Item) - Les Oiseaux Panel Set in Jade, 3-Panel Set
1 1.00EA [*E] 0.00+ 2,016.00 = 0.00 403.20 2,419.20
Pricing: Jade Wallcoverings | LES OISEAUX PANEL SET | Backdrop x Schumacher
(3) panel Set is minimum order
This includes the ceiling
KALYVAS_JVB_V6_KALY2 10/2/2025 Page: 19
20
Office of Jared V. Boergadine, Licensed Appraiser & Public Adjuster
Arizona Public Adjuster License #18382965
California Public Adjuster License #2L70602
Colorado Public Adjuster License #608394
Nevada Public Adjuster License # 3443075
Texas Public Adjuster License #2207166
CONTINUED - Bathroom
CAT SEL ACT DESCRIPTION
CALC QTY RESET REMOVE REPLACE TAX O&P TOTAL
128. WPR AV++ I Install Wallpaper - Premium grade
(PC*5'1)-(4*3) 119.81SF 0.00+ 2.40 = 0.00 57.50 345.04
129. WPR PREP + Prep wall for wallpaper
(PC*5'1)-(4*3) 119.81SF SEE BID
-----Floor-----
130. FCS TZR + Travertine resurfacing - grind and re-seal
F 41.66SF 0.00+ 17.77 = 0.51 148.16 888.97
rough grind to remove approx. 1mm of the top layer of stone.
131. FCS MBLP + Travertine floor - buff & polish
F 41.66SF 0.00+ 2.40 = 0.44 20.08 120.50
Polish the surface after the rough grind on the stone.
132. FCS GROUT + Regrout stone floor
F 41.66SF 0.00+ 6.42 = 0.40 53.58 321.44
133. FCS SEAL + Tile/stone sealer
F 41.66SF 0.00+ 1.53 = 1.46 13.04 78.24
Extra coat of stone sealer after resurfacing. The grind and reseal line item only allows for one coat of sealer, the nature of the grinding of the stone
will require multiple coats to protect the stone.
134. DMO MASKSFP - Floor protection - heavy paper and tape
F 41.66SF 0.45+ 0.00 = 0.28 3.82 22.85
Floor paper to protect floor after new flooring installation
-----Doors and Windows-----
135. PNT DORT> + Paint door/window trim & jamb - Large - 2 coats (per side)
2 2.00EA PER PNT BID
door frame and window frame
136. WDR RWDW + Lube/recondition operable window
1 1.00EA 0.00+ 162.52 = 0.15 32.54 195.21
137. WDR SCRN< & R&R Window screen, 1 - 9 SF
1 1.00EA 5.74+ 45.48 = 3.66 10.98 65.86
138. WDT HW< R Detach & Reset Window drapery - hardware - Small
1 1.00EA 51.34 0.00+ 0.00 = 0.00 10.26 61.60
-----Plumbing-----
139. PLM TLTRS + Toilet - Detach & reset
1 1.00EA 0.00+ 305.16 = 0.87 61.22 367.25
140. PLM FAUBA+ R Detach & Reset Sink faucet - Bathroom - High grade
1 1.00EA 149.84 0.00+ 0.00 = 0.00 29.96 179.80
141. PLM PSNKRS + Pedestal sink - Detach & reset
1 1.00EA 0.00+ 354.15 = 0.00 70.84 424.99
142. PLM STOP & R&R Angle stop valve
3 3.00EA 7.59+ 46.42 = 3.56 33.14 198.73
KALYVAS_JVB_V6_KALY2 10/2/2025 Page: 20
21
Office of Jared V. Boergadine, Licensed Appraiser & Public Adjuster
Arizona Public Adjuster License #18382965
California Public Adjuster License #2L70602
Colorado Public Adjuster License #608394
Nevada Public Adjuster License # 3443075
Texas Public Adjuster License #2207166
CONTINUED - Bathroom
CAT SEL ACT DESCRIPTION
CALC QTY RESET REMOVE REPLACE TAX O&P TOTAL
The angle stop valve was replaced rather than reused due to the risk of failure associated with aging or previously disturbed plumbing components.
Reusing an old valve can result in leaks or malfunction, especially after being shut off and turned back on during repairs. Replacement ensures a
reliable seal, compliance with plumbing best practices, and minimizes future water damage risk.
143. PLM CAPC + Water line copper cap/plug - per cap
3 3.00EA 0.00+ 29.74 = 0.47 17.94 107.63
Copper plumbing caps have been installed on exposed angle stops to properly terminate water supply lines after fixture removal. This prevents
debris intrusion and potential water discharge, ensuring safety and compliance with industry standards during mitigation or repair phases. The caps
also allow for future reconnection of fixtures without additional plumbing modifications.
-----Lights-----
Totals: Bathroom 11.80 966.26 5,797.31
5" Garage Hall Height: 10'
3' 6" 4' "3' " pp 245.87 SF Walls 54.30 SF Ceiling 4 "1 "62
"62
300.17 SF Walls & Ceiling 54.30 SF Floor
"22
6
2' 6.03 SY Flooring 23.73 LF Floor Perimeter "13
8"
7"1' 26.31 LF Ceil. Perimeter
113 "' 1" 2'
2'
Door 2' 7" X 6' 8" Opens into GARAGE
Subroom: Laundry Room (2) Height: 13' 5"
2'
11"
2" 110.13 SF Walls 18.66 SF Ceiling
6'
4"
6' 4" 128 3. .8 80 S SF W Fla ol ols i& Ceiling 3 14 3. .6 31 S LF F Fl lo oo or
4'
2" 5 Y r ng 0 F r Perimeter
4'
10" 10.60 LF Ceil. Perimeter
3' 1" 1' pp
Missing Wall 1' 10 5/16" X 13' 4 13/16" Opens into GARAGE_HALL2
Missing Wall 2' 10 7/8" X 13' 4 13/16" Opens into STAIRS1
Missing Wall 3' 7/8" X 13' 4 13/16" Opens into GARAGE_HALL2
KALYVAS_JVB_V6_KALY2 10/2/2025 Page: 21
22
Office of Jared V. Boergadine, Licensed Appraiser & Public Adjuster
Arizona Public Adjuster License #18382965
California Public Adjuster License #2L70602
Colorado Public Adjuster License #608394
Nevada Public Adjuster License # 3443075
Texas Public Adjuster License #2207166
Subroom: Laundry Room (1) Height: 8'
2'
3'
54.88 SF Walls 5.74 SF Ceiling
5
2' "
60.63 SF Walls & Ceiling 5.74 SF Floor
1
2' 1 "
1 0.64 SY Flooring 6.86 LF Floor Perimeter
1
"
4" 6.86 LF Ceil. Perimeter
2'
Missing Wall 2' 10 7/8" X 8' Opens into STAIRS
CAT SEL ACT DESCRIPTION
CALC QTY RESET REMOVE REPLACE TAX O&P TOTAL
----Ceiling----
144. PNT SP2 + Seal/prime (1 coat) then paint (2 coats) the ceiling
C 78.71SF PER PNT BID
145. PNT MASKLFT + Mask and prep for paint - tape only (per LF)
PC*4 175.06LF PER PNT BID
Masking off crown moulding to paint the walls top and bottom, once to paint walls, once to stain the crown moulding
----Walls----
146. HVC CARS + Cold air return cover - Detach & reset
1 1.00EA 0.00+ 28.59 = 0.00 5.72 34.31
147. PNT CA + Prime & paint cold air return (cover)
1 1.00EA PER PNT BID
148. PNT MASKLF + Mask and prep for paint - plastic, paper, tape (per LF)
PC*2 87.53LF PER PNT BID
Mask off ceiling and flooring to paint walls
149. PNT SP2 + Seal/prime (1 coat) then paint (2 coats) the walls
W 410.88SF PER PNT BID
150. FNC B4 & R&R Baseboard - 4 1/4"
PF 43.89LF 0.69+ 5.70 = 11.72 58.44 350.61
151. PNT B2 + Paint baseboard - two coats
PF 43.89LF PER PNT BID
-----Floor-----
152. FCT GROUT + Regrout tile floor
F 94.66SF 0.00+ 7.10 = 4.50 135.32 811.91
153. FCS SEAL + Tile/stone sealer
F*2 189.32SF 0.00+ 1.53 = 6.65 59.28 355.59
154. DMO MASKSFP - Floor protection - heavy paper and tape
F 94.66SF 0.45+ 0.00 = 0.63 8.64 51.87
Floor paper to protect floor after new flooring installation
-----Door/Windows------
155. PNT DORT> + Paint door/window trim & jamb - Large - 2 coats (per side)
2 2.00EA PER PNT BID
156. DOR DOR-RS + Interior door - Detach & reset - slab only
2 2.00EA 0.00+ 31.16 = 0.00 12.46 74.78
KALYVAS_JVB_V6_KALY2 10/2/2025 Page: 22
23
Office of Jared V. Boergadine, Licensed Appraiser & Public Adjuster
Arizona Public Adjuster License #18382965
California Public Adjuster License #2L70602
Colorado Public Adjuster License #608394
Nevada Public Adjuster License # 3443075
Texas Public Adjuster License #2207166
CONTINUED - Garage Hall
CAT SEL ACT DESCRIPTION
CALC QTY RESET REMOVE REPLACE TAX O&P TOTAL
157. PNT DOR + Paint door slab only - 2 coats (per side)
4 4.00EA PER PNT BID
-----Stairs-----
158. FCW SUBFLR - Remove Tear out wood flooring and subfloor
16.28 16.28SF 5.28+ 0.00 = 0.00 17.20 103.16
removal of contaminated wood flooring throughout first floor(2492.24sf), second floor(2777.32sf), and third floor(2544.08). the area of all tiled
rooms( guest bathroom, master bathroom, master shower bathroom1 and closet, bathroom 2, 3, and ,4, and rear foyer)has been deducted from this
total (338.27sf)
159. FCW LAMS + Stair nosing - for wood flooring
PF 43.89LF 0.00+ 10.31 = 36.73 97.84 587.08
160. FCW LAMTDT + Engineered wood flooring - step charge (tread and riser)
19*3 57.00LF 0.00+ 33.37 = 115.83 403.58 2,421.50
161. DMO MASKSFP - Floor protection - heavy paper and tape
(3'4*1'6)*17 85.00SF 0.45+ 0.00 = 0.57 7.78 46.60
Floor paper to protect floor after new flooring installation
Totals: Garage Hall 176.63 806.26 4,837.41
8' 2" 4' 7" Dining Room Height: 10' "01 "01 "111
1"4' 5 86 39 1. .0 50 S SF W Wa al ll ls 2 26 62 2. .5 56 S SF C Fle oi oli rng "26
4'
6 F s & Ceiling 6 F "1 011"014
"28
29.17 SY Flooring 53.21 LF Floor Perimeter "65 "114
5' 105 "' 7" 5' 8 5" 11" 63.96 LF Ceil. Perimeter
'
Missing Wall - Goes to Floor 6' 2" X 6' 8" Opens into ENTRY1
Missing Wall - Goes to Floor 4' 7" X 6' 8" Opens into HALLWAY_TO_K
CAT SEL ACT DESCRIPTION
CALC QTY RESET REMOVE REPLACE TAX O&P TOTAL
----Ceiling----
162. PNT MASKLFT + Mask and prep for paint - tape only (per LF)
PC*4 255.83LF PER PNT BID
Masking off crown moulding to paint the walls top and bottom, once to paint walls, once to stain the crown moulding
163. PNT SP2 + Seal/prime (1 coat) then paint (2 coats) the walls and ceiling
WC 831.56SF PER PNT BID
KALYVAS_JVB_V6_KALY2 10/2/2025 Page: 23
24
Office of Jared V. Boergadine, Licensed Appraiser & Public Adjuster
Arizona Public Adjuster License #18382965
California Public Adjuster License #2L70602
Colorado Public Adjuster License #608394
Nevada Public Adjuster License # 3443075
Texas Public Adjuster License #2207166
CONTINUED - Dining Room
CAT SEL ACT DESCRIPTION
CALC QTY RESET REMOVE REPLACE TAX O&P TOTAL
164. HVC CARS + Cold air return cover - Detach & reset
2 2.00EA 0.00+ 28.59 = 0.00 11.44 68.62
165. PNT CA + Prime & paint cold air return (cover)
2 2.00EA PER PNT BID
----Walls----
166. CLN SBS+ + Soda blasting - Heavy
18 18.00SF 0.00+ 3.80 = 2.12 14.10 84.62
square footage of each column is roughly 22sqft.
167. PNT COLS + Stain & finish column
12' 12.00LF PER PNT BID
168. PNT MASKLF + Mask and prep for paint - plastic, paper, tape (per LF)
PC*2 127.92LF PER PNT BID
Mask off ceiling and flooring to paint walls
169. PNT SP2 + Seal/prime (1 coat) then paint (2 coats) the walls
W 569.00SF PER PNT BID
170. FNC B4 & R&R Baseboard - 4 1/4"
PF 53.21LF 0.69+ 5.70 = 14.20 70.84 425.05
171. PNT B2 + Paint baseboard - two coats
PF 53.21LF PER PNT BID
-----Wallpaper------
172. WPR BIDITM M Wallpaper (Bid Item) - Premium grade - Le Joffa Beaujeu GGc - Petal Jade
6 6.00EA [*E] 0.00+ 3,086.00 = 0.00 3,703.20 22,219.20
Wallpaper:https://www.kravet.com/p2016105-175 (6) Panels of Le Joffa Beaujeu - Petal/Jade, $3,086 per panel. Each panel = 90 Sq. ft.
173. WPR AV++ I Install Wallpaper - Premium grade
6*90 540.00SF 0.00+ 2.40 = 0.00 259.20 1,555.20
174. WPR PREP + Prep wall for wallpaper
540 540.00SF SEE BID
-----Floor-----
175. FCS TZR + Travertine resurfacing - grind and re-seal
F 262.56SF 0.00+ 17.77 = 3.24 933.78 5,602.71
rough grind to remove approx. 1mm of the top layer of stone.
176. FCS MBLP + Travertine floor - buff & polish
F 262.56SF 0.00+ 2.40 = 2.74 126.56 759.44
Polish the surface after the rough grind on the stone.
177. FCS GROUT + Regrout stone floor
F 262.56SF 0.00+ 6.42 = 2.49 337.62 2,025.75
178. FCS SEAL + Tile/stone sealer
F 262.56SF 0.00+ 1.53 = 9.23 82.18 493.13
Extra coat of stone sealer after resurfacing. The grind and reseal line item only allows for one coat of sealer, the nature of the grinding of the stone
will require multiple coats to protect the stone.
KALYVAS_JVB_V6_KALY2 10/2/2025 Page: 24
25
Office of Jared V. Boergadine, Licensed Appraiser & Public Adjuster
Arizona Public Adjuster License #18382965
California Public Adjuster License #2L70602
Colorado Public Adjuster License #608394
Nevada Public Adjuster License # 3443075
Texas Public Adjuster License #2207166
CONTINUED - Dining Room
CAT SEL ACT DESCRIPTION
CALC QTY RESET REMOVE REPLACE TAX O&P TOTAL
179. DMO MASKSFP - Floor protection - heavy paper and tape
F 262.56SF 0.45+ 0.00 = 1.75 24.00 143.90
Floor paper to protect floor after new flooring installation
-----Door/Windows------
180. WDT HW< R Detach & Reset Window drapery - hardware - Small
3 3.00EA 51.34 0.00+ 0.00 = 0.00 30.80 184.82
181. PNT DORT> + Paint door/window trim & jamb - Large - 2 coats (per side)
6 6.00EA PER PNT BID
182. WDR SCRN< & R&R Window screen, 1 - 9 SF
4 4.00EA 5.72+ 45.44 = 14.65 43.88 263.17
183. WDR SCRN & R&R Window screen, 10 - 16 SF
1 1.00EA 5.72+ 61.72 = 5.21 14.52 87.17
184. WDR RWDW + Lube/recondition operable window
5 5.00EA 0.00+ 162.52 = 0.77 162.68 976.05
-----Fixtures-----
185. SPE TSIW+ & R&R In-wall / In-ceiling speaker - High grade
2 2.00EA 7.58+ 468.36 = 72.58 204.90 1,229.36
remove and replace speakers due to etching and electrical damages from smoke based corrosion.
Totals: Dining Room 128.98 6,019.70 36,118.19
11 "' Pantry Height: 8'
11"
1' 2'
6" 200.43 SF Walls 31.70 SF Ceiling
8"
10" 232.13 SF Walls & Ceiling 31.70 SF Floor "19
"38
4'
4' 1" 3.52 SY Flooring 25.05 LF Floor Perimeter
25.05 LF Ceil. Perimeter
CAT SEL ACT DESCRIPTION
CALC QTY RESET REMOVE REPLACE TAX O&P TOTAL
----Ceiling----
186. PNT MASKLFT + Mask and prep for paint - tape only (per LF)
PC*4 100.21LF PER PNT BID
Masking off crown moulding to paint the walls top and bottom, once to paint walls, once to stain the crown moulding
KALYVAS_JVB_V6_KALY2 10/2/2025 Page: 25
26
Office of Jared V. Boergadine, Licensed Appraiser & Public Adjuster
Arizona Public Adjuster License #18382965
California Public Adjuster License #2L70602
Colorado Public Adjuster License #608394
Nevada Public Adjuster License # 3443075
Texas Public Adjuster License #2207166
CONTINUED - Pantry
CAT SEL ACT DESCRIPTION
CALC QTY RESET REMOVE REPLACE TAX O&P TOTAL
187. PNT SP2 + Seal/prime (1 coat) then paint (2 coats) the walls and ceiling
WC 232.13SF PER PNT BID
----Walls----
188. PNT MASKLF + Mask and prep for paint - plastic, paper, tape (per LF)
PC*2 50.11LF PER PNT BID
Mask off ceiling and flooring to paint walls
189. PNT SP2 + Seal/prime (1 coat) then paint (2 coats) the walls
W 200.43SF PER PNT BID
190. FNC B4 & R&R Baseboard - 4 1/4"
PF 25.05LF 0.69+ 5.70 = 6.69 33.36 200.12
191. PNT B2 + Paint baseboard - two coats
PF 25.05LF PER PNT BID
-----Floor-----
192. FCS TZR + Travertine resurfacing - grind and re-seal
F 31.70SF 0.00+ 17.77 = 0.39 112.74 676.44
rough grind to remove approx. 1mm of the top layer of stone.
193. FCS MBLP + Travertine floor - buff & polish
F 31.70SF 0.00+ 2.40 = 0.33 15.28 91.69
Polish the surface after the rough grind on the stone.
194. FCS GROUT + Regrout stone floor
F 31.70SF 0.00+ 6.42 = 0.30 40.76 244.57
195. FCS SEAL + Tile/stone sealer
F 31.70SF 0.00+ 1.53 = 1.11 9.92 59.53
Extra coat of stone sealer after resurfacing. The grind and reseal line item only allows for one coat of sealer, the nature of the grinding of the stone
will require multiple coats to protect the stone.
196. DMO MASKSFP - Floor protection - heavy paper and tape
F 31.70SF 0.45+ 0.00 = 0.21 2.90 17.38
Floor paper to protect floor after new flooring installation
-----Door/Windows------
197. PNT DORT> + Paint door/window trim & jamb - Large - 2 coats (per side)
1 1.00EA PER PNT BID
-----Fixtures-----
198. FNC SH12 & R&R Shelving - 12" - in place
(3'6+4'5+1'11)*5 49.17LF 0.57+ 14.28 = 25.83 151.20 907.21
199. ELE BPNL<RS + Breaker panel - 70 to 150 amp - Detach & reset
1 1.00EA 0.00+ 1,068.42 = 0.00 213.68 1,282.10
detach and reset to facilitate cleaning and painting
Totals: Pantry 34.86 579.84 3,479.04
KALYVAS_JVB_V6_KALY2 10/2/2025 Page: 26
27
Office of Jared V. Boergadine, Licensed Appraiser & Public Adjuster
Arizona Public Adjuster License #18382965
California Public Adjuster License #2L70602
Colorado Public Adjuster License #608394
Nevada Public Adjuster License # 3443075
Texas Public Adjuster License #2207166
' Family Room Height: 10' 6"
"
5"4'
5 2" 4' 1"
23' 3' 6" 4' 4" 774.48 SF Walls 556.09 SF Ceiling "93
1330.57 SF Walls & Ceiling 556.09 SF Floor
1 11 0" 6 81 8. .7 49 S LY CF elo ilo r Pin eg 67.85 LF Floor Perimeter
10' 10 ' 8
7" 9 F . rimeter
1" "5
7
7
Missing Wall - Goes to Floor 3' 9" X 6' 8" Opens into FOYER_STAIRC
Missing Wall 10' 6 11/16" X 10' 6" Opens into KITCHEN2
Missing Wall 6' 4 9/16" X 10' 6" Opens into KITCHEN2
Missing Wall - Goes to Floor 9' 2" X 6' 8" Opens into HALLWAY_TO_K
Subroom: Family Room Bar (1) Height: 9'
3'
9" 104.44 SF Walls 32.77 SF Ceiling
2'
137.21 SF Walls & Ceiling 18.29 SF Floor "75 "75
"4 "43
2.03 SY Flooring 6.01 LF Floor Perimeter
14.94 LF Ceil. Perimeter
"21
"9
Missing Wall 1' 2" X 9' Opens into FAMILY_ROOM2
Missing Wall 5' 6 3/4" X 9' Opens into FAMILY_ROOM2
Missing Wall 9 1/8" X 9' Opens into FAMILY_ROOM2
Window 1' 1" X 3' Opens into Exterior
CAT SEL ACT DESCRIPTION
CALC QTY RESET REMOVE REPLACE TAX O&P TOTAL
----Ceiling----
200. PNT SP2 + Seal/prime (1 coat) then paint (2 coats) the ceiling
C 588.86SF PER PNT BID
201. PNT MASKLFT + Mask and prep for paint - tape only (per LF)
PC*4 413.73LF PER PNT BID
Masking off crown moulding to paint the walls top and bottom, once to paint walls, once to stain the crown moulding
----Walls----
202. PNT MASKLF + Mask and prep for paint - plastic, paper, tape (per LF)
PC*2 206.86LF PER PNT BID
Mask off ceiling and flooring to paint walls
203. PNT SP2 + Seal/prime (1 coat) then paint (2 coats) the walls
W 878.93SF PER PNT BID
204. FNC B4 & R&R Baseboard - 4 1/4"
PF 73.86LF 0.69+ 5.70 = 19.72 98.34 590.02
205. PNT B2 + Paint baseboard - two coats
PF 73.86LF PER PNT BID
KALYVAS_JVB_V6_KALY2 10/2/2025 Page: 27
28
Office of Jared V. Boergadine, Licensed Appraiser & Public Adjuster
Arizona Public Adjuster License #18382965
California Public Adjuster License #2L70602
Colorado Public Adjuster License #608394
Nevada Public Adjuster License # 3443075
Texas Public Adjuster License #2207166
CONTINUED - Family Room
CAT SEL ACT DESCRIPTION
CALC QTY RESET REMOVE REPLACE TAX O&P TOTAL
-----Floor-----
206. FCS TZR + Travertine resurfacing - grind and re-seal
F-436.25 138.13SF 0.00+ 17.77 = 1.71 491.26 2,947.54
rough grind to remove approx. 1mm of the top layer of stone.
207. FCS MBLP + Travertine floor - buff & polish
F-436.25 138.13SF 0.00+ 2.40 = 1.44 66.58 399.53
Polish the surface after the rough grind on the stone.
208. FCS GROUT + Regrout stone floor
F-436.25 138.13SF 0.00+ 6.42 = 1.31 177.62 1,065.72
209. FCW SUBFLR - Remove Tear out wood flooring and subfloor
436.25 436.25SF 5.28+ 0.00 = 0.00 460.68 2,764.08
removal of contaminated wood flooring throughout first floor(2492.24sf), second floor(2777.32sf), and third floor(2544.08). the area of all tiled
rooms( guest bathroom, master bathroom, master shower bathroom1 and closet, bathroom 2, 3, and ,4, and rear foyer)has been deducted from this
total (338.27sf)
210. FCW LAMTD++ + Engineered wood flooring - Premium grade
436.25 436.25SF 0.00+ 18.29 = 548.30 1,705.46 10,232.77
211. FCW GADDW & Add for glued down wood flooring appl. over wood substrate
436.25 436.25SF 4.55+ 1.42 = 46.00 530.08 3,180.50
212. FRM UL5/8P + Underlayment - 5/8" BC plywood
436.25 436.25SF 0.00+ 3.52 = 91.59 325.44 1,952.63
213. FCS SEAL + Tile/stone sealer
(F-436.25)*2 276.25SF 0.00+ 1.53 = 9.71 86.48 518.85
214. DMO MASKSFP - Floor protection - heavy paper and tape
F 574.38SF 0.45+ 0.00 = 3.82 52.46 314.75
Floor paper to protect floor after new flooring installation
-----Door/Windows------
215. WDT HW>- R Detach & Reset Window drapery - hardware - single rod - Large
2 2.00EA 51.34 0.00+ 0.00 = 0.00 20.54 123.22
216. WDR SCRN< & R&R Window screen, 1 - 9 SF
2 2.00EA 5.72+ 45.44 = 7.32 21.92 131.56
217. PNT DORT + Paint door/window trim & jamb - 2 coats (per side)
2 2.00EA PER PNT BID
218. PNT DORT> + Paint door/window trim & jamb - Large - 2 coats (per side)
11 11.00EA PER PNT BID
219. DOR DORRS + Interior door - Detach & reset
1 1.00EA 0.00+ 114.34 = 0.10 22.88 137.32
220. PNT DOR + Paint door slab only - 2 coats (per side)
2 2.00EA PER PNT BID
KALYVAS_JVB_V6_KALY2 10/2/2025 Page: 28
29
Office of Jared V. Boergadine, Licensed Appraiser & Public Adjuster
Arizona Public Adjuster License #18382965
California Public Adjuster License #2L70602
Colorado Public Adjuster License #608394
Nevada Public Adjuster License # 3443075
Texas Public Adjuster License #2207166
CONTINUED - Family Room
CAT SEL ACT DESCRIPTION
CALC QTY RESET REMOVE REPLACE TAX O&P TOTAL
221. PNT FRX + Prime & paint French door slab only - exterior (per side)
12 12.00EA PER PNT BID
222. WDP SCRN36 & R&R Pella Retractable screen door , 36" wide
3 3.00EA [*] 7.62+ 431.90 = 121.13 287.94 1,727.63
The existing retractable screen door was damaged as a result of the loss event and is no longer functional. This unit is a Pella-branded retractable
screen system designed for a standard 36" exterior door. Replacement requires a complete retractable screen assembly, including housing, track
system, latch, and screen. Pricing is based on Pella’s current market pricing for a 36" retractable screen door kit.
Total assumed material cost for replacement: $425.00.
**This line item price may change**
223. WDR RDOR + Lube/recondition sliding glass door
3 3.00EA 0.00+ 212.27 = 0.76 127.52 765.09
224. WDR RWDW + Lube/recondition operable window
3 3.00EA 0.00+ 162.52 = 0.46 97.62 585.64
-----Plumbing-----
225. PLM FAU & R&R Sink faucet - Kitchen
1 1.00EA 28.40+ 290.90 = 18.38 67.54 405.22
226. PLM SNK & R&R Sink - single
1 1.00EA 28.40+ 300.18 = 15.62 68.84 413.04
227. PLM STOP & R&R Angle stop valve
2 2.00EA 7.59+ 46.42 = 2.37 22.08 132.47
228. PLM CAPC + Water line copper cap/plug - per cap
2 2.00EA 0.00+ 29.74 = 0.31 11.96 71.75
-----Fixtures-----
229. APP RFMI+ & R&R Refrigerator - compact (under counter) - High grade
1 1.00EA 25.24+ 1,045.22 = 95.00 233.08 1,398.54
230. SPE TSPKR+ & R&R Built-in theater speaker system - Deluxe grade
1 1.00EA 141.95+ 4,779.09 = 375.25 1,059.28 6,355.57
remove and replace speaker system due to etching and electrical damages from smoke based corrosion.
-----Cabinets-----
231. CAB FH++ & R&R Cabinetry - full height unit - Premium grade
24' 24.00LF 13.64+ 562.79 = 1,121.24 2,991.12 17,946.68
KALYVAS_JVB_V6_KALY2 10/2/2025 Page: 29
30
Office of Jared V. Boergadine, Licensed Appraiser & Public Adjuster
Arizona Public Adjuster License #18382965
California Public Adjuster License #2L70602
Colorado Public Adjuster License #608394
Nevada Public Adjuster License # 3443075
Texas Public Adjuster License #2207166
CONTINUED - Family Room
CAT SEL ACT DESCRIPTION
CALC QTY RESET REMOVE REPLACE TAX O&P TOTAL
Replacement of approximately 24 linear feet of full-height family room cabinetry is required due to pervasive smoke and ash contamination
resulting from a nearby fire event. While the cabinet surfaces may appear superficially intact, the cabinetry includes substantial voids, cavities, and
dead air space behind and within each unit — including between the cabinet backs and wall framing, as well as inside upper cabinets and lower
base structures.
Smoke particulates and odor-causing compounds are known to penetrate these enclosed areas, especially through seams, toe kicks, and the rear of
cabinet boxes. These areas are typically inaccessible for effective cleaning, and the absorptive materials (e.g., wood, adhesives, and backings) trap
odors long-term, even when sealed finishes are present on the exposed surfaces.
Due to the long-term risk of residual odor, off-gassing, and potential occupant health sensitivity, remediation is not a viable solution. Full removal
and replacement of the cabinetry is necessary to restore the room to pre-loss condition and ensure no residual odor remains. This scope includes
demolition, disposal, and installation of new cabinetry to match existing layout and finish.
232. PNT LOWS + Stain & finish cabinetry - lower - inside and out
10'8 10.67LF PER PNT BID
233. CAB KNPL++ & R&R Cabinet knob or pull - Premium grade
29 29.00EA 1.76+ 19.24 = 33.36 128.48 770.84
234. CAB CTGMP + Countertop - Granite or Marble - buff & polish
23.8 23.80SF 0.00+ 18.52 = 1.08 88.38 530.24
-----Fireplace-----
235. CLN SBS+ + Soda blasting - Heavy
8*7 56.00SF 0.00+ 3.80 = 6.60 43.88 263.28
236. FCT SEALS + Tile/stone sealer
8*7 56.00SF 0.00+ 1.52 = 1.97 17.42 104.51
Totals: Family Room 2,524.55 9,304.88 55,828.99
" 3' 7 Kitchen Height: 10' 6"
4'
4
' 0'
7" 751.40 SF Walls 539.42 SF Ceiling
"34 "56
9" 7' 2" 1290.81 SF Walls & Ceiling 398.08 SF Floor
2'
44.23 SY Flooring 44.04 LF Floor Perimeter "62
"66 "015
2'
6" 2' " 98.28 LF Ceil. Perimeter 1 "38
5'
5'
4"
Missing Wall 6' 4 9/16" X 10' 6" Opens into FAMILY_ROOM2
Missing Wall 10' 6 11/16" X 10' 6" Opens into FAMILY_ROOM2
CAT SEL ACT DESCRIPTION
CALC QTY RESET REMOVE REPLACE TAX O&P TOTAL
KALYVAS_JVB_V6_KALY2 10/2/2025 Page: 30
31
Office of Jared V. Boergadine, Licensed Appraiser & Public Adjuster
Arizona Public Adjuster License #18382965
California Public Adjuster License #2L70602
Colorado Public Adjuster License #608394
Nevada Public Adjuster License # 3443075
Texas Public Adjuster License #2207166
CONTINUED - Kitchen
CAT SEL ACT DESCRIPTION
CALC QTY RESET REMOVE REPLACE TAX O&P TOTAL
----Ceiling----
237. PNT SP2 + Seal/prime (1 coat) then paint (2 coats) the ceiling
C 539.42SF PER PNT BID
238. PNT MASKLFT + Mask and prep for paint - tape only (per LF)
PC*4 393.11LF PER PNT BID
Masking off crown moulding to paint the walls top and bottom, once to paint walls, once to stain the crown moulding
239. HVC CARS + Cold air return cover - Detach & reset
3 3.00EA 0.00+ 28.59 = 0.00 17.16 102.93
240. PNT CA + Prime & paint cold air return (cover)
3 3.00EA PER PNT BID
----Walls----
241. PNT MASKLF + Mask and prep for paint - plastic, paper, tape (per LF)
PC*2 196.56LF PER PNT BID
Mask off ceiling and flooring to paint walls
242. PNT SP2 + Seal/prime (1 coat) then paint (2 coats) the walls
W 751.40SF PER PNT BID
243. FNC B4 & R&R Baseboard - 4 1/4"
PF 44.04LF 0.69+ 5.70 = 11.76 58.64 351.82
244. PNT B2 + Paint baseboard - two coats
PF 44.04LF PER PNT BID
245. TIL GROUT + Regrout tile
(7'10+6'10+3'9) 58.13SF 0.00+ 7.22 = 1.60 84.26 505.56
*1'6"+(4'6*5')+8
regrout tile backsplash
246. FCT SEALS + Tile/stone sealer
(7'10+6'10+3'9) 58.13SF 0.00+ 1.52 = 2.04 18.08 108.48
*1'6"+(4'6*5')+8
-----Floor-----
247. FCS TZR + Travertine resurfacing - grind and re-seal
F 398.08SF 0.00+ 17.77 = 4.92 1,415.76 8,494.56
rough grind to remove approx. 1mm of the top layer of stone.
248. FCS MBLP + Travertine floor - buff & polish
F 398.08SF 0.00+ 2.40 = 4.16 191.92 1,151.47
Polish the surface after the rough grind on the stone.
249. FCS GROUT + Regrout stone floor
F 398.08SF 0.00+ 6.42 = 3.78 511.90 3,071.35
250. FCS SEAL + Tile/stone sealer
F 398.08SF 0.00+ 1.53 = 13.99 124.62 747.67
Extra coat of stone sealer after resurfacing. The grind and reseal line item only allows for one coat of sealer, the nature of the grinding of the stone
will require multiple coats to protect the stone.
KALYVAS_JVB_V6_KALY2 10/2/2025 Page: 31
32
Office of Jared V. Boergadine, Licensed Appraiser & Public Adjuster
Arizona Public Adjuster License #18382965
California Public Adjuster License #2L70602
Colorado Public Adjuster License #608394
Nevada Public Adjuster License # 3443075
Texas Public Adjuster License #2207166
CONTINUED - Kitchen
CAT SEL ACT DESCRIPTION
CALC QTY RESET REMOVE REPLACE TAX O&P TOTAL
251. DMO MASKSFC - Floor protection - cardboard and tape
PC*8 786.22SF 0.66+ 0.00 = 20.91 107.96 647.78
Protect Cabinets with heavy duty cardboard for Tile grinding
-----Door/Windows------
252. WDR SCRN< & R&R Window screen, 1 - 9 SF
2 2.00EA 5.72+ 45.44 = 7.32 21.92 131.56
253. WDR SCRN & R&R Window screen, 10 - 16 SF
3 3.00EA 5.72+ 61.72 = 15.62 43.60 261.54
254. PNT DORT + Paint door/window trim & jamb - 2 coats (per side)
2 2.00EA PER PNT BID
255. PNT DORT> + Paint door/window trim & jamb - Large - 2 coats (per side)
7 7.00EA PER PNT BID
256. PNT FRX + Prime & paint French door slab only - exterior (per side)
2 2.00EA PER PNT BID
257. WDP SCRN36 & R&R Patio door screen, 36" wide
3 3.00EA 7.62+ 94.54 = 24.98 66.30 397.76
258. WDR RWDW + Lube/recondition operable window
5 5.00EA 0.00+ 162.52 = 0.77 162.68 976.05
-----Cabinets-----
259. CAB KNPL++ R Detach & Reset Cabinet knob or pull - Premium grade
92 92.00EA 3.57 0.00+ 0.00 = 0.00 65.68 394.12
260. CAB CTGMP + Countertop - Granite or Marble - buff & polish
(5*2)+(6'10*2)+(6*4'3) 99.00SF 0.00+ 18.52 = 4.51 367.60 2,205.59
+(3'9*2)+(12'5*2)
+(8'*2')+1.5
261. PNT LOWS + Stain & finish cabinetry - lower - inside and out
5+6'10+1'4+26'10+2'1 42.08LF PER PNT BID
262. PNT UPS + Stain & finish cabinetry - upper - inside and out
1'7+5'4+1'10+3'5+1'6+5 18.67LF PER PNT BID
'
263. PNT FHS + Stain & finish full height cabinetry - inside and out
6'7+5'3 11.83LF PER PNT BID
264. CAB CROWN++ + Add for prefinished 2 piece crown molding
5'+12'+7'1+3'5+17'+5'2 49.67LF OPEN ITEM
265. PNT PNLS + Stain & finish paneling
(3+4+3+2+2)*2.5 35.00SF PER PNT BID
266. FNC B4H R Detach & Reset Baseboard - 4 1/4" hardwood
72 72.00LF 3.91 0.00+ 0.00 = 0.21 56.34 338.07
toe kick to be detach from the front if kitchen cabinet and the island in order to facilitate the grinding and resurfacing of the stone floors
KALYVAS_JVB_V6_KALY2 10/2/2025 Page: 32
33
Office of Jared V. Boergadine, Licensed Appraiser & Public Adjuster
Arizona Public Adjuster License #18382965
California Public Adjuster License #2L70602
Colorado Public Adjuster License #608394
Nevada Public Adjuster License # 3443075
Texas Public Adjuster License #2207166
CONTINUED - Kitchen
CAT SEL ACT DESCRIPTION
CALC QTY RESET REMOVE REPLACE TAX O&P TOTAL
267. PNL AVRS + Paneling - Detach & reset
2'3*7'4 16.50SF 0.00+ 4.72 = 0.08 15.60 93.56
paneling of the side of the fridge enclosure to be detached in order to facilitate the grinding and resurfacing of the stone floors
----Backsplash-----
268. APP HDSS> I Install Range hood - stainless steel - oversized
1 1.00EA 0.00+ 165.22 = 0.00 33.04 198.26
269. APP RGDIRS + Range - drop in - Detach & reset
1 1.00EA 0.00+ 203.76 = 0.00 40.76 244.52
270. CAB IHRS + Stone hood surround- Detach & Clean & Reset
1 1.00EA OPEN ITEM
The Rage hood has a carved stone (likely Travertine) surround that smoke has penetrated affecting the finish. this stone surround my be detached in
order to replace the backsplash and the range hood underneath. once it is detached it will require professional cleaning prior to reinstallation.
271. MBL BIDITM + 'La Cucina Di Amor' Custom 36"x18" stone carving inlay Per Mission Tile West - Order #SO18669
1 1.00EA [*E] 0.00+ 3,760.20 = 0.00 752.04 4,512.24
Scope of work: Material Only
1. 18" X 36" CUSTOM MURAL ON ANTIQUE LIMESTONE ( LA CUCINA DE AMORE ) PER APPROVED ARTWORK - (1) Piece
2. 5/8" X 8 5/8" LARKIN LINER CHIC MATTE GLAZE - (16) Pieces
272. TIL LAB + Tile / Cultured Marble Installer - per hour
8 8.00HR 0.00+ 170.25 = 0.00 272.40 1,634.40
To install the mural
273. TIL MT++ & R&R Mosaic - ceramic/porcelain tile - Premium grade
58.13 58.13SF 3.02+ 40.99 = 127.68 537.22 3,223.20
274. TIL CTTLB + Add-on for tile backsplash installation
58.13 58.13SF 0.00+ 27.70 = 0.00 322.04 1,932.24
275. MAS PCTRIM + Precast trim
11 11.00LF 0.00+ 32.62 = 13.52 74.46 446.80
Travertine feature bordering the stone tablet inlay behind range
276. TIL BMUD & R&R Mortar bed for tile
58.13 58.13SF 2.52+ 14.01 = 9.55 194.10 1,164.54
Totals: Kitchen 267.40 5,556.08 33,336.07
KALYVAS_JVB_V6_KALY2 10/2/2025 Page: 33
34
Office of Jared V. Boergadine, Licensed Appraiser & Public Adjuster
Arizona Public Adjuster License #18382965
California Public Adjuster License #2L70602
Colorado Public Adjuster License #608394
Nevada Public Adjuster License # 3443075
Texas Public Adjuster License #2207166
Office Height: 10'
4'
4" 7"
11' 1' 2" ' 1"5' ' 4" 12' 11 1"' 5" 6 95 69 9. .3 90 S SF W Wa al ll ls 3 31 10 0. .6 68 S SF C Fle oi oli rng
8 F s & Ceiling 8 F
"75 "75
0 2" 1 11" 3 84 0. .5 72 S LY CF elo ilo r Pin eg 63.02 LF Floor Perimeter
" ' 7 1' 1" 11' 2' 5" 7 F . rimeter
Door 5' X 6' 8" Opens into Exterior
Door 2' 7" X 6' 8" Opens into OFFICE_BATHR
Window 2' 6" X 4' Opens into Exterior
Window 2' 6" X 4' Opens into Exterior
Door 6' X 8' Opens into Exterior
Window - Goes to Floor 1' 7" X 8' Opens into Exterior
Subroom: Office Closet (1) Height: 8'
2' 6" 2' 7" 1' 5"
137.74 SF Walls 17.94 SF Ceiling
9"3'
8" 155 1. .6 98 S SF W Fla ol ols i& Ceiling 1 17 6. .9 74 S LF F Fl lo oo or
3'
0 2
9 Y r ng 9 F r Perimeter 5
"1 "3 4
19.37 LF Ceil. Perimeter
2 2
Door 2' 7" X 6' 8" Opens into OFFICE2
CAT SEL ACT DESCRIPTION
CALC QTY RESET REMOVE REPLACE TAX O&P TOTAL
----Ceiling----
277. PNT SP2 + Seal/prime (1 coat) then paint (2 coats) the ceiling
C 328.62SF PER PNT BID
278. PNT MASKLFT + Mask and prep for paint - tape only (per LF)
PC*4 400.58LF PER PNT BID
Masking off crown moulding to paint the walls top and bottom, once to paint walls, once to stain the crown moulding
----Walls----
279. FNC B4 & R&R Baseboard - 4 1/4"
PF 79.81LF 0.69+ 5.70 = 21.31 106.26 637.56
280. PNT B2 + Paint baseboard - two coats
PF 79.81LF PER PNT BID
-----Wallpaper----
281. WPR BIDITM M Wallpaper - Premium grade - Phillip Jefferies Island Rafia Cannes Copper
810 810.00SF [*E] 0.00+ 9.56 = 0.00 1,548.72 9,292.32
Includes 20% waste
Wallpaper: https://mahoneswallpapershop.com/products/3415-b-island-raffia-cannes-copper-
phillip-jeffries
KALYVAS_JVB_V6_KALY2 10/2/2025 Page: 34
35
Office of Jared V. Boergadine, Licensed Appraiser & Public Adjuster
Arizona Public Adjuster License #18382965
California Public Adjuster License #2L70602
Colorado Public Adjuster License #608394
Nevada Public Adjuster License # 3443075
Texas Public Adjuster License #2207166
CONTINUED - Office
CAT SEL ACT DESCRIPTION
CALC QTY RESET REMOVE REPLACE TAX O&P TOTAL
282. WPR AV++ I Install Wallpaper - Premium grade
W 797.04SF 0.00+ 2.40 = 0.00 382.58 2,295.48
283. WPR PREP + Prep wall for wallpaper
W 797.04SF SEE BID
-----Floor-----
284. FCW SUBFLR - Remove Tear out wood flooring and subfloor
1 1.00SF 5.28+ 0.00 = 0.00 1.06 6.34
removal of contaminated wood flooring throughout first floor(2492.24sf), second floor(2777.32sf), and third floor(2544.08). the area of all tiled
rooms( guest bathroom, master bathroom, master shower bathroom1 and closet, bathroom 2, 3, and ,4, and rear foyer)has been deducted from this
total (338.27sf)
285. FCW LAMTD++ + Engineered wood flooring - Premium grade
F 328.62SF 0.00+ 18.29 = 413.03 1,284.70 7,708.19
286. FCW GADDW & Add for glued down wood flooring appl. over wood substrate
F 328.62SF 4.55+ 1.42 = 34.65 399.30 2,395.81
287. FRM UL5/8P + Underlayment - 5/8" BC plywood
F 328.62SF 0.00+ 3.52 = 68.99 245.14 1,470.87
288. DMO MASKSFP - Floor protection - heavy paper and tape
F 328.62SF 0.45+ 0.00 = 2.19 30.02 180.09
Floor paper to protect floor after new flooring installation
-----Door/Windows------
289. WDT HW>- R Detach & Reset Window drapery - hardware - single rod - Large
1 1.00EA 51.34 0.00+ 0.00 = 0.00 10.26 61.60
290. WDR SCRN< & R&R Window screen, 1 - 9 SF
2 2.00EA 5.72+ 45.44 = 7.32 21.92 131.56
291. PNT DORT + Paint door/window trim & jamb - 2 coats (per side)
2 2.00EA PER PNT BID
292. PNT DORT> + Paint door/window trim & jamb - Large - 2 coats (per side)
11 11.00EA PER PNT BID
293. DOR DORRS + Interior door - Detach & reset
1 1.00EA 0.00+ 114.34 = 0.10 22.88 137.32
294. PNT DOR + Paint door slab only - 2 coats (per side)
8 8.00EA PER PNT BID
295. PNT FRX + Prime & paint French door slab only - exterior (per side)
8 8.00EA PER PNT BID
296. WDP SCRN36 & R&R Patio door screen, 36" wide
1 1.00EA 7.62+ 94.54 = 8.33 22.08 132.57
297. WDR RDOR + Lube/recondition sliding glass door
1 1.00EA 0.00+ 212.27 = 0.25 42.52 255.04
KALYVAS_JVB_V6_KALY2 10/2/2025 Page: 35
36
Office of Jared V. Boergadine, Licensed Appraiser & Public Adjuster
Arizona Public Adjuster License #18382965
California Public Adjuster License #2L70602
Colorado Public Adjuster License #608394
Nevada Public Adjuster License # 3443075
Texas Public Adjuster License #2207166
CONTINUED - Office
CAT SEL ACT DESCRIPTION
CALC QTY RESET REMOVE REPLACE TAX O&P TOTAL
298. WDR RWDW + Lube/recondition operable window
2 2.00EA 0.00+ 162.52 = 0.31 65.06 390.41
-----Fixtures-----
299. FNC SH12 & R&R Shelving - 12" - in place
(4'11+3)*5 39.58LF 0.57+ 14.28 = 20.79 121.72 730.27
replace pressboard shelving in the office closet
Totals: Office 577.27 4,304.22 25,825.43
Office Bathroom Height: 8'
6"
5'
5' 7' 118 "' 5" 1 28 29 8. .3 87 S SF W Wa al ll ls 3 39 9. .5 50 S SF C Fle oi oli rng
7 F s & Ceiling 0 F
'
7"
4.39 SY Flooring 23.24 LF Floor Perimeter
2'
7" 4" 25.82 LF Ceil. Perimeter
9" 5'
1'
1"
Door 2' 7" X 6' 8" Opens into OFFICE2
CAT SEL ACT DESCRIPTION
CALC QTY RESET REMOVE REPLACE TAX O&P TOTAL
----Ceiling----
300. PNT MASKLFT + Mask and prep for paint - tape only (per LF)
PC*4 103.30LF PER PNT BID
Masking off crown moulding to paint the walls top and bottom, once to paint walls, once to stain the crown moulding
301. WPR GRASS++ + Wallpaper - grass cloth - Premium grade
C 39.50SF 0.00+ 4.79 = 7.17 39.28 235.66
302. WPR PREP + Prep wall for wallpaper
C 39.50SF OPEN ITEM
----Walls----
303. PNT MASKLF + Mask and prep for paint - plastic, paper, tape (per LF)
(PC)*2 51.65LF PER PNT BID
Mask off ceiling and flooring to paint walls
304. WPR BIDITM M Wallpaper (Bid Item) -Scalamandre Bamboo Colony Roma - Bamboo Giallo
4 4.00RL [*E] 0.00+ 375.00 = 0.00 300.00 1,800.00
Pricing: https://www.decoratorsbest.com/products/scalamandre-bamboo-wallpaper-giallo-
wallpaper?srsltid=AfmBOoqXj9yy8g8qvpYqiN0qpTf30CObv4ZBr_VNhtljdfRkC_wWCyKu
KALYVAS_JVB_V6_KALY2 10/2/2025 Page: 36
37
Office of Jared V. Boergadine, Licensed Appraiser & Public Adjuster
Arizona Public Adjuster License #18382965
California Public Adjuster License #2L70602
Colorado Public Adjuster License #608394
Nevada Public Adjuster License # 3443075
Texas Public Adjuster License #2207166
CONTINUED - Office Bathroom
CAT SEL ACT DESCRIPTION
CALC QTY RESET REMOVE REPLACE TAX O&P TOTAL
305. WPR GRASS++ I Install Wallpaper - grass cloth - Premium grade
6*90 540.00SF 0.00+ 2.88 = 0.00 311.04 1,866.24
306. WPR PREP + Prep wall for wallpaper
W 189.37SF 0.00+ 1.10 = 0.00 41.66 249.97
-----Floor-----
307. FCS TZR + Travertine resurfacing - grind and re-seal
F 39.50SF 0.00+ 17.77 = 0.49 140.48 842.89
rough grind to remove approx. 1mm of the top layer of stone.
308. FCS MBLP + Travertine floor - buff & polish
F 39.50SF 0.00+ 2.40 = 0.41 19.04 114.25
Polish the surface after the rough grind on the stone.
309. FCS GROUT + Regrout stone floor
F 39.50SF 0.00+ 6.42 = 0.38 50.80 304.77
310. FCS SEAL + Tile/stone sealer
F 39.50SF 0.00+ 1.53 = 1.39 12.36 74.19
Extra coat of stone sealer after resurfacing. The grind and reseal line item only allows for one coat of sealer, the nature of the grinding of the stone
will require multiple coats to protect the stone.
311. DMO MASKSFP - Floor protection - heavy paper and tape
F 39.50SF 0.45+ 0.00 = 0.26 3.62 21.66
Floor paper to protect floor after new flooring installation
-----Doors and Windows-----
312. PNT FRX + Prime & paint French door slab only - exterior (per side)
2 2.00EA PER PNT BID
313. PNT DORT> + Paint door/window trim & jamb - Large - 2 coats (per side)
2 2.00EA PER PNT BID
door frame and window frame
314. WDR RWDW + Lube/recondition operable window
1 1.00EA 0.00+ 162.52 = 0.15 32.54 195.21
315. WDR SCRN< & R&R Window screen, 1 - 9 SF
1 1.00EA 5.74+ 45.48 = 3.66 10.98 65.86
316. WDT HW< R Detach & Reset Window drapery - hardware - Small
1 1.00EA 51.34 0.00+ 0.00 = 0.00 10.26 61.60
-----Plumbing-----
317. PLM TLTRS + Toilet - Detach & reset
1 1.00EA 0.00+ 305.16 = 0.87 61.22 367.25
318. PLM FAUBA+ R Detach & Reset Sink faucet - Bathroom - High grade
1 1.00EA 149.84 0.00+ 0.00 = 0.00 29.96 179.80
319. PLM STOP & R&R Angle stop valve
3 3.00EA 7.59+ 46.42 = 3.56 33.14 198.73
KALYVAS_JVB_V6_KALY2 10/2/2025 Page: 37
38
Office of Jared V. Boergadine, Licensed Appraiser & Public Adjuster
Arizona Public Adjuster License #18382965
California Public Adjuster License #2L70602
Colorado Public Adjuster License #608394
Nevada Public Adjuster License # 3443075
Texas Public Adjuster License #2207166
CONTINUED - Office Bathroom
CAT SEL ACT DESCRIPTION
CALC QTY RESET REMOVE REPLACE TAX O&P TOTAL
The angle stop valve was replaced rather than reused due to the risk of failure associated with aging or previously disturbed plumbing components.
Reusing an old valve can result in leaks or malfunction, especially after being shut off and turned back on during repairs. Replacement ensures a
reliable seal, compliance with plumbing best practices, and minimizes future water damage risk.
320. PLM CAPC + Water line copper cap/plug - per cap
3 3.00EA 0.00+ 29.74 = 0.47 17.94 107.63
Copper plumbing caps have been installed on exposed angle stops to properly terminate water supply lines after fixture removal. This prevents
debris intrusion and potential water discharge, ensuring safety and compliance with industry standards during mitigation or repair phases. The caps
also allow for future reconnection of fixtures without additional plumbing modifications.
-----Lights-----
-----Cabinets-----
321. CAB VANRS + Vanity - Detach & reset
3'10 3.83LF 0.00+ 81.35 = 0.00 62.32 373.89
322. TIL AVB+ & R&R Ceramic tile - bullnose - 3/4" x 6" - High grade
4'4 4.33LF 3.19+ 15.88 = 1.88 16.90 101.35
323. MBL VTSNK+ & R&R Vanity top - one sink - cultured marble - High grade
3'10 3.83LF 6.53+ 161.67 = 32.28 135.30 811.79
324. PNT VANS + Stain & finish vanity - inside and out
3'10 3.83LF PER PNT BID
325. CAB KNPL+ & R&R Cabinet knob or pull - High grade
10 10.00EA 1.76+ 13.99 = 6.52 32.80 196.82
326. TIL AV++ & R&R Ceramic/porcelain tile - Premium grade
2 2.00SF 3.02+ 30.26 = 2.65 13.84 83.05
Totals: Office Bathroom 62.14 1,375.48 8,252.61
3" Garage Height: 8'
2'pp 8' 5"
8'
11" 7"7' 9" 92 "5' 17 26 85 5. .0 53 S SF W Wa al ll ls 5 52 20 0. .5 51 S SF C Fle oi oli rng
1' 2' 4' "
3 F s & Ceiling 1 F
72 "6' 5 97 7. .8 73 S LY CF elo ilo r Pin eg 95.20 LF Floor Perimeter
26' 1" 9 1"
13' 5" 8 F . rimeter
6 4 6" 4"' 4 4
'
Door 2' 7" X 6' 8" Opens into GARAGE_HALL2
CAT SEL ACT DESCRIPTION
CALC QTY RESET REMOVE REPLACE TAX O&P TOTAL
----Ceiling----
KALYVAS_JVB_V6_KALY2 10/2/2025 Page: 38
39
Office of Jared V. Boergadine, Licensed Appraiser & Public Adjuster
Arizona Public Adjuster License #18382965
California Public Adjuster License #2L70602
Colorado Public Adjuster License #608394
Nevada Public Adjuster License # 3443075
Texas Public Adjuster License #2207166
CONTINUED - Garage
CAT SEL ACT DESCRIPTION
CALC QTY RESET REMOVE REPLACE TAX O&P TOTAL
327. PNT SP2 + Seal/prime (1 coat) then paint (2 coats) the ceiling
C 520.51SF PER PNT BID
328. PNT MASKLFT + Mask and prep for paint - tape only (per LF)
PC*2 195.56LF PER PNT BID
Masking off crown moulding to paint the walls top and bottom, once to paint walls, once to stain the crown moulding
----Walls----
329. PNT MASKLF + Mask and prep for paint - plastic, paper, tape (per LF)
PC*2 195.56LF PER PNT BID
Mask off ceiling and flooring to paint walls
330. PNT SP2 + Seal/prime (1 coat) then paint (2 coats) the walls
W 765.03SF PER PNT BID
331. DRY 5/8 + 5/8" drywall - hung, taped, floated, ready for paint
300 300.00SF 0.00+ 4.50 = 22.23 274.44 1,646.67
332. INS BTF6 + Batt insulation - 6" - R19 - paper / foil faced
300 300.00SF 0.00+ 1.78 = 32.21 113.24 679.45
333. PNT S++ + Seal the surface area with shellac/stain blocker - one coat
300 300.00SF 0.00+ 1.18 = 5.99 72.00 431.99
334. DRY PATCHJ + Tape joint for new to existing drywall - per LF
20 20.00LF 0.00+ 16.57 = 0.70 66.42 398.52
-----Floor-----
335. CLN PWASH++ + Clean with pressure/chemical spray - Very heavy
F 520.51SF 0.00+ 1.23 = 0.99 128.24 769.46
336. CNC CS + Concrete sealer - brush or spray applied
F*2 1041.01SF 0.00+ 1.42 = 76.15 310.88 1,865.26
-----Door/Windows------
337. PNT XDOR + Prime & paint door slab only - exterior (per side)
4 4.00EA PER PNT BID
338. PNT DORT> + Paint door/window trim & jamb - Large - 2 coats (per side)
4 4.00EA PER PNT BID
339. WDR RWDW + Lube/recondition operable window
1 1.00EA 0.00+ 162.52 = 0.15 32.54 195.21
340. DOR OHO+ & R&R Overhead (garage) door opener - High grade
2 2.00EA 33.65+ 574.38 = 66.12 256.44 1,538.62
-----Plumbing-----
341. PLM WH75 & R&R Water heater - 75 gallon - Gas
1 1.00EA 87.56+ 2,102.92 = 149.13 467.92 2,807.53
remove and replace Water Heater due to etching and electrical damages from smoke based corrosion.
342. PLM WHSS> & R&R Water heater seismic strap kit - 56 to 80 gallon
1 1.00EA 16.23+ 75.70 = 2.56 18.90 113.39
KALYVAS_JVB_V6_KALY2 10/2/2025 Page: 39
40
Office of Jared V. Boergadine, Licensed Appraiser & Public Adjuster
Arizona Public Adjuster License #18382965
California Public Adjuster License #2L70602
Colorado Public Adjuster License #608394
Nevada Public Adjuster License # 3443075
Texas Public Adjuster License #2207166
CONTINUED - Garage
CAT SEL ACT DESCRIPTION
CALC QTY RESET REMOVE REPLACE TAX O&P TOTAL
343. PLM STOP & R&R Angle stop valve
2 2.00EA 7.59+ 46.42 = 2.37 22.08 132.47
344. PLM SUP & R&R Plumbing fixture supply line
2 2.00EA 7.59+ 23.71 = 1.28 12.78 76.66
345. PLM CAPC + Water line copper cap/plug - per cap
2 2.00EA 0.00+ 29.74 = 0.31 11.96 71.75
346. PLM CAP + Gas/water line cap/plug - per cap
1 1.00EA 0.00+ 18.17 = 0.11 3.66 21.94
347. PLM FT1/2C2 & R&R Flexible gas supply line connector - 1/2" - up to 24"
1 1.00EA 3.81+ 35.51 = 2.14 8.28 49.74
-----Fixtures-----
348. LAB LBR + General Laborer - per hour
4*2 8.00HR 0.00+ 65.00 = 0.00 104.00 624.00
4 hours to detach all heavy duty shelving and ceiling mounted storage racks, and 4 hours to rehang them.
349. ELS CVAC & R&R Central vacuum - cleaning system
1 1.00EA 350.50+ 3,675.69 = 83.10 821.86 4,931.15
-----Cabinets-----
350. CAB GUP+ & R&R Garage cab. - upper (wall) units, 24" - High grade
3.5 3.50EA 22.92+ 250.55 = 44.73 200.36 1,202.24
351. CAB GF36<+ & R&R Garage cabinetry - full height unit, 36"x18" - High grade
4 4.00EA 40.93+ 572.25 = 136.49 517.84 3,107.05
Totals: Garage 626.76 3,443.84 20,663.10
Laundry Room Height: 10'
7' 3" " 66' 4" 277.87 SF Walls 73.87 SF Ceiling
7'
351.74 SF Walls & Ceiling 53.74 SF Floor
pp "
3 35 7. .9 67 S LY CF elo ilo r Pin eg 22.32 LF Floor Perimeter "62
8' 5"
8' 9 F . rimeter "111 "2
7' 5"
KALYVAS_JVB_V6_KALY2 10/2/2025 Page: 40
41
Office of Jared V. Boergadine, Licensed Appraiser & Public Adjuster
Arizona Public Adjuster License #18382965
California Public Adjuster License #2L70602
Colorado Public Adjuster License #608394
Nevada Public Adjuster License # 3443075
Texas Public Adjuster License #2207166
Subroom: Laundry Closet (1) Height: 8'
3'
8"
2' 10'
297.46 SF Walls 46.15 SF Ceiling
3 ' 49 "
"
2' 343.61 SF Walls & Ceiling 46.15 SF Floor
11"
' 3" 6' 6 7' 3" 5" 35 7. .1 13 S LY CF elo ilo r Pin eg 37.18 LF Floor Perimeter
7' 8 F . rimeter "41
pp
CAT SEL ACT DESCRIPTION
CALC QTY RESET REMOVE REPLACE TAX O&P TOTAL
----Ceiling----
352. PNT SP2 + Seal/prime (1 coat) then paint (2 coats) the ceiling
C 120.02SF PER PNT BID
353. PNT MASKLFT + Mask and prep for paint - tape only (per LF)
PC*4 299.50LF PER PNT BID
Masking off crown moulding to paint the walls top and bottom, once to paint walls, once to stain the crown moulding
----Walls----
354. HVC CARS + Cold air return cover - Detach & reset
1 1.00EA 0.00+ 28.59 = 0.00 5.72 34.31
355. PNT CA + Prime & paint cold air return (cover)
1 1.00EA PER PNT BID
356. PNT MASKLF + Mask and prep for paint - plastic, paper, tape (per LF)
PC*2 149.75LF PER PNT BID
Mask off ceiling and flooring to paint walls
357. PNT SP2 + Seal/prime (1 coat) then paint (2 coats) the walls
W 575.32SF PER PNT BID
358. FNC B4 & R&R Baseboard - 4 1/4"
PF 59.50LF 0.69+ 5.70 = 15.88 79.24 475.33
359. PNT B2 + Paint baseboard - two coats
PF 59.50LF PER PNT BID
-----Floor-----
360. FCT GROUT + Regrout tile floor
F 99.90SF 0.00+ 7.10 = 4.75 142.82 856.86
361. FCS SEAL + Tile/stone sealer
F*2 199.79SF 0.00+ 1.53 = 7.02 62.54 375.24
362. DMO MASKSFP - Floor protection - heavy paper and tape
F 99.90SF 0.45+ 0.00 = 0.66 9.14 54.76
Floor paper to protect floor after new flooring installation
-----Door/Windows------
363. WDR SCRN< & R&R Window screen, 1 - 9 SF
1 1.00EA 5.72+ 45.44 = 3.66 10.96 65.78
364. PNT DORT> + Paint door/window trim & jamb - Large - 2 coats (per side)
4 4.00EA PER PNT BID
KALYVAS_JVB_V6_KALY2 10/2/2025 Page: 41
42
Office of Jared V. Boergadine, Licensed Appraiser & Public Adjuster
Arizona Public Adjuster License #18382965
California Public Adjuster License #2L70602
Colorado Public Adjuster License #608394
Nevada Public Adjuster License # 3443075
Texas Public Adjuster License #2207166
CONTINUED - Laundry Room
CAT SEL ACT DESCRIPTION
CALC QTY RESET REMOVE REPLACE TAX O&P TOTAL
365. DOR DORRS + Interior door - Detach & reset
1 1.00EA 0.00+ 114.34 = 0.10 22.88 137.32
366. PNT DOR + Paint door slab only - 2 coats (per side)
2 2.00EA PER PNT BID
367. PNT FRX + Prime & paint French door slab only - exterior (per side)
2 2.00EA PER PNT BID
368. WDR RWDW + Lube/recondition operable window
1 1.00EA 0.00+ 162.52 = 0.15 32.54 195.21
-----Plumbing-----
-----Fixtures-----
369. ELE BFANV & R&R Bathroom ventilation fan
1 1.00EA 26.67+ 133.41 = 6.59 33.34 200.01
remove and replace ventilation fans due to etching and electrical damages from smoke based corrosion.
370. APP WASF++ & R&R Washer/Washing Machine - Front-loading - Premium grade
1 1.00EA 40.55+ 2,329.86 = 209.00 515.90 3,095.31
371. APP DRYG++ & R&R Dryer - Gas - Premium grade
1 1.00EA 30.49+ 1,762.32 = 152.00 388.96 2,333.77
-----Cabinets-----
372. PNT LOW + Seal & paint cabinetry - lower - inside and out
6'6 6.50LF PER PNT BID
373. PNT UP + Seal & paint cabinetry - upper - inside and out
14'10 14.83LF PER PNT BID
374. TIL GROUT + Regrout tile
(8'7*1'5)+(4'8*4'8) 45.13SF 0.00+ 7.22 = 1.24 65.40 392.48
+(4'4*2'7)
375. PLM FAU & R&R Sink faucet - Kitchen
1 1.00EA 28.40+ 290.90 = 18.38 67.54 405.22
376. CAB KNPL- & R&R Cabinet knob or pull - Standard grade
21 21.00EA 1.76+ 9.01 = 3.75 46.00 275.92
Totals: Laundry Room 423.18 1,482.98 8,897.52
Total: First Floor 5,605.88 41,514.48 249,085.14
Second Floor
KALYVAS_JVB_V6_KALY2 10/2/2025 Page: 42
43
Office of Jared V. Boergadine, Licensed Appraiser & Public Adjuster
Arizona Public Adjuster License #18382965
California Public Adjuster License #2L70602
Colorado Public Adjuster License #608394
Nevada Public Adjuster License # 3443075
Texas Public Adjuster License #2207166
Landing Height: 8' 9"
" "62
" "151
548.31 SF Walls 308.19 SF Ceiling 351
3
856.50 SF Walls & Ceiling 308.19 SF Floor
"841
"91
34.24 SY Flooring 59.39 LF Floor Perimeter
"013
73.14 LF Ceil. Perimeter "6 4
2"2'
5' 5" ' 6"12' 6" " 5' 5"
Missing Wall 12' 6" X 8' 9" Opens into Exterior
Door 5' 5" X 6' 8" Opens into BEDROOM_3
Door 2' 8" X 6' 8" Opens into BEDROOM_3
Missing Wall 14' 7 15/16" X 8' 9" Opens into Exterior
Missing Wall 13' 3 3/16" X 8' 9" Opens into Exterior
Door 3' X 6' 8" Opens into MASTER_BEDR2
Subroom: Landing Closet (1) Height: 8' 9"
"9
151.39 SF Walls 22.19 SF Ceiling
1
173.58 SF Walls & Ceiling 22.19 SF Floor "8 "11 "1
2.47 SY Flooring 16.67 LF Floor Perimeter 2 5
19.33 LF Ceil. Perimeter "8 "6
1 1
Door 2' 8" X 6' 8" Opens into LANDING2
Subroom: Hall Closet (2) Height: 8' 9"
6'
1" 191.21 SF Walls 24.39 SF Ceiling
5'
8"
215.60 SF Walls & Ceiling 24.39 SF Floor "58 "18
2.71 SY Flooring 21.85 LF Floor Perimeter 8 7
"62
21.85 LF Ceil. Perimeter
"1 "11
CAT SEL ACT DESCRIPTION
CALC QTY RESET REMOVE REPLACE TAX O&P TOTAL
----Ceiling----
377. PNT MASKLFT + Mask and prep for paint - tape only (per LF)
PC*4 457.30LF PER PNT BID
Masking off crown moulding to paint the walls top and bottom, once to paint walls, once to stain the crown moulding
378. PNT SP2 + Seal/prime (1 coat) then paint (2 coats) the ceiling
C 354.77SF PER PNT BID
----Walls----
KALYVAS_JVB_V6_KALY2 10/2/2025 Page: 43
44
Office of Jared V. Boergadine, Licensed Appraiser & Public Adjuster
Arizona Public Adjuster License #18382965
California Public Adjuster License #2L70602
Colorado Public Adjuster License #608394
Nevada Public Adjuster License # 3443075
Texas Public Adjuster License #2207166
CONTINUED - Landing
CAT SEL ACT DESCRIPTION
CALC QTY RESET REMOVE REPLACE TAX O&P TOTAL
379. FNC B4 & R&R Baseboard - 4 1/4"
PF 97.91LF 0.69+ 5.70 = 26.14 130.36 782.15
380. PNT B2 + Paint baseboard - two coats
PF 97.91LF PER PNT BID
381. PNT MASKLF + Mask and prep for paint - plastic, paper, tape (per LF)
PC*2 228.65LF PER PNT BID
Mask off ceiling and flooring to paint walls
382. PNT SP2 + Seal/prime (1 coat) then paint (2 coats) the walls
W 890.90SF PER PNT BID
-----Floor-----
383. PNT S++ + Seal the floor with shellac/stain blocker - one coat
F 354.77SF PER PNT BID
Encapsulation of the subfloor prior to installation on new carpeting and pad
384. FCC AV++ + Carpet - Premium grade
(F)*1.15 407.99SF PER FCC BID
15 % waste added for Carpet - Premium grade.
This item is marked open and corresponds to the Bid item in the Bid item folder at the top of the estimate from Floorish
385. FCC PAD++ + Carpet pad - Premium grade
F 354.77SF PER FCC BID
This item is marked open and corresponds to the Bid item in the Bid item folder at the top of the estimate from Floorish
386. PNT MASKSFP + Floor protection - heavy paper and tape
F 354.77SF PER PNT BID
floor protection for new flooring install
-----Door/Windows------
387. PNT DORT> + Paint door/window trim & jamb - Large - 2 coats (per side)
9 9.00EA PER PNT BID
388. WDR SCRN< & R&R Window screen, 1 - 9 SF
2 2.00EA 5.72+ 45.44 = 7.32 21.92 131.56
389. WDR RWDW + Lube/recondition operable window
2 2.00EA 0.00+ 162.52 = 0.31 65.06 390.41
390. DOR DORRS + Interior door - Detach & reset
7 7.00EA 0.00+ 114.34 = 0.68 160.22 961.28
391. PNT FRX + Prime & paint French door slab only - exterior (per side)
4 4.00EA PER PNT BID
392. PNT DOR + Paint door slab only - 2 coats (per side)
14 14.00EA PER PNT BID
-----Fixtures-----
393. FNC SH12 & R&R Shelving - 12" - in place
(3'10+3'8+5'5)*5 64.58LF 0.57+ 14.28 = 33.93 198.58 1,191.52
KALYVAS_JVB_V6_KALY2 10/2/2025 Page: 44
45
Office of Jared V. Boergadine, Licensed Appraiser & Public Adjuster
Arizona Public Adjuster License #18382965
California Public Adjuster License #2L70602
Colorado Public Adjuster License #608394
Nevada Public Adjuster License # 3443075
Texas Public Adjuster License #2207166
CONTINUED - Landing
CAT SEL ACT DESCRIPTION
CALC QTY RESET REMOVE REPLACE TAX O&P TOTAL
Totals: Landing 68.38 576.14 3,456.92
Bedroom 1
Bedroom 1 Height: 8' 9"
2'
" "13
2
474.01 SF Walls 222.53 SF Ceiling
"8
696.54 SF Walls & Ceiling 222.53 SF Floor
71
24.73 SY Flooring 52.11 LF Floor Perimeter "65 "75
60.78 LF Ceil. Perimeter
5' 105 "' 7" 5' 8 5" 11"
'
Door 2' 8" X 6' 8" Opens into BED1_BATH
Subroom: Bed1 Closet (1) Height: 8' 9"
4' 5" 5' 5"
177.29 SF Walls 26.58 SF Ceiling "13 "92 "13
2' 8" 6' 203.88 SF Walls & Ceiling 26.58 SF Floor
2.95 SY Flooring 18.83 LF Floor Perimeter
24.83 LF Ceil. Perimeter
Door 6' X 6' 8" Opens into BEDROOM_1
CAT SEL ACT DESCRIPTION
CALC QTY RESET REMOVE REPLACE TAX O&P TOTAL
----Ceiling----
394. PNT MASKLFT + Mask and prep for paint - tape only (per LF)
PC*4 342.44LF PER PNT BID
Masking off crown moulding to paint the walls top and bottom, once to paint walls, once to stain the crown moulding
395. PNT SP2 + Seal/prime (1 coat) then paint (2 coats) the ceiling
C 249.11SF PER PNT BID
----Walls----
396. PNT MASKLF + Mask and prep for paint - plastic, paper, tape (per LF)
PC*2 171.22LF PER PNT BID
Mask off ceiling and flooring to paint walls
KALYVAS_JVB_V6_KALY2 10/2/2025 Page: 45
46
Office of Jared V. Boergadine, Licensed Appraiser & Public Adjuster
Arizona Public Adjuster License #18382965
California Public Adjuster License #2L70602
Colorado Public Adjuster License #608394
Nevada Public Adjuster License # 3443075
Texas Public Adjuster License #2207166
CONTINUED - Bedroom 1
CAT SEL ACT DESCRIPTION
CALC QTY RESET REMOVE REPLACE TAX O&P TOTAL
397. PNT SP2 + Seal/prime (1 coat) then paint (2 coats) the walls
W 651.30SF PER PNT BID
398. FNC B4 & R&R Baseboard - 4 1/4"
PF 70.94LF 0.69+ 5.70 = 18.94 94.46 566.71
399. PNT B2 + Paint baseboard - two coats
PF 70.94LF PER PNT BID
-----Floor-----
400. PNT S++ + Seal the floor with shellac/stain blocker - one coat
F 249.11SF PER PNT BID
Encapsulation of the subfloor prior to installation on new carpeting and pad
401. FCC AV++ + Carpet - Premium grade
(F)*1.15 286.48SF PER FCC BID
15 % waste added for Carpet - Premium grade.
This item is marked open and corresponds to the Bid item in the Bid item folder at the top of the estimate from Floorish
402. FCC PAD++ + Carpet pad - Premium grade
F 249.11SF PER FCC BID
This item is marked open and corresponds to the Bid item in the Bid item folder at the top of the estimate from Floorish
403. PNT MASKSFP + Floor protection - heavy paper and tape
F 249.11SF PER PNT BID
floor protection for new flooring install
-----Door/Windows------
404. WDT HW R Detach & Reset Window drapery - hardware
6 6.00EA 51.34 0.00+ 0.00 = 0.00 61.60 369.64
405. WDR SCRN & R&R Window screen, 10 - 16 SF
4 4.00EA 5.72+ 61.72 = 20.83 58.12 348.71
406. PNT DORT> + Paint door/window trim & jamb - Large - 2 coats (per side)
7 7.00EA PER PNT BID
407. WDR RWDW + Lube/recondition operable window
4 4.00EA 0.00+ 162.52 = 0.62 130.14 780.84
408. DOR DORRS + Interior door - Detach & reset
1 1.00EA 0.00+ 114.34 = 0.10 22.88 137.32
409. DOR BFRS + Bifold door set - (4 slabs only) - Double Detach & reset
1 1.00EA 0.00+ 47.60 = 0.00 9.52 57.12
410. PNT DOR + Paint door slab only - 2 coats (per side)
6 6.00EA PER PNT BID
-----Fixtures-----
411. FNC CLOSM+ & R&R Closet Organizer - Melamine - High grade
2'4+7'5 9.75LF 11.36+ 154.96 = 58.31 336.00 2,015.93
KALYVAS_JVB_V6_KALY2 10/2/2025 Page: 46
47
Office of Jared V. Boergadine, Licensed Appraiser & Public Adjuster
Arizona Public Adjuster License #18382965
California Public Adjuster License #2L70602
Colorado Public Adjuster License #608394
Nevada Public Adjuster License # 3443075
Texas Public Adjuster License #2207166
CONTINUED - Bedroom 1
CAT SEL ACT DESCRIPTION
CALC QTY RESET REMOVE REPLACE TAX O&P TOTAL
412. PNT LOW + Seal & paint cabinetry - lower - inside and out
5'7+5'8+5' 16.25LF PER PNT BID
Totals: Bedroom 1 98.80 712.72 4,276.27
Bed1 Bath Height: 8' 9"
333.68 SF Walls 84.50 SF Ceiling
"91"82"91
418.18 SF Walls & Ceiling 66.75 SF Floor
"
6
7.42 SY Flooring 25.58 LF Floor Perimeter 6 "71
40.17 LF Ceil. Perimeter
Door 2' 8" X 6' 8" Opens into BEDROOM_1
CAT SEL ACT DESCRIPTION
CALC QTY RESET REMOVE REPLACE TAX O&P TOTAL
----Ceiling----
413. HVC CARS + Cold air return cover - Detach & reset
1 1.00EA 0.00+ 28.59 = 0.00 5.72 34.31
414. PNT MASKLFT + Mask and prep for paint - tape only (per LF)
PC*4 160.67LF PER PNT BID
Masking off crown moulding to paint the walls top and bottom, once to paint walls, once to stain the crown moulding
415. PNT SP2 + Seal/prime (1 coat) then paint (2 coats) the walls and ceiling
WC 418.18SF PER PNT BID
----Walls----
416. FNC B4 & R&R Baseboard - 4 1/4"
PF 25.58LF 0.69+ 5.70 = 6.83 34.06 204.35
417. PNT B2 + Paint baseboard - two coats
PF 25.58LF PER PNT BID
418. PNT MASKLF + Mask and prep for paint - plastic, paper, tape (per LF)
PC*2 80.33LF PER PNT BID
Mask off ceiling and flooring to paint walls
419. PNT SP2 + Seal/prime (1 coat) then paint (2 coats) the walls
W 333.68SF PER PNT BID
-----Floor-----
KALYVAS_JVB_V6_KALY2 10/2/2025 Page: 47
48
Office of Jared V. Boergadine, Licensed Appraiser & Public Adjuster
Arizona Public Adjuster License #18382965
California Public Adjuster License #2L70602
Colorado Public Adjuster License #608394
Nevada Public Adjuster License # 3443075
Texas Public Adjuster License #2207166
CONTINUED - Bed1 Bath
CAT SEL ACT DESCRIPTION
CALC QTY RESET REMOVE REPLACE TAX O&P TOTAL
420. FCT GROUT + Regrout tile floor
F 66.75SF 0.00+ 7.10 = 3.17 95.42 572.52
Premium Quality Travertine stone floor tiles, with minimal pits/filler. Travertine is a very porous stone and as such is very susceptible to damages
and staining from smoke and ash based contaminations. due to the level of soiling present in the home, a replacement is warranted on all porous
stone surfaces.
421. FCT SEALG + Grout sealer
F 66.75SF 0.00+ 2.41 = 1.20 32.42 194.49
422. PNT MASKSFP + Floor protection - heavy paper and tape
F 66.75SF PER PNT BID
floor protection for new flooring install
-----Door/Windows------
423. WDR SCRN< & R&R Window screen, 1 - 9 SF
1 1.00EA 5.72+ 45.44 = 3.66 10.96 65.78
424. WDR RWDW + Lube/recondition operable window
1 1.00EA 0.00+ 162.52 = 0.15 32.54 195.21
425. PNT DORT> + Paint door/window trim & jamb - Large - 2 coats (per side)
2 2.00EA PER PNT BID
426. PNT DOR + Paint door slab only - 2 coats (per side)
2 2.00EA PER PNT BID
-----Fixtures-----
-----Shower-----
427. TIL SWRRE + Tile shower - regrout
1 1.00EA 0.00+ 348.94 = 1.89 70.16 420.99
428. TIL SEALG + Seal grout on tile wall
(9'*8'10)+(4'9*2'7) 98.85SF 0.00+ 2.62 = 1.78 52.16 312.93
+(4'9+2'4)
429. MSD SDORRS + Shower door system - Detach & reset
1 1.00EA 0.00+ 317.32 = 0.00 63.46 380.78
Totals: Bed1 Bath 18.68 396.90 2,381.36
Total: Bedroom 1 117.48 1,109.62 6,657.63
Bedroom 2
KALYVAS_JVB_V6_KALY2 10/2/2025 Page: 48
49
Office of Jared V. Boergadine, Licensed Appraiser & Public Adjuster
Arizona Public Adjuster License #18382965
California Public Adjuster License #2L70602
Colorado Public Adjuster License #608394
Nevada Public Adjuster License # 3443075
Texas Public Adjuster License #2207166
8"
1' ' Bedroom 2 Height: 8' 9"
' 2' 8"2'
7" 5' 2' 2" 422.32 SF Walls 219.05 SF Ceiling "8
6"
641.37 SF Walls & Ceiling 219.05 SF Floor
"621 "641 "1131
24.34 SY Flooring 52.25 LF Floor Perimeter 31
9' 1" 9' 2" 60.34 LF Ceil. Perimeter
1' 4' 6" 4' 6"
1' 4" 1' 5"
9' 5" 9' 6"
Window 4' 6" X 5' 9" Opens into Exterior
Window 4' 6" X 5' 9" Opens into Exterior
Door 2' 8" X 6' 8" Opens into BED2_BATH2
Door 5' 5" X 6' 8" Opens into LANDING2
Subroom: Bed2 Closet (1) Height: 8' 9"
159.61 SF Walls 23.47 SF Ceiling "0 "34 "54
183.08 SF Walls & Ceiling 23.47 SF Floor 3
2.61 SY Flooring 17.61 LF Floor Perimeter
' "82
' 20.27 LF Ceil. Perimeter
1' 10" "2
Door 2' 8" X 6' 8" Opens into BED2_BATH2
CAT SEL ACT DESCRIPTION
CALC QTY RESET REMOVE REPLACE TAX O&P TOTAL
----Ceiling----
430. PNT MASKLFT + Mask and prep for paint - tape only (per LF)
PC*4 322.44LF PER PNT BID
Masking off crown moulding to paint the walls top and bottom, once to paint walls, once to stain the crown moulding
431. PNT SP2 + Seal/prime (1 coat) then paint (2 coats) the ceiling
C 242.51SF PER PNT BID
----Walls----
432. FNC B4 & R&R Baseboard - 4 1/4"
PF 69.86LF 0.69+ 5.70 = 18.65 93.02 558.07
433. PNT B2 + Paint baseboard - two coats
PF 69.86LF PER PNT BID
434. PNT MASKLF + Mask and prep for paint - plastic, paper, tape (per LF)
PC*2 161.22LF PER PNT BID
Mask off ceiling and flooring to paint walls
435. PNT SP2 + Seal/prime (1 coat) then paint (2 coats) the walls
W 581.93SF PER PNT BID
-----Floor-----
436. PNT S++ + Seal the floor with shellac/stain blocker - one coat
F 242.51SF PER PNT BID
KALYVAS_JVB_V6_KALY2 10/2/2025 Page: 49
50
Office of Jared V. Boergadine, Licensed Appraiser & Public Adjuster
Arizona Public Adjuster License #18382965
California Public Adjuster License #2L70602
Colorado Public Adjuster License #608394
Nevada Public Adjuster License # 3443075
Texas Public Adjuster License #2207166
CONTINUED - Bedroom 2
CAT SEL ACT DESCRIPTION
CALC QTY RESET REMOVE REPLACE TAX O&P TOTAL
Encapsulation of the subfloor prior to installation on new carpeting and pad
437. FCC AV++ + Carpet - Premium grade
(F)*1.15 278.89SF PER FCC BID
15 % waste added for Carpet - Premium grade.
This item is marked open and corresponds to the Bid item in the Bid item folder at the top of the estimate from Floorish
438. FCC PAD++ + Carpet pad - Premium grade
F 242.51SF PER FCC BID
This item is marked open and corresponds to the Bid item in the Bid item folder at the top of the estimate from Floorish
439. PNT MASKSFP + Floor protection - heavy paper and tape
F 242.51SF PER PNT BID
floor protection for new flooring install
-----Door/Windows------
440. WDT HW R Detach & Reset Window drapery - hardware
4 4.00EA 51.34 0.00+ 0.00 = 0.00 41.08 246.44
441. WDR SCRN & R&R Window screen, 10 - 16 SF
4 4.00EA 5.72+ 61.72 = 20.83 58.12 348.71
442. PNT DORT> + Paint door/window trim & jamb - Large - 2 coats (per side)
6 6.00EA PER PNT BID
443. WDR RWDW + Lube/recondition operable window
4 4.00EA 0.00+ 162.52 = 0.62 130.14 780.84
444. DOR DORRS + Interior door - Detach & reset
1 1.00EA 0.00+ 114.34 = 0.10 22.88 137.32
445. PNT DOR + Paint door slab only - 2 coats (per side)
6 6.00EA PER PNT BID
-----Fixtures-----
446. FNC CLOSM+ & R&R Closet Organizer - Melamine - High grade
5'2+2'6 7.67LF 11.36+ 154.96 = 45.87 264.30 1,585.84
Totals: Bedroom 2 86.07 609.54 3,657.22
KALYVAS_JVB_V6_KALY2 10/2/2025 Page: 50
51
Office of Jared V. Boergadine, Licensed Appraiser & Public Adjuster
Arizona Public Adjuster License #18382965
California Public Adjuster License #2L70602
Colorado Public Adjuster License #608394
Nevada Public Adjuster License # 3443075
Texas Public Adjuster License #2207166
Bed2 Bath Height: 8' 9"
289.91 SF Walls 73.42 SF Ceiling "115 "16 "67 "67
363.34 SF Walls & Ceiling 56.17 SF Floor
0"
" 6.24 SY Flooring 26.49 LF Floor Perimeter "34 54
"3 "45
37.82 LF Ceil. Perimeter "
2
Door 2' 8" X 6' 8" Opens into BEDROOM_3
Window 2' 9" X 2' Opens into Exterior
Door 2' 8" X 6' 8" Opens into BED2_CLOSET
CAT SEL ACT DESCRIPTION
CALC QTY RESET REMOVE REPLACE TAX O&P TOTAL
----Ceiling----
447. HVC CARS + Cold air return cover - Detach & reset
1 1.00EA 0.00+ 28.59 = 0.00 5.72 34.31
448. PNT MASKLFT + Mask and prep for paint - tape only (per LF)
PC*4 151.30LF PER PNT BID
Masking off crown moulding to paint the walls top and bottom, once to paint walls, once to stain the crown moulding
449. PNT SP2 + Seal/prime (1 coat) then paint (2 coats) the walls and ceiling
WC 363.34SF PER PNT BID
----Walls----
450. FNC B4 & R&R Baseboard - 4 1/4"
PF 26.49LF 0.69+ 5.70 = 7.07 35.28 211.62
451. PNT B2 + Paint baseboard - two coats
PF 26.49LF PER PNT BID
452. PNT MASKLF + Mask and prep for paint - plastic, paper, tape (per LF)
PC*2 75.65LF PER PNT BID
Mask off ceiling and flooring to paint walls
453. PNT SP2 + Seal/prime (1 coat) then paint (2 coats) the walls
W 289.91SF PER PNT BID
-----Floor-----
454. FCT GROUT + Regrout tile floor
F 56.17SF 0.00+ 7.10 = 2.67 80.30 481.78
Premium Quality Travertine stone floor tiles, with minimal pits/filler. Travertine is a very porous stone and as such is very susceptible to damages
and staining from smoke and ash based contaminations. due to the level of soiling present in the home, a replacement is warranted on all porous
stone surfaces.
455. FCT SEALG + Grout sealer
F 56.17SF 0.00+ 2.41 = 1.01 27.28 163.66
456. PNT MASKSFP + Floor protection - heavy paper and tape
F 56.17SF PER PNT BID
floor protection for new flooring install
-----Door/Windows------
KALYVAS_JVB_V6_KALY2 10/2/2025 Page: 51
52
Office of Jared V. Boergadine, Licensed Appraiser & Public Adjuster
Arizona Public Adjuster License #18382965
California Public Adjuster License #2L70602
Colorado Public Adjuster License #608394
Nevada Public Adjuster License # 3443075
Texas Public Adjuster License #2207166
CONTINUED - Bed2 Bath
CAT SEL ACT DESCRIPTION
CALC QTY RESET REMOVE REPLACE TAX O&P TOTAL
457. WDR SCRN< & R&R Window screen, 1 - 9 SF
1 1.00EA 5.72+ 45.44 = 3.66 10.96 65.78
458. WDR RWDW + Lube/recondition operable window
1 1.00EA 0.00+ 162.52 = 0.15 32.54 195.21
459. PNT DORT> + Paint door/window trim & jamb - Large - 2 coats (per side)
2 2.00EA PER PNT BID
460. PNT DOR + Paint door slab only - 2 coats (per side)
2 2.00EA PER PNT BID
-----Shower-----
461. TIL SWRRE + Tile shower - regrout
1 1.00EA 0.00+ 348.94 = 1.89 70.16 420.99
462. TIL SEALG + Seal grout on tile wall
(9'*8'10)+(4'9*2'7) 98.85SF 0.00+ 2.62 = 1.78 52.16 312.93
+(4'9+2'4)
463. MSD SDORRS + Shower door system - Detach & reset
1 1.00EA 0.00+ 317.32 = 0.00 63.46 380.78
Totals: Bed2 Bath 18.23 377.86 2,267.06
Total: Bedroom 2 104.30 987.40 5,924.28
Bedroom 3
4' Bedroom 3 Height: 8' 9"
5
8" 2'
2' " 8"
12' 4' 74' 5" 4 67 99 8. .5 74 S SF W Wa al ll ls 2 21 19 9. .2 21 S SF C Fle oi oli rng
' 8" 4 F s & Ceiling 1 F
9' 1"16' 6" ' 6" 5' 6 24.36 SY Flooring 52.90 LF Floor Perimeter
11" 60.90 LF Ceil. Perimeter "64
5'
8"
Door 2' 8" X 6' 8" Opens into BED3_BATH2
Door 2' 8" X 6' 8" Opens into LANDING2
KALYVAS_JVB_V6_KALY2 10/2/2025 Page: 52
53
Office of Jared V. Boergadine, Licensed Appraiser & Public Adjuster
Arizona Public Adjuster License #18382965
California Public Adjuster License #2L70602
Colorado Public Adjuster License #608394
Nevada Public Adjuster License # 3443075
Texas Public Adjuster License #2207166
Subroom: Bed3 Closet (1) Height: 8' 9"
6" 1"5'
5' 7" 168.00 SF Walls 28.13 SF Ceiling
5'
196.12 SF Walls & Ceiling 28.13 SF Floor
4"1'
2"
1' 23 1. .1 23 S LY CF elo ilo r Pin eg 18.56 LF Floor Perimeter
2'
8"
6' 3 F . rimeter
1'
3"
Door 2' 8" X 6' 8" Opens into BEDROOM_3
CAT SEL ACT DESCRIPTION
CALC QTY RESET REMOVE REPLACE TAX O&P TOTAL
----Ceiling----
464. PNT MASKLFT + Mask and prep for paint - tape only (per LF)
PC*4 328.52LF PER PNT BID
Masking off crown moulding to paint the walls top and bottom, once to paint walls, once to stain the crown moulding
465. PNT SP2 + Seal/prime (1 coat) then paint (2 coats) the ceiling
C 247.33SF PER PNT BID
----Walls----
466. FNC B4 & R&R Baseboard - 4 1/4"
PF 71.46LF 0.69+ 5.70 = 19.08 95.14 570.85
467. PNT B2 + Paint baseboard - two coats
PF 71.46LF PER PNT BID
468. PNT MASKLF + Mask and prep for paint - plastic, paper, tape (per LF)
PC*2 164.26LF PER PNT BID
Mask off ceiling and flooring to paint walls
469. PNT SP2 + Seal/prime (1 coat) then paint (2 coats) the walls
W 647.53SF PER PNT BID
-----Floor-----
470. PNT S++ + Seal the floor with shellac/stain blocker - one coat
F 247.33SF PER PNT BID
Encapsulation of the subfloor prior to installation on new carpeting and pad
471. FCC AV++ + Carpet - Premium grade
(F)*1.15 284.43SF PER FCC BID
15 % waste added for Carpet - Premium grade.
This item is marked open and corresponds to the Bid item in the Bid item folder at the top of the estimate from Floorish
472. FCC PAD++ + Carpet pad - Premium grade
F 247.33SF PER FCC BID
This item is marked open and corresponds to the Bid item in the Bid item folder at the top of the estimate from Floorish
473. PNT MASKSFP + Floor protection - heavy paper and tape
F 247.33SF PER PNT BID
floor protection for new flooring install
-----Door/Windows------
474. WDT HW R Detach & Reset Window drapery - hardware
2 2.00EA 51.34 0.00+ 0.00 = 0.00 20.54 123.22
KALYVAS_JVB_V6_KALY2 10/2/2025 Page: 53
54
Office of Jared V. Boergadine, Licensed Appraiser & Public Adjuster
Arizona Public Adjuster License #18382965
California Public Adjuster License #2L70602
Colorado Public Adjuster License #608394
Nevada Public Adjuster License # 3443075
Texas Public Adjuster License #2207166
CONTINUED - Bedroom 3
CAT SEL ACT DESCRIPTION
CALC QTY RESET REMOVE REPLACE TAX O&P TOTAL
475. PNT DORT> + Paint door/window trim & jamb - Large - 2 coats (per side)
5 5.00EA PER PNT BID
476. WDR SCRN< & R&R Window screen, 1 - 9 SF
1 1.00EA 5.72+ 45.44 = 3.66 10.96 65.78
477. WDR RWDW + Lube/recondition operable window
1 1.00EA 0.00+ 162.52 = 0.15 32.54 195.21
478. DOR DORRS + Interior door - Detach & reset
1 1.00EA 0.00+ 114.34 = 0.10 22.88 137.32
479. WDR RDOR + Lube/recondition sliding glass door
1 1.00EA 0.00+ 212.27 = 0.25 42.52 255.04
480. PNT FRX + Prime & paint French door slab only - exterior (per side)
4 4.00EA PER PNT BID
481. PNT DOR + Paint door slab only - 2 coats (per side)
2 2.00EA PER PNT BID
482. FNC CLOSM & R&R Closet Organizer - Melamine
5'8 5.67LF 11.36+ 110.49 = 17.03 141.58 849.50
Totals: Bedroom 3 40.27 366.16 2,196.92
Bed3 Bath Height: 8' 9"
6'
6"
5"5' 2 38 40 3. .1 62 S SF W Wa al ll ls 6 63 3. .5 54 S SF C Fle oi oli rng
6"12'
11'
4' 6 F s & Ceiling 4 F
2' 7.06 SY Flooring 31.38 LF Floor Perimeter
8"
7"4' 34.05 LF Ceil. Perimeter
5"
4'
Door 2' 8" X 6' 8" Opens into BEDROOM_3
CAT SEL ACT DESCRIPTION
CALC QTY RESET REMOVE REPLACE TAX O&P TOTAL
----Ceiling----
483. PNT MASKLFT + Mask and prep for paint - tape only (per LF)
PC*4 136.18LF PER PNT BID
Masking off crown moulding to paint the walls top and bottom, once to paint walls, once to stain the crown moulding
KALYVAS_JVB_V6_KALY2 10/2/2025 Page: 54
55
Office of Jared V. Boergadine, Licensed Appraiser & Public Adjuster
Arizona Public Adjuster License #18382965
California Public Adjuster License #2L70602
Colorado Public Adjuster License #608394
Nevada Public Adjuster License # 3443075
Texas Public Adjuster License #2207166
CONTINUED - Bed3 Bath
CAT SEL ACT DESCRIPTION
CALC QTY RESET REMOVE REPLACE TAX O&P TOTAL
484. PNT SP2 + Seal/prime (1 coat) then paint (2 coats) the walls and ceiling
WC 343.66SF PER PNT BID
----Walls----
485. FNC B4 & R&R Baseboard - 4 1/4"
PF 31.38LF 0.69+ 5.70 = 8.38 41.80 250.70
486. PNT B2 + Paint baseboard - two coats
PF 31.38LF PER PNT BID
487. PNT MASKLF + Mask and prep for paint - plastic, paper, tape (per LF)
PC*2 68.09LF PER PNT BID
Mask off ceiling and flooring to paint walls
488. PNT SP2 + Seal/prime (1 coat) then paint (2 coats) the walls
W 280.12SF PER PNT BID
-----Floor-----
-----Door/Windows------
489. WDR SCRN< & R&R Window screen, 1 - 9 SF
1 1.00EA 5.72+ 45.44 = 3.66 10.96 65.78
490. WDR RWDW + Lube/recondition operable window
1 1.00EA 0.00+ 162.52 = 0.15 32.54 195.21
491. PNT DORT> + Paint door/window trim & jamb - Large - 2 coats (per side)
2 2.00EA PER PNT BID
492. PNT DOR + Paint door slab only - 2 coats (per side)
2 2.00EA PER PNT BID
-----Shower-----
493. TIL SWRRE + Tile shower - regrout
1 1.00EA 0.00+ 348.94 = 1.89 70.16 420.99
494. TIL SEALG + Seal grout on tile wall
(9'*8'10)+(4'9*2'7) 98.85SF 0.00+ 2.62 = 1.78 52.16 312.93
+(4'9+2'4)
495. MSD SDORRS + Shower door system - Detach & reset
1 1.00EA 0.00+ 317.32 = 0.00 63.46 380.78
Totals: Bed3 Bath 15.86 271.08 1,626.39
Total: Bedroom 3 56.13 637.24 3,823.31
Master Suite
KALYVAS_JVB_V6_KALY2 10/2/2025 Page: 55
56
Office of Jared V. Boergadine, Licensed Appraiser & Public Adjuster
Arizona Public Adjuster License #18382965
California Public Adjuster License #2L70602
Colorado Public Adjuster License #608394
Nevada Public Adjuster License # 3443075
Texas Public Adjuster License #2207166
2" Master Bedroom Height: 8' 9"
24' 7" "3' 5" 5'
'
4' 3' 654.81 SF Walls 394.79 SF Ceiling
115 "'
3' 5" ' 9 1049.60 SF Walls & Ceiling 394.79 SF Floor
2' "8
43.87 SY Flooring 75.46 LF Floor Perimeter
"4 "0111 6
81.46 LF Ceil. Perimeter 3
1
"13
2' 11" 14' 1"
Door 3' X 6' 8" Opens into MASTER_BATH
Door 3' X 6' 8" Opens into LANDING2
Window 4' 6" X 4' Opens into Exterior
CAT SEL ACT DESCRIPTION
CALC QTY RESET REMOVE REPLACE TAX O&P TOTAL
----Ceiling----
496. CLN SBS+ + Soda blasting - Heavy
2'6*17'11 44.79SF 0.00+ 3.80 = 5.28 35.10 210.58
497. PNT BMS + Stain & finish wood beam
2'6*17'11 44.79SF PER PNT BID
498. PNT MASKLFT + Mask and prep for paint - tape only (per LF)
PC*4 325.86LF PER PNT BID
Masking off crown moulding to paint the walls top and bottom, once to paint walls, once to stain the crown moulding
499. PNT SP2 + Seal/prime (1 coat) then paint (2 coats) the ceiling
C 394.79SF PER PNT BID
----Walls----
500. FNC B4 & R&R Baseboard - 4 1/4"
PF 75.46LF 0.69+ 5.70 = 20.14 100.46 602.79
501. PNT B2 + Paint baseboard - two coats
PF 75.46LF PER PNT BID
502. SPE TSIW+ & R&R In-wall / In-ceiling speaker - High grade
2 2.00EA 7.58+ 468.36 = 72.58 204.90 1,229.36
-----Wallpaper-----
503. WPR BIDITM M Wallpaper (Bid Item) - Premium grade -Carol Benson Salt Flats Wallpaper
11 11.00EA [*E] 0.00+ 153.00 = 0.00 336.60 2,019.60
(6) Panels of Le Joffa Beaujeu - Petal/Jade, $3,086 per panel. Each panel = 90 Sq. ft.
504. WPR AV++ I Install Wallpaper - Premium grade
11*(27"*324") 668.25SF 0.00+ 2.40 = 0.00 320.76 1,924.56
Each panel is 27"W X 324"L, there are 11 panels
505. WPR PREP + Prep wall for wallpaper
W 654.81SF SEE BID
-----Floor-----
506. PNT S++ + Seal the floor with shellac/stain blocker - one coat
F 394.79SF PER PNT BID
Encapsulation of the subfloor prior to installation on new carpeting and pad
KALYVAS_JVB_V6_KALY2 10/2/2025 Page: 56
57
Office of Jared V. Boergadine, Licensed Appraiser & Public Adjuster
Arizona Public Adjuster License #18382965
California Public Adjuster License #2L70602
Colorado Public Adjuster License #608394
Nevada Public Adjuster License # 3443075
Texas Public Adjuster License #2207166
CONTINUED - Master Bedroom
CAT SEL ACT DESCRIPTION
CALC QTY RESET REMOVE REPLACE TAX O&P TOTAL
507. FCC AV++ + Carpet - Premium grade
(F)*1.15 454.00SF PER FCC BID
15 % waste added for Carpet - Premium grade.
This item is marked open and corresponds to the Bid item in the Bid item folder at the top of the estimate from Floorish
508. FCC PAD++ + Carpet pad - Premium grade
F 394.79SF PER FCC BID
This item is marked open and corresponds to the Bid item in the Bid item folder at the top of the estimate from Floorish
509. PNT MASKSFP + Floor protection - heavy paper and tape
F 394.79SF PER PNT BID
floor protection for new flooring install
-----Door/Windows------
510. WDT HW R Detach & Reset Window drapery - hardware
12 12.00EA 51.34 0.00+ 0.00 = 0.00 123.22 739.30
511. PNT DORT> + Paint door/window trim & jamb - Large - 2 coats (per side)
9 9.00EA PER PNT BID
512. WDR SCRN & R&R Window screen, 10 - 16 SF
5 5.00EA 5.72+ 61.72 = 26.04 72.64 435.88
513. WDR RWDW + Lube/recondition operable window
5 5.00EA 0.00+ 162.52 = 0.77 162.68 976.05
514. DOR DORRS + Interior door - Detach & reset
2 2.00EA 0.00+ 114.34 = 0.19 45.78 274.65
515. PNT DOR + Paint door slab only - 2 coats (per side)
4 4.00EA PER PNT BID
516. PNT FRX + Prime & paint French door slab only - exterior (per side)
4 4.00EA PER PNT BID
-----Fireplace-----
517. CLN SBS+ + Soda blasting - Heavy
20 20.00SF 0.00+ 3.80 = 2.36 15.68 94.04
518. FCT SEALS + Tile/stone sealer
20 20.00SF 0.00+ 1.52 = 0.70 6.22 37.32
Totals: Master Bedroom 128.06 1,424.04 8,544.13
KALYVAS_JVB_V6_KALY2 10/2/2025 Page: 57
58
Office of Jared V. Boergadine, Licensed Appraiser & Public Adjuster
Arizona Public Adjuster License #18382965
California Public Adjuster License #2L70602
Colorado Public Adjuster License #608394
Nevada Public Adjuster License # 3443075
Texas Public Adjuster License #2207166
5 19' Master Bath Height: 8' 9"
5' 7" " 9' 3"
5 575.87 SF Walls 384.51 SF Ceiling 8" 13
2'
1 65 '' 1 6' 8" 4 1' "6" "3" 96 30 4. .3 59 S SF W Fla ol ols i& Ceiling 31 51 9. .1 48 S LF F Fl lo oo or
8 Y r ng 8 F r Perimeter
3'
13'
96.96 LF Ceil. Perimeter
3'
5 5 9 5' 5
1"
Door 5' 5" X 6' 8" Opens into MASTER_CLOSE
Door 3' X 6' 8" Opens into MASTER_BEDR2
Window 4' X 4' Opens into Exterior
Window 2' 6" X 4' Opens into Exterior
Window 4' 10" X 4' Opens into Exterior
Window 2' X 4' Opens into Exterior
Window 2' 6" X 4' Opens into Exterior
1' Subroom: Master WC (1) Height: 8' 9"
2"
11"
9"
5' 209.76 SF Walls 38.23 SF Ceiling
8" 247.98 SF Walls & Ceiling 38.23 SF Floor
2' "58 "18
7" 4.25 SY Flooring 23.34 LF Floor Perimeter
3
4' 6"4' 3" 26.00 LF Ceil. Perimeter
Door 2' 8" X 6' 8" Opens into MASTER_BATH
CAT SEL ACT DESCRIPTION
CALC QTY RESET REMOVE REPLACE TAX O&P TOTAL
----Ceiling----
519. PNT MASKLFT + Mask and prep for paint - tape only (per LF)
PC*4 491.86LF PER PNT BID
Masking off crown moulding to paint the walls top and bottom, once to paint walls, once to stain the crown moulding
520. PNT SP2 + Seal/prime (1 coat) then paint (2 coats) the walls and ceiling
WC 1208.37SF PER PNT BID
----Walls----
521. FNC B4 & R&R Baseboard - 4 1/4"
PF 82.82LF 0.69+ 5.70 = 22.11 110.28 661.61
522. PNT B2 + Paint baseboard - two coats
PF 82.82LF PER PNT BID
-----Wallpaper-----
523. WPR BIDITM M Premium Wallpaper
1 1.00EA [*E] 0.00+ 5,913.00 = 0.00 1,182.60 7,095.60
(6) Panels of Le Joffa Beaujeu - Petal/Jade, $3,086 per panel. Each panel = 90 Sq. ft.
KALYVAS_JVB_V6_KALY2 10/2/2025 Page: 58
59
Office of Jared V. Boergadine, Licensed Appraiser & Public Adjuster
Arizona Public Adjuster License #18382965
California Public Adjuster License #2L70602
Colorado Public Adjuster License #608394
Nevada Public Adjuster License # 3443075
Texas Public Adjuster License #2207166
CONTINUED - Master Bath
CAT SEL ACT DESCRIPTION
CALC QTY RESET REMOVE REPLACE TAX O&P TOTAL
524. WPR AV++ I Install Wallpaper - Premium grade
10*(27"*324") 607.50SF 0.00+ 2.40 = 0.00 291.60 1,749.60
525. WPR PREP + Prep wall for wallpaper
607.5 607.50SF SEE BID
-----Floor-----
526. PNT S++ + Seal the surface area with shellac/stain blocker - one coat
(85.17)*1.15 97.95SF PER PNT BID
Encapsulation of the subfloor prior to installation on new carpeting and pad
527. FCC AV++ + Carpet - Premium grade
(85.17)*1.15 97.95SF PER FCC BID
15 % waste added for Carpet - Premium grade.
This item is marked open and corresponds to the Bid item in the Bid item folder at the top of the estimate from Floorish
528. FCC PAD++ + Carpet pad - Premium grade
(85.17)*1.15 97.95SF PER FCC BID
This item is marked open and corresponds to the Bid item in the Bid item folder at the top of the estimate from Floorish
529. PNT MASKSFP + Floor protection - heavy paper and tape
F 349.30SF PER PNT BID
floor protection for new flooring install
530. TIL TRAV++ & R&R Travertine tile - Premium grade
F-85.17 264.13SF OPEN ITEM
Premium Quality Travertine stone floor tiles, with minimal pits/filler. Travertine is a very porous stone and as such is very susceptible to damages
and staining from smoke and ash based contaminations. due to the level of soiling present in the home, a replacement is warranted on all porous
stone surfaces.
531. FCT DIAGADD + Add-on for detail tile installation
F-85.17 264.13SF OPEN ITEM
532. FCS SEAL + Tile/stone sealer
(F-85.17)*2 528.25SF OPEN ITEM
-----Door/Windows------
533. WDT HW R Detach & Reset Window drapery - hardware
6 6.00EA 51.34 0.00+ 0.00 = 0.00 61.60 369.64
534. PNT DORT> + Paint door/window trim & jamb - Large - 2 coats (per side)
9 9.00EA PER PNT BID
535. WDR SCRN & R&R Window screen, 10 - 16 SF
4 4.00EA 5.72+ 61.72 = 20.83 58.12 348.71
536. WDR RWDW + Lube/recondition operable window
5 5.00EA 0.00+ 162.52 = 0.77 162.68 976.05
537. DOR DORRS + Interior door - Detach & reset
1 1.00EA 0.00+ 114.34 = 0.10 22.88 137.32
538. PNT DOR + Paint door slab only - 2 coats (per side)
2 2.00EA PER PNT BID
KALYVAS_JVB_V6_KALY2 10/2/2025 Page: 59
60
Office of Jared V. Boergadine, Licensed Appraiser & Public Adjuster
Arizona Public Adjuster License #18382965
California Public Adjuster License #2L70602
Colorado Public Adjuster License #608394
Nevada Public Adjuster License # 3443075
Texas Public Adjuster License #2207166
CONTINUED - Master Bath
CAT SEL ACT DESCRIPTION
CALC QTY RESET REMOVE REPLACE TAX O&P TOTAL
539. DOR BPRS + Bypass (sliding) door set - slabs only - Detach & reset
1 1.00EA 0.00+ 43.99 = 0.00 8.80 52.79
-----Fixtures-----
540. SPE TSIW+ & R&R In-wall / In-ceiling speaker - High grade
2 2.00EA 7.58+ 468.36 = 72.58 204.90 1,229.36
-----Fireplace-----
541. TIL AV+ & R&R Ceramic/porcelain tile - High grade
11'10*3'7-(3'*2') 36.40SF 3.02+ 24.60 = 28.67 206.80 1,240.84
542. TIL BMUD & R&R Mortar bed for tile
11'10*3'7-(3'*2') 36.40SF 2.52+ 14.01 = 5.98 121.54 729.21
543. TIL SEALG + Seal grout on tile wall
11'10*3'7-(3'*2') 36.40SF 0.00+ 2.62 = 0.66 19.22 115.25
-----Plumbing-----
544. PLM CAPC + Water line copper cap/plug - per cap
5 5.00EA 0.00+ 29.74 = 0.78 29.90 179.38
Copper plumbing caps have been installed on exposed angle stops to properly terminate water supply lines after fixture removal. This prevents
debris intrusion and potential water discharge, ensuring safety and compliance with industry standards during mitigation or repair phases. The caps
also allow for future reconnection of fixtures without additional plumbing modifications.
-----Cabinets-----
545. PNT FHS + Stain & finish full height cabinetry - inside and out
1'8" 1.67LF PER PNT BID
546. CAB VANRS + Vanity - Detach & reset
5'2 5.17LF 0.00+ 81.35 = 0.00 84.12 504.70
547. PNT VANS + Stain & finish vanity - inside and out
5'2 5.17LF PER PNT BID
548. CAB KNPL+ & R&R Cabinet knob or pull - High grade
17 17.00EA 1.76+ 13.99 = 11.08 55.76 334.59
549. TIL AVB+ & R&R Ceramic tile - bullnose - 3/4" x 6" - High grade
4'4 4.33LF 3.19+ 15.88 = 1.88 16.90 101.35
550. TIL AV++ & R&R Ceramic/porcelain tile - Premium grade
2 2.00SF 3.02+ 30.26 = 2.65 13.84 83.05
-----Shower-----
551. TIL SWR>+ & R&R Tile shower - 101 to 120 SF - High grade
1 1.00EA 346.23+ 5,012.52 = 123.74 1,096.48 6,578.97
552. TIL BMUD & R&R Mortar bed for tile
(3'9+6'3)*7'+(3'9*6'3) 109.44SF 2.52+ 14.01 = 17.99 365.42 2,192.45
+(6'*2'8)
553. PLM TSFAU++ R Detach & Reset Tub/shower faucet - Premium grade
2 2.00EA 114.59 0.00+ 0.00 = 0.00 45.84 275.02
KALYVAS_JVB_V6_KALY2 10/2/2025 Page: 60
61
Office of Jared V. Boergadine, Licensed Appraiser & Public Adjuster
Arizona Public Adjuster License #18382965
California Public Adjuster License #2L70602
Colorado Public Adjuster License #608394
Nevada Public Adjuster License # 3443075
Texas Public Adjuster License #2207166
CONTINUED - Master Bath
CAT SEL ACT DESCRIPTION
CALC QTY RESET REMOVE REPLACE TAX O&P TOTAL
554. TIL SEALG + Seal grout on tile wall
(3'9+6'3)*7'+(3'9*6'3) 109.44SF 0.00+ 2.62 = 1.98 57.74 346.45
+(6'*2'8)
555. MSD SDC+RS + Custom shower door & partition - frameless- Detach & reset
(3'9+6'3)*7 70.00SF 0.00+ 19.01 = 0.00 266.14 1,596.84
----Infrared Sauna-----
556. SPE BIDITM + Specialty Items - Sauna Per Sunlighten - Material Only
1 1.00EA [*E] 0.00+ 5,186.65 = 0.00 1,037.34 6,223.99
Sauna Replacement per Sunlighten
Scope of Work:
Model: Signature 1 Eucalyptus
Description: Signature I far infrared sauna with low electromagnetic fields in Eucalyptus - (1) Unit
557. ELE LAB + Electrician - per hour
4 4.00HR 0.00+ 142.50 = 0.00 114.00 684.00
To connect the Sauna
558. CAB LAB + Carpenter - Finish, Trim / Cabinet - per hour
8 8.00HR 0.00+ 105.17 = 0.00 168.28 1,009.64
To assemble the Sauna
Totals: Master Bath 311.80 5,802.78 34,816.41
Master Closet Height: 8' 9"
8' 1" "53 "113
1 1"
13' 2" 5 75 01 3. .1 35 S SF W Wa al ll ls 1 15 52 2. .1 15 S SF C Fle oi oli rng
3'
2"
' " 0 F s & Ceiling 5 F
2 22'
5" 16.91 SY Flooring 61.70 LF Floor Perimeter
5'
1' 67.12 LF Ceil. Perimeter
"82 "82
Door 5' 5" X 6' 8" Opens into MASTER_BATH
CAT SEL ACT DESCRIPTION
CALC QTY RESET REMOVE REPLACE TAX O&P TOTAL
----Ceiling----
559. PNT MASKLFT + Mask and prep for paint - tape only (per LF)
PC*4 268.48LF PER PNT BID
Masking off crown moulding to paint the walls top and bottom, once to paint walls, once to stain the crown moulding
KALYVAS_JVB_V6_KALY2 10/2/2025 Page: 61
62
Office of Jared V. Boergadine, Licensed Appraiser & Public Adjuster
Arizona Public Adjuster License #18382965
California Public Adjuster License #2L70602
Colorado Public Adjuster License #608394
Nevada Public Adjuster License # 3443075
Texas Public Adjuster License #2207166
CONTINUED - Master Closet
CAT SEL ACT DESCRIPTION
CALC QTY RESET REMOVE REPLACE TAX O&P TOTAL
560. PNT SP2 + Seal/prime (1 coat) then paint (2 coats) the ceiling
C 152.15SF PER PNT BID
----Walls----
561. FNC B4 & R&R Baseboard - 4 1/4"
PF 61.70LF 0.69+ 5.70 = 16.47 82.16 492.89
562. DRY 5/8- + 5/8" drywall - hung, taped, ready for texture
(9'6*9')+(3'2*2)+(9'*1) 100.83SF 0.00+ 3.94 = 7.38 80.94 485.59
563. DRY PATCHJ + Tape joint for new to existing drywall - per LF
11+9'6+7'6+3'2+3 34.17LF 0.00+ 16.57 = 1.20 113.48 680.88
564. DRY TEX++ + Texture drywall - smooth / skim coat
WC 703.30SF 0.00+ 2.67 = 9.35 377.44 2,264.60
565. PNT B2 + Paint baseboard - two coats
PF 61.70LF PER PNT BID
566. PNT MASKLFT + Mask and prep for paint - tape only (per LF)
PC*2 134.24LF PER PNT BID
Masking off crown moulding to paint the walls top and bottom, once to paint walls, once to stain the crown moulding
567. PNT SP2 + Seal/prime (1 coat) then paint (2 coats) the walls
W 551.15SF PER PNT BID
-----Floor-----
568. PNT S++ + Seal the floor with shellac/stain blocker - one coat
F 152.15SF PER PNT BID
Encapsulation of the subfloor prior to installation on new carpeting and pad
569. FCC AV++ + Carpet - Premium grade
(F)*1.15 174.97SF PER FCC BID
15 % waste added for Carpet - Premium grade.
This item is marked open and corresponds to the Bid item in the Bid item folder at the top of the estimate from Floorish
570. FCC PAD++ + Carpet pad - Premium grade
F 152.15SF PER FCC BID
This item is marked open and corresponds to the Bid item in the Bid item folder at the top of the estimate from Floorish
571. PNT MASKSFP + Floor protection - heavy paper and tape
F 152.15SF PER PNT BID
floor protection for new flooring install
-----Door/Windows------
572. PNT DORT> + Paint door/window trim & jamb - Large - 2 coats (per side)
1 1.00EA PER PNT BID
-----Fixtures-----
573. FNC CLOSM++ & R&R Closet Organizer - Melamine - Premium grade
7'2+11'5+11'10+4'7+5'7 43.00LF 11.36+ 190.25 = 347.51 1,803.36 10,820.10
+2'5
KALYVAS_JVB_V6_KALY2 10/2/2025 Page: 62
63
Office of Jared V. Boergadine, Licensed Appraiser & Public Adjuster
Arizona Public Adjuster License #18382965
California Public Adjuster License #2L70602
Colorado Public Adjuster License #608394
Nevada Public Adjuster License # 3443075
Texas Public Adjuster License #2207166
CONTINUED - Master Closet
CAT SEL ACT DESCRIPTION
CALC QTY RESET REMOVE REPLACE TAX O&P TOTAL
574. CAB KNPL+ & R&R Cabinet knob or pull - High grade
26 26.00EA 1.76+ 13.99 = 16.94 85.28 511.72
575. CAB CROWN + Add for prefinished crown molding per LF
7'2+11'5+11'10+4'7+5'7 47.42LF 0.00+ 11.80 = 33.11 118.54 711.21
+2'5+2'1+1'2+1'2
Totals: Master Closet 431.96 2,661.20 15,966.99
Total: Master Suite 871.82 9,888.02 59,327.53
Guest Suite
Stairwell Height: 8' 9"
7'
12 1" 2 34 11 8. .4 29 S SF W Wa al ll ls 7 76 6. .7 72 S SF C Fle oi oli rng
12' 10"
' 1 F s & Ceiling 2 F
1"
5' 8.52 SY Flooring 30.19 LF Floor Perimeter
6' 30.19 LF Ceil. Perimeter
6" 4"
6'
Window 3' 6" X 1' 3" Opens into Exterior
Window 3' 6" X 5' 5" Opens into Exterior
11 " Subroom: land 1in 8g .( 41 0) Height: 8' 9"
0"2'
" 6
" 1 SF Walls 56.09 SF Ceiling
237.49 SF Walls & Ceiling 56.09 SF Floor "35 "115 "12 "12
" 6.23 SY Flooring 20.14 LF Floor Perimeter
2' 6 1' "7
73 "' 22.64 LF Ceil. Perimeter
9"
3'
Door 2' 6" X 6' 8" Opens into GUEST_BEDROO
Missing Wall 6' 5 15/16" X 8' 9" Opens into STAIRWELL
CAT SEL ACT DESCRIPTION
CALC QTY RESET REMOVE REPLACE TAX O&P TOTAL
----Ceiling----
KALYVAS_JVB_V6_KALY2 10/2/2025 Page: 63
64
Office of Jared V. Boergadine, Licensed Appraiser & Public Adjuster
Arizona Public Adjuster License #18382965
California Public Adjuster License #2L70602
Colorado Public Adjuster License #608394
Nevada Public Adjuster License # 3443075
Texas Public Adjuster License #2207166
CONTINUED - Stairwell
CAT SEL ACT DESCRIPTION
CALC QTY RESET REMOVE REPLACE TAX O&P TOTAL
576. DRY 5/8- + 5/8" drywall - hung, taped, ready for texture
56.09 56.09SF 0.00+ 3.94 = 4.10 45.02 270.11
577. DRY PATCHJ + Tape joint for new to existing drywall - per LF
7+2+5 14.00LF 0.00+ 16.57 = 0.49 46.50 278.97
578. DRY TEX++ + Texture drywall - smooth / skim coat
WC 555.69SF 0.00+ 2.67 = 7.39 298.22 1,789.30
579. HVC CARS + Cold air return cover - Detach & reset
1 1.00EA 0.00+ 28.59 = 0.00 5.72 34.31
580. PNT CA + Prime & paint cold air return (cover)
1 1.00EA PER PNT BID
581. PNT MASKLFT + Mask and prep for paint - tape only (per LF)
PC*4 211.31LF PER PNT BID
Masking off crown moulding to paint the walls top and bottom, once to paint walls, once to stain the crown moulding
582. PNT SP2 + Seal/prime (1 coat) then paint (2 coats) the ceiling
C 132.81SF PER PNT BID
----Walls----
583. FNC B4 & R&R Baseboard - 4 1/4"
PF 50.33LF 0.69+ 5.70 = 13.44 67.00 402.05
584. PNT B2 + Paint baseboard - two coats
PF 50.33LF PER PNT BID
585. PNT MASKLF + Mask and prep for paint - plastic, paper, tape (per LF)
PC*2 105.66LF PER PNT BID
Mask off ceiling and flooring to paint walls
586. PNT SP2 + Seal/prime (1 coat) then paint (2 coats) the walls
W 422.88SF PER PNT BID
-----Door/Windows------
587. PNT DORT> + Paint door/window trim & jamb - Large - 2 coats (per side)
1 1.00EA PER PNT BID
-----Stairs-----
588. FCW LAMS & R&R Stair nosing - for wood flooring
PF 50.33LF 0.59+ 10.31 = 42.12 118.14 708.85
589. FCW LAMTDT & R&R Engineered wood flooring - step charge (tread and riser)
19*3 57.00LF 2.52+ 33.37 = 115.83 432.30 2,593.86
590. DMO MASKSFP - Floor protection - heavy paper and tape
(3'4*1'6)*17 85.00SF 0.45+ 0.00 = 0.57 7.78 46.60
Floor paper to protect floor after new flooring installation
Totals: Stairwell 183.94 1,020.68 6,124.05
KALYVAS_JVB_V6_KALY2 10/2/2025 Page: 64
65
Office of Jared V. Boergadine, Licensed Appraiser & Public Adjuster
Arizona Public Adjuster License #18382965
California Public Adjuster License #2L70602
Colorado Public Adjuster License #608394
Nevada Public Adjuster License # 3443075
Texas Public Adjuster License #2207166
8" 4"2' 9 Guest Bedroom Height: 8' 9"
6'
6' 6 2' " 468.54 SF Walls 221.92 SF Ceiling "12
6'
10" 8" 690.46 SF Walls & Ceiling 221.92 SF Floor
2'
24.66 SY Flooring 52.76 LF Floor Perimeter
1' 11 14 "' 5 14' 8 1" 2" 60.26 LF Ceil. Perimeter
5'
Window 2' 6" X 3' 6" Opens into Exterior
Door 2' 6" X 6' 8" Opens into LANDING
Door 2' 6" X 6' 8" Opens into GUEST_BATHRO
Subroom: Guest Closet (1) Height: 8' 9"
3" 7"5'
5' 5' 1" 5' 11" 169.68 SF Walls 28.28 SF Ceiling
197.96 SF Walls & Ceiling 28.28 SF Floor
2'
9"
3.14 SY Flooring 18.80 LF Floor Perimeter
2'
6" 21.30 LF Ceil. Perimeter
4"
6"
Door 2' 6" X 6' 8" Opens into GUEST_BEDROO
CAT SEL ACT DESCRIPTION
CALC QTY RESET REMOVE REPLACE TAX O&P TOTAL
----Ceiling----
591. PNT MASKLFT + Mask and prep for paint - tape only (per LF)
PC*4 326.24LF PER PNT BID
Masking off crown moulding to paint the walls top and bottom, once to paint walls, once to stain the crown moulding
592. PNT SP2 + Seal/prime (1 coat) then paint (2 coats) the ceiling
C 250.20SF PER PNT BID
----Walls----
593. FNC B4 & R&R Baseboard - 4 1/4"
PF 71.56LF 0.69+ 5.70 = 19.10 95.28 571.65
594. PNT B2 + Paint baseboard - two coats
PF 71.56LF PER PNT BID
595. PNT MASKLF + Mask and prep for paint - plastic, paper, tape (per LF)
PC*2 163.12LF PER PNT BID
Mask off ceiling and flooring to paint walls
596. PNT SP2 + Seal/prime (1 coat) then paint (2 coats) the walls
W 638.23SF PER PNT BID
-----Floor-----
597. PNT S++ + Seal the floor with shellac/stain blocker - one coat
F 250.20SF PER PNT BID
Encapsulation of the subfloor prior to installation on new carpeting and pad
KALYVAS_JVB_V6_KALY2 10/2/2025 Page: 65
66
Office of Jared V. Boergadine, Licensed Appraiser & Public Adjuster
Arizona Public Adjuster License #18382965
California Public Adjuster License #2L70602
Colorado Public Adjuster License #608394
Nevada Public Adjuster License # 3443075
Texas Public Adjuster License #2207166
CONTINUED - Guest Bedroom
CAT SEL ACT DESCRIPTION
CALC QTY RESET REMOVE REPLACE TAX O&P TOTAL
598. FCC AV++ + Carpet - Premium grade
(F)*1.15 287.73SF PER FCC BID
15 % waste added for Carpet - Premium grade.
This item is marked open and corresponds to the Bid item in the Bid item folder at the top of the estimate from Floorish
599. FCC PAD++ + Carpet pad - Premium grade
F 250.20SF PER FCC BID
This item is marked open and corresponds to the Bid item in the Bid item folder at the top of the estimate from Floorish
600. PNT MASKSFP + Floor protection - heavy paper and tape
F 250.20SF PER PNT BID
floor protection for new flooring install
-----Door/Windows------
601. PNT DORT> + Paint door/window trim & jamb - Large - 2 coats (per side)
6 6.00EA PER PNT BID
602. WDT BLF>+ & R&R Window blind - fabric/woven - 14.1 to 20 SF - High grade
3 3.00EA SEE WDT BID
603. WDR SCRN< & R&R Window screen, 1 - 9 SF
1 1.00EA 5.72+ 45.44 = 3.66 10.96 65.78
604. WDR RWDW + Lube/recondition operable window
1 1.00EA 0.00+ 162.52 = 0.15 32.54 195.21
605. DOR DORRS + Interior door - Detach & reset
3 3.00EA 0.00+ 114.34 = 0.29 68.66 411.97
606. PNT FRX + Prime & paint French door slab only - exterior (per side)
4 4.00EA PER PNT BID
607. PNT DOR + Paint door slab only - 2 coats (per side)
6 6.00EA PER PNT BID
608. FNC SH12 & R&R Shelving - 12" - in place
(3'10+3'8+5'5)*5 64.58LF 0.57+ 14.28 = 33.93 198.58 1,191.52
Totals: Guest Bedroom 57.13 406.02 2,436.13
KALYVAS_JVB_V6_KALY2 10/2/2025 Page: 66
67
Office of Jared V. Boergadine, Licensed Appraiser & Public Adjuster
Arizona Public Adjuster License #18382965
California Public Adjuster License #2L70602
Colorado Public Adjuster License #608394
Nevada Public Adjuster License # 3443075
Texas Public Adjuster License #2207166
Guest Bathroom Height: 8' 9"
1"
5' 10'10' 2 23 88 9. .7 25 S SF W Wa al ll ls 5 50 0. .4 48 S SF C Fle oi oli rng
19" 6"
' 4 F s & Ceiling 8 F
"
5.61 SY Flooring 27.56 LF Floor Perimeter
6'
8" 30.06 LF Ceil. Perimeter
7"
5'
Door 2' 6" X 6' 8" Opens into GUEST_BEDROO
Window 2' 9" X 2' 9" Opens into Exterior
CAT SEL ACT DESCRIPTION
CALC QTY RESET REMOVE REPLACE TAX O&P TOTAL
----Ceiling----
609. PNT CA + Prime & paint cold air return (cover)
1 1.00EA PER PNT BID
610. PNT MASKLFT + Mask and prep for paint - tape only (per LF)
PC*4 120.22LF PER PNT BID
Masking off crown moulding to paint the walls top and bottom, once to paint walls, once to stain the crown moulding
611. PNT SP2 + Seal/prime (1 coat) then paint (2 coats) the walls and ceiling
WC 289.24SF PER PNT BID
----Walls----
612. FNC B4 & R&R Baseboard - 4 1/4"
PF 27.56LF 0.69+ 5.70 = 7.36 36.70 220.17
613. PNT B2 + Paint baseboard - two coats
PF 27.56LF PER PNT BID
614. PNT MASKLF + Mask and prep for paint - plastic, paper, tape (per LF)
PC*2 60.11LF PER PNT BID
Mask off ceiling and flooring to paint walls
615. PNT SP2 + Seal/prime (1 coat) then paint (2 coats) the walls
W 238.75SF PER PNT BID
-----Floor-----
616. FCT GROUT + Regrout tile floor
F 50.48SF 0.00+ 7.10 = 2.40 72.16 432.97
617. FCT SEALG + Grout sealer
F 50.48SF 0.00+ 2.41 = 0.91 24.52 147.09
618. PNT MASKSFP + Floor protection - heavy paper and tape
F 50.48SF PER PNT BID
floor protection for new flooring install
-----Door/Windows------
619. PNT DORT> + Paint door/window trim & jamb - Large - 2 coats (per side)
2 2.00EA PER PNT BID
620. WDR SCRN< & R&R Window screen, 1 - 9 SF
1 1.00EA 5.72+ 45.44 = 3.66 10.96 65.78
KALYVAS_JVB_V6_KALY2 10/2/2025 Page: 67
68
Office of Jared V. Boergadine, Licensed Appraiser & Public Adjuster
Arizona Public Adjuster License #18382965
California Public Adjuster License #2L70602
Colorado Public Adjuster License #608394
Nevada Public Adjuster License # 3443075
Texas Public Adjuster License #2207166
CONTINUED - Guest Bathroom
CAT SEL ACT DESCRIPTION
CALC QTY RESET REMOVE REPLACE TAX O&P TOTAL
621. WDR RWDW + Lube/recondition operable window
1 1.00EA 0.00+ 162.52 = 0.15 32.54 195.21
622. DOR DORRS + Interior door - Detach & reset
1 1.00EA 0.00+ 114.34 = 0.10 22.88 137.32
623. PNT DOR + Paint door slab only - 2 coats (per side)
2 2.00EA PER PNT BID
-----Plumbing-----
624. PLM CAPC + Water line copper cap/plug - per cap
3 3.00EA 0.00+ 29.74 = 0.47 17.94 107.63
Copper plumbing caps have been installed on exposed angle stops to properly terminate water supply lines after fixture removal. This prevents
debris intrusion and potential water discharge, ensuring safety and compliance with industry standards during mitigation or repair phases. The caps
also allow for future reconnection of fixtures without additional plumbing modifications.
-----Cabinets-----
625. CAB VANRS + Vanity - Detach & reset
4 4.00LF 0.00+ 81.35 = 0.00 65.08 390.48
626. PNT VANS + Stain & finish vanity - inside and out
4 4.00LF PER PNT BID
627. CAB KNPL+ & R&R Cabinet knob or pull - High grade
5 5.00EA 1.76+ 13.99 = 3.26 16.42 98.43
628. TIL AVB+ & R&R Ceramic tile - bullnose - 3/4" x 6" - High grade
12 12.00LF 3.19+ 15.88 = 5.22 46.82 280.88
629. TIL AV++ & R&R Ceramic/porcelain tile - Premium grade
8 8.00SF 3.02+ 30.26 = 10.60 55.38 332.22
-----Shower-----
630. TIL GROUT + Regrout tile
(9'*8'10)+(4'9*2'7) 98.85SF 0.00+ 7.22 = 2.72 143.28 859.70
+(4'9+2'4)
631. PLM TSFAU++ R Detach & Reset Tub/shower faucet - Premium grade
1 1.00EA 114.59 0.00+ 0.00 = 0.00 22.92 137.51
632. TIL SEALG + Seal grout on tile wall
(9'*8'10)+(4'9*2'7) 98.85SF 0.00+ 2.62 = 1.78 52.16 312.93
+(4'9+2'4)
633. MSD SDORRS + Shower door system - Detach & reset
1 1.00EA 0.00+ 317.32 = 0.00 63.46 380.78
Totals: Guest Bathroom 38.63 683.22 4,099.10
Total: Guest Suite 279.70 2,109.92 12,659.28
Total: Second Floor 1,497.81 15,308.34 91,848.95
KALYVAS_JVB_V6_KALY2 10/2/2025 Page: 68
69
Office of Jared V. Boergadine, Licensed Appraiser & Public Adjuster
Arizona Public Adjuster License #18382965
California Public Adjuster License #2L70602
Colorado Public Adjuster License #608394
Nevada Public Adjuster License # 3443075
Texas Public Adjuster License #2207166
Roof
725 '"
"52 13 02 5'1 9' 9111 7 6' ROOF1
617' "5" "9' 7 59' "4 ' 88FF ""8 33 72" RR00 917 "1 FF 1 "9 RR((22' 1' 66 114' 00" 77'" 1 " 2FF 1" (("33 " 33 87 ' 7 11 '"'" 01 '6 12"" 49 35 99 6. .5 25 5 S Tu or tf aa l c He iA p r Le ea ngth 14 59 3. .6 40 3 N Tou tm alb Rer i do gf e S Lq eu na gre ths
FF 44 "1 ))6""
"01 "6 22 33 422 )) 1 4 ' 552 1 1' "39 "'1
"01 ' 2 4 2" 6
1 11 1 2 2 ' 5 8"
7 " 2 ' 6 " 9 ' 4'
CAT SEL ACT DESCRIPTION
CALC QTY RESET REMOVE REPLACE TAX O&P TOTAL
634. SCF RNTHLW + Fall protection harness and lanyard (per week)
5 5.00WK 0.00+ 22.00 = 0.00 22.00 132.00
------Removal------
635. RFG TIL+ - Remove Tile roofing - Clay - Barrel (mission) tile
45.97 45.97SQ 284.34+ 0.00 = 0.00 2,614.22 15,685.33
636. RFG HIGH - Remove Additional charge for high roof (2 stories or greater)
SQ 49.60SQ 8.00+ 0.00 = 0.00 79.36 476.16
------Replacement------
637. RFG TIL+ + Tile roofing - Clay - Barrel (mission) tile
58 58.00SQ 0.00+ 1,207.93 = 2,277.72 14,467.52 86,805.18
58 Squares including waste as Recommended per Eagleview Report page 8
638. RFG BISA & R&R Modified bitumen roof - self-adhering
3.67 3.67SQ 77.35+ 557.82 = 80.03 482.22 2,893.32
Flat roof on Top
639. RFG HIGH + Additional charge for high roof (2 stories or greater)
SQ*1.1 54.56SQ 0.00+ 39.29 = 0.00 428.74 2,572.40
640. RFG RIDGT & R&R Hip / Ridge / Rake cap - tile roofing
68+397*1.15 524.55LF 7.07+ 17.09 = 345.34 2,603.70 15,622.17
Total length count increased by 15% to account for stack tiles on ridge
641. RFG BIDITM + Roofing (Bid Item) Decorative Mortar Build up for Ridge Tile
68+397 465.00EA [*] 0.00+ 25.00 = 0.00 2,325.00 13,950.00
642. RFG DRIP & R&R Drip edge
44+511 555.00LF 0.50+ 4.33 = 61.16 548.38 3,290.19
643. RFG FLCTR & R&R Counterflashing - Apron flashing
38 38.00LF 0.89+ 18.45 = 7.51 148.48 890.91
644. RFG FLL+ & R&R Flashing - L flashing - color finish
27+30+22 79.00LF 0.89+ 8.18 = 23.19 147.94 887.66
Transition flashing for flat roof to tile roof
645. RFG VMTLW & R&R Valley metal - (W) profile
VAL 162.59LF 0.88+ 10.44 = 51.28 378.36 2,270.16
646. RFG STEP + Step flashing
123 123.00LF 0.00+ 18.30 = 26.17 455.42 2,732.49
KALYVAS_JVB_V6_KALY2 10/2/2025 Page: 69
70
Office of Jared V. Boergadine, Licensed Appraiser & Public Adjuster
Arizona Public Adjuster License #18382965
California Public Adjuster License #2L70602
Colorado Public Adjuster License #608394
Nevada Public Adjuster License # 3443075
Texas Public Adjuster License #2207166
CONTINUED - ROOF1
CAT SEL ACT DESCRIPTION
CALC QTY RESET REMOVE REPLACE TAX O&P TOTAL
647. WDS RW & R&R Roof window (skylight), 9.1 - 10 sf
1 1.00EA 68.51+ 1,210.59 = 98.30 275.48 1,652.88
648. RFG FLCH & R&R Chimney flashing - average (32" x 36")
4 4.00EA 28.40+ 738.00 = 44.72 622.06 3,732.38
649. RFG FLPJ6 & R&R Flashing - pipe jack - 6"
11 11.00EA 10.68+ 97.76 = 35.75 245.74 1,474.33
-----Roof Edge-----
650. SFG GRD++ R Detach & Reset Gutter guard/screen - Premium grade
511 511.00LF 13.47 0.00+ 0.00 = 0.00 1,376.64 8,259.81
651. SFG GUTRS + Gutter / downspout - Detach & reset
511+200 711.00LF 0.00+ 6.06 = 0.00 861.74 5,170.40
652. CLN GUT + Clean gutter/downspout
711 711.00LF 0.00+ 0.94 = 0.68 133.80 802.82
653. PNT GUTG + Prime & paint gutter / downspout
711 711.00LF OPEN ITEM
654. CLN FAC + Clean fascia
600 600.00LF 0.00+ 1.12 = 0.00 134.40 806.40
wood sf under exposed soffits and fascia board front and back
655. PNT SANDE + Sand wood - exterior
600+80 680.00SF 0.00+ 3.86 = 5.81 526.12 3,156.73
Wood Sf under exposed soffits and fascia boards front and back
656. PNT FACW> + Prime & paint exterior fascia - wood, 6"- 8" wide
600 600.00LF OPEN ITEM
Totals: ROOF1 3,057.66 28,877.32 173,263.72
Total: Roof 3,057.66 28,877.32 173,263.72
Exterior
Exterior
CAT SEL ACT DESCRIPTION
CALC QTY RESET REMOVE REPLACE TAX O&P TOTAL
-----Scaffolding-----
657. SCF RENTM + Scaffold - per section (per month)
((498/12)*4)*2 332.00MO MCDERMOTT BID
12 foot sections of scaffold around the perimeter of home, 4 sections high, for 2 months to facilitate the removal of plants, and
cleaning/repair/painting of stucco
KALYVAS_JVB_V6_KALY2 10/2/2025 Page: 70
71
Office of Jared V. Boergadine, Licensed Appraiser & Public Adjuster
Arizona Public Adjuster License #18382965
California Public Adjuster License #2L70602
Colorado Public Adjuster License #608394
Nevada Public Adjuster License # 3443075
Texas Public Adjuster License #2207166
CONTINUED - Exterior
CAT SEL ACT DESCRIPTION
CALC QTY RESET REMOVE REPLACE TAX O&P TOTAL
658. SCF SECT + Labor to set up and take down scaffold - per section
166 166.00EA MCDERMOTT BID
Total: Exterior 0.00 0.00 0.00
Ext_Surfaces
6545.89 SF Walls 498.06 LF Floor Perimeter
6545.89 SF Walls & Ceiling
Window 3' 6" X 1' 3" Opens into Exterior
Window 3' 6" X 5' 5" Opens into Exterior
Door 6' X 8' Opens into Exterior
Window 1' 7" X 8' Opens into Exterior
Window 2' 6" X 4' Opens into Exterior
Window 2' 6" X 4' Opens into Exterior
Door 5' X 6' 8" Opens into Exterior
Window 1' 1" X 3' Opens into Exterior
Window 4' X 4' Opens into Exterior
Window 2' 6" X 4' Opens into Exterior
Window 2' 6" X 3' 6" Opens into Exterior
Window 2' 9" X 2' 9" Opens into Exterior
Window 4' 10" X 4' Opens into Exterior
Window 2' X 4' Opens into Exterior
Window 4' 6" X 4' Opens into Exterior
Window 2' 6" X 4' Opens into Exterior
Window 2' 9" X 2' Opens into Exterior
KALYVAS_JVB_V6_KALY2 10/2/2025 Page: 71
72
Office of Jared V. Boergadine, Licensed Appraiser & Public Adjuster
Arizona Public Adjuster License #18382965
California Public Adjuster License #2L70602
Colorado Public Adjuster License #608394
Nevada Public Adjuster License # 3443075
Texas Public Adjuster License #2207166
CAT SEL ACT DESCRIPTION
CALC QTY RESET REMOVE REPLACE TAX O&P TOTAL
2 areas of stucco repair outside office and den walls
659. STU AV & R&R Metal lath & stucco
50*2 100.00SF MCDERMOTT BID
2 patches - SF may change if additional repairs are required to framing
Stucco repair along step and counter-flashing being replaced
660. STU RP2 + Stucco repair around doors, windows, etc - 2nd floor
38+123 161.00LF MCDERMOTT BID
Exterior Walls
661. CLN SB++ + Sandblasting - Extra heavy
W+1000+(57'9*10+41' 8399.89SF MCDERMOTT BID
2*6+19'6+10)
Remove layer of color coat stucco - Exterior walls and overhangs
662. CLN LAB + Cleaning Technician - per hour
16 16.00HR MCDERMOTT BID
Clean stucco debris/sand 6 foot perimeter around house after blasting is complete
663. STU BIDITM + Stucco & Exterior Plaster (Bid Item) - New Color coat Stucco and fiberglass mesh netting
W+1000 7545.89SF [*] MCDERMOTT BID
Exterior Stucco of Dwelling has heavy smoke damage and is stained pink with air dropped fire retardant that was unsuccessful to remove during
initial cleaning.
Estimation to remove color coat, prepare surface for bonding and patch voids, installed fiberglass mesh netting, and finish with a Premium color
coat - hand troweled style application.
-----Property Fixtures-----
664. LIT X++ & R&R Exterior light fixture - Premium grade
23 23.00EA [*] 18.99+ 773.49 = 1,474.88 3,940.40 23,642.32
the price of this item is subject to change the supplier for these fixtures is sourced.
665. MAS PCBAL & R&R Precast balustrade - cast stone
12 12.00LF 11.36+ 268.96 = 127.24 698.20 4,189.28
Front Balcony over garage with damaged from falling debris.
Additional Cleaning attempt will be made on the pre-cast stone that still shows signs of Pink fire retardant embedded in the stone.
Walnut Shell blasting ALL exterior precast architectural concrete to attempt to remove staining from concrete.
If additional cleaning is unsuccful replacement of the following 5 areas must be included
666. CLN BIDITM + Cleaning (Bid Item) - Walnut Shell Blasting
59+119+100+371+30 679.00EA [*] 0.00+ 15.00 = 0.00 2,037.00 12,222.00
667. MAS PCBAL & R&R Precast balustrade - cast stone
8'1+8'1+18'8+1'9+1'9+8 59.08LF OPEN ITEM
'9+1'9+1'9+8'6
668. MAS PCRAIL + Precast railing
(8'1+8'1+18'8+1'9+1'9+ 118.17LF OPEN ITEM
8'9+8'6+1'9+1'9)*2
669. MAS PCCOL & R&R Precast column - 18" diameter
(13*7)+(6'+2+.5) 99.50LF OPEN ITEM
(6) 8' precast columns stained by phos-chek
670. MAS PCTRIM + Precast trim
23+68+70+63+44+25+ 371.00LF OPEN ITEM
25+18+18+17
KALYVAS_JVB_V6_KALY2 10/2/2025 Page: 72
73
Office of Jared V. Boergadine, Licensed Appraiser & Public Adjuster
Arizona Public Adjuster License #18382965
California Public Adjuster License #2L70602
Colorado Public Adjuster License #608394
Nevada Public Adjuster License # 3443075
Texas Public Adjuster License #2207166
CONTINUED - Ext_Surfaces
CAT SEL ACT DESCRIPTION
CALC QTY RESET REMOVE REPLACE TAX O&P TOTAL
671. MAS PCSILL & R&R Precast sill
30 30.00LF OPEN ITEM
672. CLN GLS + Clean Glass Railing - glass and aluminum
((42'7+34'8)*3')*2 463.50SF 0.00+ 0.70 = 0.00 64.90 389.35
Totals: Ext_Surfaces 1,602.12 6,740.50 40,442.95
Total: Exterior 1,602.12 6,740.50 40,442.95
Total: Main Structure 11,763.47 92,440.64 554,640.76
Other Structures
CAT SEL ACT DESCRIPTION
CALC QTY RESET REMOVE REPLACE TAX O&P TOTAL
-----Pool Decking Stone Floor-----
673. FCS GROUT + Regrout stone floor
2791.56+991.97 3783.53SF 0.00+ 6.42 = 35.94 4,865.24 29,191.44
674. CLN VAC+ + Vacuuming - (PER SF) - Heavy
2791.56+991.97 3783.53SF 0.00+ 0.29 = 0.00 219.44 1,316.66
Vacuuming after the grinding process
675. FCS SEAL + Tile/stone sealer
2791.56+991.97 3783.53SF 0.00+ 1.53 = 132.99 1,184.36 7,106.15
Extra coat of stone sealer after resurfacing. The grind and reseal line item only allows for one coat of sealer, the nature of the grinding of the stone
will require multiple coats to protect the stone.
-----Trellis Area-----
676. HVC RADT & R&R Radiant tube heater - Suspended - Gas (60,000 BTU)
2 2.00EA [*] 56.77+ 4,492.17 = 595.57 1,938.68 11,632.13
this has been modified to reflect the pricing for this Lynx Electric heater
https://www.bestbuy.com/site/lynx-professional-electric-heater-stainless-steel/5705191.p?skuId=5705191&extStoreId=107&utm_source=feed&ref=
212&loc=19230189049&gad_source=4&gad_campaignid=19231438781&gbraid=0AAAAAD-ORIjjbR4Wx7MSQoqNbvEvYUvTp&gclid=CjwK
CAjwyb3DBhBlEiwAqZLe5IUEweb9WgLmVho03COOzwmwk7N922iLQ9uv1Dj5XBTaYRhkUBhVLxoCfe8QAvD_BwE&gclsrc=aw.ds
677. WDT SHADMBO & R&R Motorized blackout screen
(14'*9')*2 252.00SF 0.64+ 57.22 = 1,178.33 3,151.80 18,910.85
KALYVAS_JVB_V6_KALY2 10/2/2025 Page: 73
74
Office of Jared V. Boergadine, Licensed Appraiser & Public Adjuster
Arizona Public Adjuster License #18382965
California Public Adjuster License #2L70602
Colorado Public Adjuster License #608394
Nevada Public Adjuster License # 3443075
Texas Public Adjuster License #2207166
CONTINUED - Hardscapes and walkways
CAT SEL ACT DESCRIPTION
CALC QTY RESET REMOVE REPLACE TAX O&P TOTAL
678. PNT BIDITM + Painting (Bid Item) Trellis - Clean and Paint
1 1.00EA [*E] 0.00+ 3,500.00 = 0.00 700.00 4,200.00
679. SPE FNTN4 & R&R Landscape fountain - Small (4' diameter)
.5 0.50EA OPEN ITEM
Additional Cleaning attempt to be made
----- Perimetry Walls and Fences/Gates-----
680. ORI ORGT & R&R Ornamental iron fence gate, 3' - 4' wide - 3' - 4' high
7 7.00EA 25.24+ 493.78 = 166.26 759.90 4,559.30
3 gates in front of property, and 2 double gates enclosing the AC units
681. STU TRQ + Synthetic stucco - additional charge for Coping Cap
(129.26+17+16. 254.58LF MCDERMOTT BID
4+31+9)+(12'1+17'6)
+(3'4+3'4+15'8)
682. CLN SB+ + Sandblasting - Heavy
(129.26+17+16. 2837.24SF MCDERMOTT BID
4+31+9)*14
683. STU MAS2 + Two coat stucco over masonry
(129.26+17+16. 2837.24SF MCDERMOTT BID
4+31+9)*14
684. TIL MT++ & R&R Mosaic - ceramic/porcelain tile - Premium grade
(6'10*3'7)+(15'8*2'2) 117.61SF 3.02+ 40.99 = 258.32 1,086.86 6,521.19
+(3*6'2)+((4'3*6'6)*.8)
+(17'6+1'1)
685. PNT STUP + Paint stucco
(57'9*10+41'2*6+19'6+ 1708.00SF MCDERMOTT BID
10)*2
Paint the stucco retaining wall in rear of house after sandblasting, 2 coats
-----BBQ Island-----
686. CAB BIDITM + Stainless Steel BBQ Cabinets (Bid Item) Per Snyder Diamond - Quote #131707
1 1.00EA [*E] 0.00+ 31,935.89 = 0.00 6,387.18 38,323.07
KALYVAS_JVB_V6_KALY2 10/2/2025 Page: 74
75
Office of Jared V. Boergadine, Licensed Appraiser & Public Adjuster
Arizona Public Adjuster License #18382965
California Public Adjuster License #2L70602
Colorado Public Adjuster License #608394
Nevada Public Adjuster License # 3443075
Texas Public Adjuster License #2207166
CONTINUED - Hardscapes and walkways
CAT SEL ACT DESCRIPTION
CALC QTY RESET REMOVE REPLACE TAX O&P TOTAL
Scope of work:
1. Ice maker
2. Right-Hinged Refrigerator
3. Aurora Grill
4. Double Doors Under Grill
5. Large Pantry Drawer/Door
6. Double Drawer
7. Double Access Drawers
8. Sink
9. Faucet
10. Air Switch
11. Soap Dispenser
12. Garbage Disposal
13. Garbage Delivery
KALYVAS_JVB_V6_KALY2 10/2/2025 Page: 75
76
Office of Jared V. Boergadine, Licensed Appraiser & Public Adjuster
Arizona Public Adjuster License #18382965
California Public Adjuster License #2L70602
Colorado Public Adjuster License #608394
Nevada Public Adjuster License # 3443075
Texas Public Adjuster License #2207166
CONTINUED - Hardscapes and walkways
CAT SEL ACT DESCRIPTION
CALC QTY RESET REMOVE REPLACE TAX O&P TOTAL
KALYVAS_JVB_V6_KALY2 10/2/2025 Page: 76
77
Office of Jared V. Boergadine, Licensed Appraiser & Public Adjuster
Arizona Public Adjuster License #18382965
California Public Adjuster License #2L70602
Colorado Public Adjuster License #608394
Nevada Public Adjuster License # 3443075
Texas Public Adjuster License #2207166
CONTINUED - Hardscapes and walkways
CAT SEL ACT DESCRIPTION
CALC QTY RESET REMOVE REPLACE TAX O&P TOTAL
KALYVAS_JVB_V6_KALY2 10/2/2025 Page: 77
78
Office of Jared V. Boergadine, Licensed Appraiser & Public Adjuster
Arizona Public Adjuster License #18382965
California Public Adjuster License #2L70602
Colorado Public Adjuster License #608394
Nevada Public Adjuster License # 3443075
Texas Public Adjuster License #2207166
CONTINUED - Hardscapes and walkways
CAT SEL ACT DESCRIPTION
CALC QTY RESET REMOVE REPLACE TAX O&P TOTAL
687. PLM LAB + Plumber - per hour
2*8*2 32.00HR 0.00+ 140.00 = 0.00 896.00 5,376.00
(2) Plumbers for 2 days to install necessary items.
688. PLM STOP M Material Only Angle stop valve
2 2.00EA 0.00+ 12.48 = 2.37 5.48 32.81
The angle stop valve was replaced rather than reused due to the risk of failure associated with aging or previously disturbed plumbing components.
Reusing an old valve can result in leaks or malfunction, especially after being shut off and turned back on during repairs. Replacement ensures a
reliable seal, compliance with plumbing best practices, and minimizes future water damage risk.
689. PLM CAPC + Water line copper cap/plug - per cap
2 2.00EA 0.00+ 29.74 = 0.31 11.96 71.75
Copper plumbing caps have been installed on exposed angle stops to properly terminate water supply lines after fixture removal. This prevents
debris intrusion and potential water discharge, ensuring safety and compliance with industry standards during mitigation or repair phases. The caps
also allow for future reconnection of fixtures without additional plumbing modifications.
690. MAS PCENT36 + Precast concrete entablature - 36"
1 1.00EA 0.00+ 2,633.95 = 156.80 558.16 3,348.91
691. CAB CTGM++ & R&R Countertop - Granite or Marble - Premium grade
15'8*2'9 43.08SF 8.16+ 137.01 = 354.21 1,321.62 7,929.75
692. CAB CTGE++ + Add on Granite or Marble - edge treatment - Premium grade
15'8+3'9+2'9 22.17LF 0.00+ 74.07 = 0.00 328.42 1,970.55
693. CAB CTGMS + Add on for undermount sink cutout & polish - single basin
1 1.00EA 0.00+ 231.49 = 0.00 46.30 277.79
-----Side Access-----
694. FRM RR & R&R Railroad ties stairs
6*4 24.00LF 5.69+ 7.89 = 6.59 66.52 399.03
695. CNC RB4 & R&R Steel rebar - #4 (1/2")
12*3 36.00LF 2.20+ 2.59 = 2.94 35.06 210.44
696. FRM LAB + Carpenter - General Framer - per hour
8 8.00HR 0.00+ 103.03 = 0.00 164.84 989.08
Labor to repack earth and set rebar in narrow area
697. ORI ORGT> & R&R Ornamental iron fence gate, 3' - 4' wide - 5' - 6' high
1 1.00EA 25.24+ 554.87 = 29.55 121.94 731.60
698. ORI FEN6 & R&R Ornamental iron fencing - 6' high
2 2.00LF 7.58+ 79.70 = 5.88 36.10 216.54
699. PNT ORIF + Prime & paint ornamental fence - per SF
12+18 30.00SF 0.00+ 5.24 = 3.73 32.18 193.11
Includes gate
-----Front Facing Wall-----
700. CLN PWASH + Clean with pressure/chemical spray
800 800.00SF 0.00+ 0.52 = 0.76 83.36 500.12
KALYVAS_JVB_V6_KALY2 10/2/2025 Page: 78
79
Office of Jared V. Boergadine, Licensed Appraiser & Public Adjuster
Arizona Public Adjuster License #18382965
California Public Adjuster License #2L70602
Colorado Public Adjuster License #608394
Nevada Public Adjuster License # 3443075
Texas Public Adjuster License #2207166
CONTINUED - Hardscapes and walkways
CAT SEL ACT DESCRIPTION
CALC QTY RESET REMOVE REPLACE TAX O&P TOTAL
701. PNT CNC + Paint concrete the surface area
8*100 800.00SF 0.00+ 1.51 = 21.28 245.86 1,475.14
702. CNC CS + Concrete sealer - brush or spray applied
800 800.00SF 0.00+ 1.42 = 58.52 238.90 1,433.42
Totals: Hardscapes and walkways 3,010.35 24,486.16 146,916.83
Plants, Trees, And Shrubs
CAT SEL ACT DESCRIPTION
CALC QTY RESET REMOVE REPLACE TAX O&P TOTAL
-----Landscaping Removal-----
703. LND LABL + General Laborer - per hour
3*8*3 72.00HR 0.00+ 65.00 = 0.00 936.00 5,616.00
(3) Laborers for (8) hours per day for (3)days to remove all damaged plants, shrubs and ground cover
704. DMO TREE - Tree - tear out and disposal - 12" to 24" diameter
6 6.00EA 1,215.14+ 0.00 = 0.00 1,458.16 8,749.00
removal of 4 medium trees in front yard right side
705. DMO TREE< - Tree - tear out and disposal - under 12" diameter
9 9.00EA 562.45+ 0.00 = 0.00 1,012.42 6,074.47
removal of 4 small palm trees near pool
706. DMO TSGR - Tree stump grinding - 12" to 24" diameter - per stump
6 6.00EA 144.48+ 0.00 = 0.00 173.38 1,040.26
707. DMO TSGR< - Tree stump grinding - under 12" diameter - per stump
9 9.00EA 72.25+ 0.00 = 0.00 130.06 780.31
-----Landscaping Reinstallation-----
708. LND TFS4 + Tree - shade or flowering - 4" caliper
15 15.00EA 0.00+ 676.44 = 534.38 2,136.20 12,817.18
709. LND PSD1 + Plants - shrubs - deciduous - 1 gallon
35 35.00EA 0.00+ 49.78 = 65.27 361.52 2,169.09
710. LND PPGG1G + Plants - perennials - grasses - groundcover - 1 gallon
50 50.00EA 0.00+ 35.05 = 94.91 369.48 2,216.89
711. LND LSOD + Lawn - sod
(18.5*4)+(11.5*17*5) 1181.50SF 0.00+ 1.08 = 87.55 272.72 1,636.29
+(10*13)
-----Wall Vines-----
KALYVAS_JVB_V6_KALY2 10/2/2025 Page: 79
80
Office of Jared V. Boergadine, Licensed Appraiser & Public Adjuster
Arizona Public Adjuster License #18382965
California Public Adjuster License #2L70602
Colorado Public Adjuster License #608394
Nevada Public Adjuster License # 3443075
Texas Public Adjuster License #2207166
CONTINUED - Plants, Trees, And Shrubs
CAT SEL ACT DESCRIPTION
CALC QTY RESET REMOVE REPLACE TAX O&P TOTAL
712. LND BIDITM + Landscaping (Bid Item)
1 1.00EA [*E] 0.00+ 53,250.00 = 0.00 10,650.00 63,900.00
Vine Replanting - 150 LF x $30.00/LF = $4,500
Wire/Pin Vine support - 3250 SF x $15/SF= $48,750
Total Cost to replace & reinstall vines with support wire= $53,250
Totals: Plants, Trees, And Shrubs 782.11 17,499.94 104,999.49
Total: Other Structures 3,792.46 41,986.10 251,916.32
Line Item Totals: KALYVAS_JVB_V6_KALY2 19,041.21 271,913.50 1,631,477.44
Additional Charges Charge
California Lumber Assessment Fee 63.26
Additional Charges Total $63.26
KALYVAS_JVB_V6_KALY2 10/2/2025 Page: 80
81
Office of Jared V. Boergadine, Licensed Appraiser & Public Adjuster
Arizona Public Adjuster License #18382965
California Public Adjuster License #2L70602
Colorado Public Adjuster License #608394
Nevada Public Adjuster License # 3443075
Texas Public Adjuster License #2207166
Grand Total Areas:
22,310.48 SF Walls 6,209.76 SF Ceiling 28,520.24 SF Walls and Ceiling
5,941.32 SF Floor 660.15 SY Flooring 2,004.96 LF Floor Perimeter
0.00 SF Long Wall 0.00 SF Short Wall 1,839.26 LF Ceil. Perimeter
5,941.32 Floor Area 6,761.82 Total Area 15,569.14 Interior Wall Area
19,776.69 Exterior Wall Area 1,339.57 Exterior Perimeter of
Walls
4,959.55 Surface Area 49.60 Number of Squares 0.00 Total Perimeter Length
153.43 Total Ridge Length 396.25 Total Hip Length
Coverage Item Total % ACV Total %
Dwelling 1,353,928.86 82.99% 1,354,003.95 82.99%
Other Structures 172,549.09 10.58% 172,549.92 10.58%
Trees, Plants & Shrubs 104,999.49 6.44% 104,999.49 6.44%
Total 1,631,477.44 100.00% 1,631,553.36 100.00%
KALYVAS_JVB_V6_KALY2 10/2/2025 Page: 81
82
Office of Jared V. Boergadine, Licensed Appraiser & Public Adjuster
Arizona Public Adjuster License #18382965
California Public Adjuster License #2L70602
Colorado Public Adjuster License #608394
Nevada Public Adjuster License # 3443075
Texas Public Adjuster License #2207166
Summary for Dwelling
Line Item Total 1,113,072.77
California Lumber Assessment Fee 62.57
Material Sales Tax 15,200.73
Subtotal 1,128,336.07
Overhead 112,833.94
Profit 112,833.94
Replacement Cost Value $1,354,003.95
Net Claim $1,354,003.95
Jared Boergadine
KALYVAS_JVB_V6_KALY2 10/2/2025 Page: 82
83
Office of Jared V. Boergadine, Licensed Appraiser & Public Adjuster
Arizona Public Adjuster License #18382965
California Public Adjuster License #2L70602
Colorado Public Adjuster License #608394
Nevada Public Adjuster License # 3443075
Texas Public Adjuster License #2207166
Summary for Other Structures
Line Item Total 140,732.52
California Lumber Assessment Fee 0.69
Material Sales Tax 3,058.37
Subtotal 143,791.58
Overhead 14,379.17
Profit 14,379.17
Replacement Cost Value $172,549.92
Net Claim $172,549.92
Jared Boergadine
KALYVAS_JVB_V6_KALY2 10/2/2025 Page: 83
84
Office of Jared V. Boergadine, Licensed Appraiser & Public Adjuster
Arizona Public Adjuster License #18382965
California Public Adjuster License #2L70602
Colorado Public Adjuster License #608394
Nevada Public Adjuster License # 3443075
Texas Public Adjuster License #2207166
Summary for Trees, Plants & Shrubs
Line Item Total 86,717.44
Material Sales Tax 782.11
Subtotal 87,499.55
Overhead 8,749.97
Profit 8,749.97
Replacement Cost Value $104,999.49
Less Deductible (10,925.00)
Net Claim $94,074.49
Jared Boergadine
KALYVAS_JVB_V6_KALY2 10/2/2025 Page: 84
85
Office of Jared V. Boergadine, Licensed Appraiser & Public Adjuster
Arizona Public Adjuster License #18382965
California Public Adjuster License #2L70602
Colorado Public Adjuster License #608394
Nevada Public Adjuster License # 3443075
Texas Public Adjuster License #2207166
Recap of Taxes, Overhead and Profit
Overhead (10%) Profit (10%) Material Sales Tax (9.5%) Storage Rental Tax (9.5%)
Line Items 135,956.75 135,956.75 19,041.21 0.00
Additional Charges 6.33 6.33 0.00 0.00
Total 135,963.08 135,963.08 19,041.21 0.00
KALYVAS_JVB_V6_KALY2 10/2/2025 Page: 85
86
Office of Jared V. Boergadine, Licensed Appraiser & Public Adjuster
Arizona Public Adjuster License #18382965
California Public Adjuster License #2L70602
Colorado Public Adjuster License #608394
Nevada Public Adjuster License # 3443075
Texas Public Adjuster License #2207166
Recap by Room
Estimate: KALYVAS_JVB_V6_KALY2
Bid Items 199,830.76 14.91%
Coverage: Dwelling 100.00% = 199,830.76
General 33,342.93 2.49%
Coverage: Dwelling 100.00% = 33,342.93
Electrical 52,646.86 3.93%
Coverage: Dwelling 100.00% = 52,646.86
Plumbing 6,432.70 0.48%
Coverage: Dwelling 100.00% = 6,432.70
HVAC 96,572.00 7.20%
Coverage: Dwelling 100.00% = 96,572.00
Kitchen Appliances 65,101.49 4.86%
Coverage: Dwelling 100.00% = 65,101.49
Pool Area 1,312.20 0.10%
Coverage: Other Structures 100.00% = 1,312.20
Window Treatments 30,659.38 2.29%
Coverage: Dwelling 100.00% = 30,659.38
Stucco 198,050.00 14.77%
Coverage: Dwelling 89.90% = 178,050.00
Coverage: Other Structures 10.10% = 20,000.00
Area: Main Structure
Area: First Floor
Foyer/Staircase 22,828.61 1.70%
Coverage: Dwelling 100.00% = 22,828.61
Den 14,773.61 1.10%
Coverage: Dwelling 100.00% = 14,773.61
Bathroom 4,819.25 0.36%
Coverage: Dwelling 100.00% = 4,819.25
Garage Hall 3,854.52 0.29%
Coverage: Dwelling 100.00% = 3,854.52
Dining Room 29,969.51 2.24%
Coverage: Dwelling 100.00% = 29,969.51
Pantry 2,864.34 0.21%
Coverage: Dwelling 100.00% = 2,864.34
Family Room 43,999.56 3.28%
Coverage: Dwelling 100.00% = 43,999.56
Kitchen 27,512.59 2.05%
Coverage: Dwelling 100.00% = 27,512.59
Office 20,943.94 1.56%
KALYVAS_JVB_V6_KALY2 10/2/2025 Page: 86
87
Office of Jared V. Boergadine, Licensed Appraiser & Public Adjuster
Arizona Public Adjuster License #18382965
California Public Adjuster License #2L70602
Colorado Public Adjuster License #608394
Nevada Public Adjuster License # 3443075
Texas Public Adjuster License #2207166
Coverage: Dwelling 100.00% = 20,943.94
Office Bathroom 6,814.99 0.51%
Coverage: Dwelling 100.00% = 6,814.99
Garage 16,592.50 1.24%
Coverage: Dwelling 100.00% = 16,592.50
Laundry Room 6,991.36 0.52%
Coverage: Dwelling 100.00% = 6,991.36
Area Subtotal: First Floor 201,964.78 15.07%
Coverage: Dwelling 100.00% = 201,964.78
Area: Second Floor
Landing 2,812.40 0.21%
Coverage: Dwelling 100.00% = 2,812.40
Area: Bedroom 1
Bedroom 1 3,464.75 0.26%
Coverage: Dwelling 100.00% = 3,464.75
Bed1 Bath 1,965.78 0.15%
Coverage: Dwelling 100.00% = 1,965.78
Area Subtotal: Bedroom 1 5,430.53 0.41%
Coverage: Dwelling 100.00% = 5,430.53
Area: Bedroom 2
Bedroom 2 2,961.61 0.22%
Coverage: Dwelling 100.00% = 2,961.61
Bed2 Bath 1,870.97 0.14%
Coverage: Dwelling 100.00% = 1,870.97
Area Subtotal: Bedroom 2 4,832.58 0.36%
Coverage: Dwelling 100.00% = 4,832.58
Area: Bedroom 3
Bedroom 3 1,790.49 0.13%
Coverage: Dwelling 100.00% = 1,790.49
Bed3 Bath 1,339.45 0.10%
Coverage: Dwelling 100.00% = 1,339.45
Area Subtotal: Bedroom 3 3,129.94 0.23%
Coverage: Dwelling 100.00% = 3,129.94
Area: Master Suite
KALYVAS_JVB_V6_KALY2 10/2/2025 Page: 87
88
Office of Jared V. Boergadine, Licensed Appraiser & Public Adjuster
Arizona Public Adjuster License #18382965
California Public Adjuster License #2L70602
Colorado Public Adjuster License #608394
Nevada Public Adjuster License # 3443075
Texas Public Adjuster License #2207166
Master Bedroom 6,992.03 0.52%
Coverage: Dwelling 100.00% = 6,992.03
Master Bath 28,701.83 2.14%
Coverage: Dwelling 100.00% = 28,701.83
Master Closet 12,873.83 0.96%
Coverage: Dwelling 100.00% = 12,873.83
Area Subtotal: Master Suite 48,567.69 3.62%
Coverage: Dwelling 100.00% = 48,567.69
Area: Guest Suite
Stairwell 4,919.43 0.37%
Coverage: Dwelling 100.00% = 4,919.43
Guest Bedroom 1,972.98 0.15%
Coverage: Dwelling 100.00% = 1,972.98
Guest Bathroom 3,377.25 0.25%
Coverage: Dwelling 100.00% = 3,377.25
Area Subtotal: Guest Suite 10,269.66 0.77%
Coverage: Dwelling 100.00% = 10,269.66
Area Subtotal: Second Floor 75,042.80 5.60%
Coverage: Dwelling 100.00% = 75,042.80
Area: Roof
ROOF1 141,328.74 10.54%
Coverage: Dwelling 100.00% = 141,328.74
Area Subtotal: Roof 141,328.74 10.54%
Coverage: Dwelling 100.00% = 141,328.74
Area: Exterior
Ext_Surfaces 32,100.33 2.39%
Coverage: Dwelling 100.00% = 32,100.33
Area Subtotal: Exterior 32,100.33 2.39%
Coverage: Dwelling 100.00% = 32,100.33
Area Subtotal: Main Structure 450,436.65 33.60%
Coverage: Dwelling 100.00% = 450,436.65
Area: Other Structures
Hardscapes and walkways 119,420.32 8.91%
KALYVAS_JVB_V6_KALY2 10/2/2025 Page: 88
89
Office of Jared V. Boergadine, Licensed Appraiser & Public Adjuster
Arizona Public Adjuster License #18382965
California Public Adjuster License #2L70602
Colorado Public Adjuster License #608394
Nevada Public Adjuster License # 3443075
Texas Public Adjuster License #2207166
Coverage: Other Structures 100.00% = 119,420.32
Plants, Trees, And Shrubs 86,717.44 6.47%
Coverage: Trees, Plants & Shrubs 100.00% = 86,717.44
Area Subtotal: Other Structures 206,137.76 15.38%
Coverage: Other Structures 57.93% = 119,420.32
Coverage: Trees, Plants & Shrubs 42.07% = 86,717.44
Subtotal of Areas 1,340,522.73 100.00%
Coverage: Dwelling 83.03% = 1,113,072.77
Coverage: Other Structures 10.50% = 140,732.52
Coverage: Trees, Plants & Shrubs 6.47% = 86,717.44
Total 1,340,522.73 100.00%
KALYVAS_JVB_V6_KALY2 10/2/2025 Page: 89
90
Office of Jared V. Boergadine, Licensed Appraiser & Public Adjuster
Arizona Public Adjuster License #18382965
California Public Adjuster License #2L70602
Colorado Public Adjuster License #608394
Nevada Public Adjuster License # 3443075
Texas Public Adjuster License #2207166
Recap by Category
O&P Items Total %
APPLIANCES 70,562.44 4.32%
Coverage: Dwelling @ 100.00% = 70,562.44
CABINETRY 63,004.55 3.86%
Coverage: Dwelling @ 36.97% = 23,292.65
Coverage: Other Structures @ 63.03% = 39,711.90
CLEANING 19,350.38 1.19%
Coverage: Dwelling @ 92.18% = 17,837.16
Coverage: Other Structures @ 7.82% = 1,513.22
CONCRETE & ASPHALT 2,707.47 0.17%
Coverage: Dwelling @ 54.60% = 1,478.23
Coverage: Other Structures @ 45.40% = 1,229.24
GENERAL DEMOLITION 63,312.51 3.88%
Coverage: Dwelling @ 75.55% = 47,833.72
Coverage: Other Structures @ 2.54% = 1,608.77
Coverage: Trees, Plants & Shrubs @ 21.91% = 13,870.02
DOORS 4,161.17 0.26%
Coverage: Dwelling @ 100.00% = 4,161.17
DRYWALL 15,271.62 0.94%
Coverage: Dwelling @ 100.00% = 15,271.62
ELECTRICAL 10,328.34 0.63%
Coverage: Dwelling @ 100.00% = 10,328.34
ELECTRICAL - SPECIAL SYSTEMS 3,675.69 0.23%
Coverage: Dwelling @ 100.00% = 3,675.69
FLOOR COVERING - CARPET 28,508.76 1.75%
Coverage: Dwelling @ 100.00% = 28,508.76
FLOOR COVERING - STONE 74,078.36 4.54%
Coverage: Dwelling @ 59.40% = 43,999.30
Coverage: Other Structures @ 40.60% = 30,079.06
FLOOR COVERING - CERAMIC TILE 3,264.71 0.20%
Coverage: Dwelling @ 100.00% = 3,264.71
FLOOR COVERING - WOOD 26,099.65 1.60%
Coverage: Dwelling @ 100.00% = 26,099.65
FINISH CARPENTRY / TRIMWORK 22,666.32 1.39%
Coverage: Dwelling @ 100.00% = 22,666.32
FRAMING & ROUGH CARPENTRY 4,821.85 0.30%
Coverage: Dwelling @ 78.98% = 3,808.25
Coverage: Other Structures @ 21.02% = 1,013.60
HEAT, VENT & AIR CONDITIONING 98,270.24 6.02%
Coverage: Dwelling @ 90.86% = 89,285.90
Coverage: Other Structures @ 9.14% = 8,984.34
KALYVAS_JVB_V6_KALY2 10/2/2025 Page: 90
91
Office of Jared V. Boergadine, Licensed Appraiser & Public Adjuster
Arizona Public Adjuster License #18382965
California Public Adjuster License #2L70602
Colorado Public Adjuster License #608394
Nevada Public Adjuster License # 3443075
Texas Public Adjuster License #2207166
O&P Items Total %
INSULATION 695.16 0.04%
Coverage: Dwelling @ 100.00% = 695.16
LABOR ONLY 25,756.08 1.58%
Coverage: Dwelling @ 100.00% = 25,756.08
LIGHT FIXTURES 58,314.11 3.57%
Coverage: Dwelling @ 100.00% = 58,314.11
LANDSCAPING 72,847.42 4.46%
Coverage: Trees, Plants & Shrubs @ 100.00% = 72,847.42
MASONRY 6,220.29 0.38%
Coverage: Dwelling @ 57.66% = 3,586.34
Coverage: Other Structures @ 42.34% = 2,633.95
MARBLE - CULTURED OR NATURAL 4,379.40 0.27%
Coverage: Dwelling @ 100.00% = 4,379.40
MIRRORS & SHOWER DOORS 2,599.98 0.16%
Coverage: Dwelling @ 100.00% = 2,599.98
ORNAMENTAL IRON 5,602.81 0.34%
Coverage: Dwelling @ 25.56% = 1,432.08
Coverage: Other Structures @ 74.44% = 4,170.73
PLUMBING 16,668.97 1.02%
Coverage: Dwelling @ 72.62% = 12,104.53
Coverage: Other Structures @ 27.38% = 4,564.44
PANELING & WOOD WALL FINISHES 77.88 0.00%
Coverage: Dwelling @ 100.00% = 77.88
PAINTING 179,272.84 10.99%
Coverage: Dwelling @ 97.29% = 174,407.64
Coverage: Other Structures @ 2.71% = 4,865.20
ROOFING 106,566.53 6.53%
Coverage: Dwelling @ 100.00% = 106,566.53
SCAFFOLDING 17,610.00 1.08%
Coverage: Dwelling @ 100.00% = 17,610.00
SOFFIT, FASCIA, & GUTTER 11,191.83 0.69%
Coverage: Dwelling @ 100.00% = 11,191.83
SPECIALTY ITEMS 13,712.62 0.84%
Coverage: Dwelling @ 100.00% = 13,712.62
STUCCO & EXTERIOR PLASTER 173,750.00 10.65%
Coverage: Dwelling @ 88.49% = 153,750.00
Coverage: Other Structures @ 11.51% = 20,000.00
TILE 24,757.63 1.52%
Coverage: Dwelling @ 80.53% = 19,936.80
Coverage: Other Structures @ 19.47% = 4,820.83
KALYVAS_JVB_V6_KALY2 10/2/2025 Page: 91
92
Office of Jared V. Boergadine, Licensed Appraiser & Public Adjuster
Arizona Public Adjuster License #18382965
California Public Adjuster License #2L70602
Colorado Public Adjuster License #608394
Nevada Public Adjuster License # 3443075
Texas Public Adjuster License #2207166
O&P Items Total %
TEMPORARY REPAIRS 3,005.80 0.18%
Coverage: Dwelling @ 62.81% = 1,888.00
Coverage: Other Structures @ 37.19% = 1,117.80
WINDOWS - SLIDING PATIO DOORS 1,673.86 0.10%
Coverage: Dwelling @ 100.00% = 1,673.86
WINDOW REGLAZING & REPAIR 11,561.23 0.71%
Coverage: Dwelling @ 100.00% = 11,561.23
WINDOWS - SKYLIGHTS 1,210.59 0.07%
Coverage: Dwelling @ 100.00% = 1,210.59
WINDOW TREATMENT 47,081.08 2.89%
Coverage: Dwelling @ 69.37% = 32,661.64
Coverage: Other Structures @ 30.63% = 14,419.44
WALLPAPER 45,882.56 2.81%
Coverage: Dwelling @ 100.00% = 45,882.56
O&P Items Subtotal 1,340,522.73 82.16%
Permits and Fees 63.26 0.00%
Coverage: Dwelling @ 98.91% = 62.57
Coverage: Other Structures @ 1.09% = 0.69
Material Sales Tax 19,041.21 1.17%
Coverage: Dwelling @ 79.83% = 15,200.73
Coverage: Other Structures @ 16.06% = 3,058.37
Coverage: Trees, Plants & Shrubs @ 4.11% = 782.11
Overhead 135,963.08 8.33%
Coverage: Dwelling @ 82.99% = 112,833.94
Coverage: Other Structures @ 10.58% = 14,379.17
Coverage: Trees, Plants & Shrubs @ 6.44% = 8,749.97
Profit 135,963.08 8.33%
Coverage: Dwelling @ 82.99% = 112,833.94
Coverage: Other Structures @ 10.58% = 14,379.17
Coverage: Trees, Plants & Shrubs @ 6.44% = 8,749.97
Total 1,631,553.36 100.00%
KALYVAS_JVB_V6_KALY2 10/2/2025 Page: 92
93
Main Structure - First Floor
BB7'
"9"OOffffii 8'cc 3"ee aa 11tt" 'hhrr 5'oo 4"oomm
11'1 6 2' 2 21'
10"
12'
3' 11"
OOffffiiccee FFaammiillyy RRoooomm BBaarr ((11)) "43 "75 "75
"' 11 1" "9
54 '' 73 "" ' " 4"4OO 5"4ff 3 1'ff "9ii "ccee 45 '' 47 CC "" lloossee 5'tt (( 111 0")) 11' 2' 5" "014 "25
' "72 "32
' 6 "'
24' 9" 3 ' 2 2' 2"
WWoooo2dd5' 3 " FFlloooorr AArreeaa ((AA22)) 5' 1" "93 "88 9
104' 3 KK" ii83 tt' yy5 1' 3 rr" //SS6 tt" 6 "7
43' "4' 52" "3' 114 "' 6" 4' 84 2" 4 '3' " cc7" hhee2 nn' 16 0' ' 7" 48' 4 aa" llllwwFF aaaa yymm ttii ooll 18yy 7RR iittoo ccoo hhmm 2 ee' 2 nn" 1 "3 ((' 7 4411 1" 9 ))' 3" 20' 9" FFoo2 ' ee 0 " 1 0 aa" 3'ii rr 3cc 5aa "ssee2'2 98 9' 8' '" "iinn6 ee'7 nn4' " aa4 ss''BB rr2 ttaa7 ' ' tt 4 36hh ((" ' 551 "rr 0 HH" 1oo ))'8 5 'oo 1' 1 12 "mm" ll3' 32 LL3'2 ' '1 6 3 118 8' aa" " 0"4 6 "' 7" "6 '9 5nn' 9 "" dd7' rr3" 25 " "93 "73 "34 "56 "57 "1 6 " 7 1 "31 "86 "86 "011
2'2 ' 2 9 "" 2' 5 7' ' ' " 2 HH' " 1 6 ' 5 " 4' ' KK " 2 ' 2 8" ' ' LL 3 4" 42' 'CC 24 3" "' ll GG11oo "3 ee 9 aa" gg ee' 1 aa llpp ' uu yy7' RR 38 "' 6 3' oo" 7' oo 1 8'0 mm " 5"2' 41' 9" "22 2 "36 "35 "26
' 6 1
2' 6" 5' 1" 14' 3" 12' 6" 3' 6' 2" 7' 9" "66 "18 "72 "015 "13 "01
3' 8" 1" 4' 4' 3" 1" 6' 24' 9" PPaa8 nn' 6 tt" 'yy4' EEnnttrryy ((33)) GGaarraaggee "01 2 "19 "119 "421 "771
5' 4"5' 1" 1" 1' 101 ' 14 1' 3 "" 4' 4" 6rr DDiinniinngg RRoooomm DDeenn "71 "32 "941 71 "1131
"28
9' 5"2' 1" "65 "014 "25
11 ' 46 " 1"2 2' '6 6" 9 1"
5' 105 "' 7" 6 6' 6 9" 5' 8" 5' 11" ' 6 " ' 3"4' 5' 2" 3' 10" 4' " " 4' 13' 4' 5"
' " 6' "4' "
6' "
First Floor
KALYVAS_JVB_V6_KALY2 10/2/2025 Page: 93
94
Main Structure - Exterior
9"
16'
21'
10"
11"
6'
7" "43
11'
7" 5"
5' 12'
"13
4
9"
24'
"751
3"3
4 7"
6"
4' 2"2 '
4"
2" 7'
4' 7' 6"
2' 1' 3" 1"
15'
"67
"93
9"
2'
41' "521
9"
"66
"011
"46
5' 4" 1311" 20' 9"
20' 9"
29'
5" "65 "014 "25
1' 6" 2' 10" 5"
5' 10" 5' 11" 4' 3" 11' 4' 1" 14'
6' 9" " 4'
6' "
Exterior
KALYVAS_JVB_V6_KALY2 10/2/2025 Page: 94
95
Main Structure - Second Floor
6"
5'
"1 1 BB' 33hh17
18 2" BBee 16dd 1133 ee"aa ddtt 7 CC"
23'
4"
'
' ll5 oo'
BB 1 ss"eett ((11))
BBeeddrroooomm 33
2' 6'
4'4 ' 91"
5' 7" 5' 3" 1' " 1 1" 16' 6" 5' 6" 5' 6"
13' 4" tt1 ee1 HH" aaWW1 ll1 ll" "13 "13 "64
MMaass8 7
7" 8' "5 "18
2' rr CCCC ll oo((11ssee))tt ((225' ))1" 11"MM 8"aasstteerr BBaatthh "4' "14
15' 7" 9" 3' 6' 5' 5"4' 6 0" 3" 3' 9" 4' "18 "791
1' "53
aa4' 2 tt1" ee1" 3' 7" rroooo6' ss1'3 ee' 6' "351
34' '2" 3' 21 '0 "4' 5 "7" 4' MM6" 3 ss' eedd7" 4 mm' 1 13 1' " 9 MM 1'aassttee 8rr 2 1CC0' 1 "1 ll" oo2 tt 22' 22 2" ' 1" BBeedd7 22" CC3' ll9 ooBB" ss1 ee0 dd' tt9 22" 5 ' 119" 15' 1 5'1 SS " 11 tt" aaiirrww 4ee "uu16 ll 1' " ll6" "lloossee23 tt' "841 "101 "115 "67 3 "67
rr BB ' 0 ee BB ))aa 1tt 0"hh GG 6'1 1' ee ss 5tt ' 7CC 4 "((11)) "82 "013 "431
(( 2' 17' BBeedd4' 115" CC9'll 8oo"sseett8 ' 7 ((" 11)) 2' 2"2' 6LL "aannddiinngg 7' 8" 7' 5"'' 7' 65 "' 2" 3' 9 6' 9" 6 10" GGuueesstt BBeeddrr1 ooGG5' oo10uu mmeess 1tt 'BBaatthhrr 5' oo 1"oomm "421 "0111 "13 "18 "35 "92 "13 17 "35 4 "115 "12 "12
2' 11" 3' 10'
BBeedd11 BBaatthh BBeeddrroooomm 11 BBeeddrroooomm 22 18' 6"14' 5" 14' " 20 9" "46 2 6 "911 "231 "631 31 "621 "641 "1131
"65
5' 105 "' 7" 5' 8" 11"
5'
Second Floor
KALYVAS_JVB_V6_KALY2 10/2/2025 Page: 95
96
Main Structure - Roof
"
23' 21' 1
' 11 10 RR"' 6" 7 6'
22111 9' 1((022 "88)) 14' 10" 7' 6"7' "11"
3'
648 ' 35 ((" 4RR "22 2" 7299 1" 0(( "11 10))" 11 44 '' '12 1" "' 11 1"' 6 8" 8RR3' 6" RR 9((1' 33 4 5"33 51(( "'33 4433 88))
10" 3 2RR RR133 'RR 00 7 33 "7RRFF7 8 ' ' ((7 '11 133 4 14 "33 111 22 001 " 1 "" " 6688 ))8 (( ))33 7 39 1 155 (( 02 133 6' )) 68 2 44 "7 )) 6 5' "7 6'" 1" "1 5"11 4 RRRR 4422 661 ' 1 1 2 3 44' " 4 1(( 1 44 ' 99" 22 7 ' 8" 199 "" ")) 6 1 " 5 1 "7 33 8122 '22 77 )) RR8 7' "1 "27'1 " 6 RR1"
11' " 12'
1 57' 5" 9' 7" 9' RR9' 7 22" 9' ((334 22' 8" 11 31 "' 33 726 ' "1 '1 " ((33" ((117' 7 116' 7 "1 ))' 16 ""
8' 1 8'0 " 5 8'" 1 8'0 " " ' (( FF 11 1 2 )) 12' 7 1113'88 "" " "1101 "701
"5 "5 004"
55 )) )) 3311 21
1 '
"7 11 112211 4"01 6 6"6 6 6" FF1111"7 44552 (('6 RR2 1 15" 0 4" 71 " ((221 1" 8"6' 9 344 11 '1 69 " ))"RR((33"01 "0111"5 8 5)) 9 ((5 4 1' 5 ' '4 5 7 '' " 4 66" 11" '"" 54' 1 1 "2 "" "7 FFRR "22 '333 "(( "22 400 FF)) 112 4'0 ' 774'7 0'6"2RR " 50 '' 533 "1"11 41 55((" 72 41 6611 44 (()) RR1 "1 114 4' 66' FF((1 52 881 RR '" " "22 "4 9 4' (("1 49 77" 114' ))3" 833 3" 8)) 2"6 0110' 13 0'" 3 1" '"8 71 4'1 12' '8 1 6" 12 '2 445517 2'
7 11"9 4 "9 4" 4 "6 "0 6 RR 61 BB )) ' ' 22 7 "3 4 " "2 11' "1 4 82 " "01 811 "533 8 "6 61 11 222 3 3 ' ' 49 1 1 "9" )) 8' 6" ' 8 6' 10RR "FF"5 11"3 911 00"4 "9 80012' RR9 ' RR9 5" 1 " 11(( 9'88' 221 119 1 7'RR " 44 7 RR" 1'(( 11 )) 6 1((22 " "99 2222 22 9 33 9" 1 41 ')) ' 59 8(( ))(( "2 "41 ' ' 22111 99 7 90 55 "88 )))) 61 1' 1 ' 01 8 " 1122 ' 44 0 09 " "' 0 "6 RR" 71 ' 9 7 1 1' 17" 7 0 " 813 ' " 4 7' 1" 1 '0 " "7 (( RR 5 11 "4' ' 0 1119' " 4 RR" '1 0 "0 21 " 3 ))3" "0 044" ' 8'2 '2774 " 11 4 1111 '5 )) 1 1 ' 887 7 7 "0 0 122 0' ' ' ' "8 ((5)) 7 1 " " 11 " " "9 6'12' 8 1" 2RR OOOO 2FF 4' 111 0 ' 6 " "0 9' 'RR RRRR144 55 ' 66 1 8 1 ' " 2 ( ( (( 44 ((422 '1 881 1 ))0' )) 2 1RR R RR R6 ))1 8' '" 2' 5 8 64'44 4 44 4 "" "9' 443 8 1 21 2 3 " 1 2(( ' ( (( ( 3 833 16 56 5' " 2 RR RR'1 )) ) )) ) 3 1'" 34 34 FF2 44" 90 908 00' 39 '"' 3 8'(( ((" 1 1 397 97 2 1 "' ' )) )) 1 4 86' " " 6 6'" 8 6' "39 "' 3" "571 " 2 21 " 2 " 1
3 " 1
9
' 8 '
Roof
KALYVAS_JVB_V6_KALY2 10/2/2025 Page: 96
97
Other Structures - Hardscapes and walkways
11" 9' 11"
12' 5'
9"
13'
3" 12'
2"
1"
2
13'
1"
3'
22'
2" 3"
49'
4" PPaattiioo26'
49' RReeaarr 5(( "AA22))
16' '
10'
2" 9"
5'
' 4"3 "431
10" 1"4' 7" 7" 10' 2"
41'
4'
8" 37'
8' 6"
44'
10"
4'
2"
"411
'
uu" 6"" '
PP8' 5 ((7 17' 7" "0141
PPooooll mmpp AA rreeaa AA33))
15' 7" 16' 4" 12' 6" 25' 8" "014
11" 41
5'
FFrroonntt 8'WWaallkkwwaayy (( AA11"11))
6'
9
"82
4' 10" 5' 1"
"931
"441
Hardscapes and walkways
KALYVAS_JVB_V6_KALY2 10/2/2025 Page: 97
