1
CHEN, KENNETH 75-79J8-65X
State Farm
P.O. Box 106169
Atlanta, GA 30348-6169
Fax: 1-844-236-3646
statefarmfireclaims@statefarm.com
Structural Damage Claim Policy
This estimate is priced based on estimated market pricing for the cost of materials, labor, and other factors at the time
of the loss.
Adjustments in market pricing and timing of the repairs may impact the final cost of covered repairs. Should you or
the contractor you select have questions concerning our estimate, please contact us. If your contractor's estimate is
higher than ours, you should contact us prior to beginning repairs. State Farm will work with you and your contractor
to determine the actual and necessary cost of covered repairs at the time repairs will be completed, subject to policy
terms, conditions and limits.
• We want you to receive quality repair work to restore the damages to your property.
• We will provide you with a detailed estimate of the scope of the damage and costs of repairs. Should the
contractor you select have questions concerning our estimate, they should contact your claim representative
directly.
• Depending upon the complexity of your repair, our estimate may or may not include an allowance for general
contractor's overhead and profit. If you have questions regarding general contractor's overhead and profit and
whether general contractor services are appropriate for your loss, please contact your claim representative
before proceeding with repairs.
• There may be building codes, ordinances, laws, or regulations that affect the repairs of your property. These
items may or may not be covered by your policy. Please contact your claim representative if you have any
questions regarding coverage which may be available under your policy.
• State Farm® cannot authorize any contractor to proceed with work on your property. Repairs should proceed
only with your authorization.
• State Farm does not guarantee the quality of the workmanship of any contractor or guarantee that the work will
be accomplished within any specific time frame.
• It is understood that the contractor is hired by you, our insured, and that they work for you - not State Farm.
If you have any questions or need additional information regarding your claim, please contact your claim
representative immediately.
Date: 4/15/2025 7:27 AM 132214.1 06-18-2009 Page: 1
2
75-79J8-65X
Building Estimate Summary Guide
This summary guide is based on a sample estimate and is provided for reference only.
Please refer to the estimate for specifics of your claim.
State Farm Insurance 1. Line Item Total – Total value of all line
items in the estimate plus possible
adjustments for labor minimums. Labor
Insured: Smith, Joe & Jane Estimate: 00-0000-000
Minimum is to cover a certain minimum
Property: 1 Main Street Claim number: 00-0000-000 number of hours for drive-time, set up
time and applicable administrative
Anywhere, IL 00000-0000 Policy Number: 00-00-0000-0
costs and repairs.
Type of Loss: Other Price List: ILBL8F_MAR 13
Deductible: $1,000.00 Restoration/Service/ 2. General Contractor’s Overhead and
Remodel Profit – General contractor’s charge for
F = Factored In, coordinating your repairs.
D = Do Not Apply
3. Replacement Cost Value (RCV) –
Summary for Dwelling Estimated cost to repair or replace
damaged property.
Line Item Total 1 5,953.10
4. Depreciation – The decrease in the
Material Sales Tax @ 10.000% x 1,520.00
value of property over a period of time
Subtotal 6,105.10 due to wear, tear, condition, and
obsolescence. A portion or all of this
General Contractor Overhead 2 @ 10.0% x 6,105.10 610.51
amount may be eligible for replacement
General Contractor Profit @ 10.0% x 6,105.10 cost benefits.
Replacement Cost Value (Including General Contractor Overhead and Profit 3 7,326.12
5. Deductible – The insurer will pay for
Less Depreciation (Including Taxes) 4 (832.50) losses, up to the policy limits, in excess
of your applicable deductible.
Less General Contractor Overhead & Profit on Recoverable &
Non - recoverable Depreciation (166.50) 6. Net Actual Cash Value Payment
(ACV) – The repair or replacement cost
Less Deductible 5
of the damaged part of the property
Net Actual Cash Value Payment 6 less depreciation and deductible.
Maximum Additional Amounts Available If Incurred: 7. Non Recoverable Depreciation –
Depreciation applied to items that are
not eligible for replacement cost
Total Line Item Depreciation (Including Taxes) 4 832.50 benefits.
Less Non - recoverable Depreciation (Including Taxes) 7
8. Total Maximum Additional Amount if
Subtotal 312.50 Incurred – Total amount of
General Contractor O&P on Depreciation 166.50 recoverable depreciation after actual
repair or replacement of the property.
Less General Contractor O&P on Non - recoverable Depreciation
Subtotal 9. Total Amount of Claim if Incurred –
Total amount of the claim, including net
Total Maximum Additional Amounts Available If Incurred 8 actual cash value payment and total
Total Amount of Claim If Incurred 9 maximum additional amount available if
incurred.
Claim Representative
ALL AMOUNTS PAYABLE ARE SUBJECT TO THE TERMS, CONDITIONS AND LIMITS OF
YOUR POLICY.
1002989 139928.1 01-23-2013
Date: 4/15/2025 7:27 AM Page: 2
3
State Farm
CHEN, KENNETH 75-79J8-65X
Insured: CHEN, KENNETH Estimate: 75-79J8-65X
Property: 1115 LACHMAN LN Claim Number: 7579J865X
PACIFIC PLSDS, CA 90272-2227 Policy Number: 75C9A1815
Home: 310-717-7288 Price List: CALA28_JAN25
Cellular: 310-717-7288 Restoration/Service/Remodel
Type of Loss: Smoke
Deductible: $0.00
Date of Loss: 1/8/2025
Date Inspected: 2/18/2025
Summary for Coverage A - Dwelling - 39 Smoke
Line Item Total 69,914.45
Material Sales Tax 674.52
Replacement Cost Value 70,588.97
Less Deductible (0.00)
Net Payment $70,588.97
Longmeyer,Bill
866-787-8676 x 12160
ALL AMOUNTS PAYABLE ARE SUBJECT TO THE TERMS, CONDITIONS AND
LIMITS OF YOUR POLICY.
Any person who knowingly presents false or fraudulent information to obtain or amend insurance coverage or to make a claim for the
payment of a loss is guilty of a crime and may be subject to fines and confinement in state prison.
Date: 4/15/2025 7:27 AM Page: 3
4
State Farm
CHEN, KENNETH 75-79J8-65X
Insured: CHEN, KENNETH Estimate: 75-79J8-65X
Property: 1115 LACHMAN LN Claim Number: 7579J865X
PACIFIC PLSDS, CA 90272-2227 Policy Number: 75C9A1815
Home: 310-717-7288 Price List: CALA28_JAN25
Cellular: 310-717-7288 Restoration/Service/Remodel
Type of Loss: Smoke
Deductible: $0.00
Date of Loss: 1/8/2025
Date Inspected: 2/18/2025
Summary for Coverage A - Dwelling - 39 Smoke - Trees, Shrubs, and
Landscaping
Line Item Total 3,572.27
Material Sales Tax 160.81
Replacement Cost Value 3,733.08
Less Deductible (0.00)
Net Payment $3,733.08
Longmeyer,Bill
866-787-8676 x 12160
ALL AMOUNTS PAYABLE ARE SUBJECT TO THE TERMS, CONDITIONS AND
LIMITS OF YOUR POLICY.
Any person who knowingly presents false or fraudulent information to obtain or amend insurance coverage or to make a claim for the
payment of a loss is guilty of a crime and may be subject to fines and confinement in state prison.
Date: 4/15/2025 7:27 AM Page: 4
5
State Farm
CHEN, KENNETH 75-79J8-65X
Insured: CHEN, KENNETH Estimate: 75-79J8-65X
Property: 1115 LACHMAN LN Claim Number: 7579J865X
PACIFIC PLSDS, CA 90272-2227 Policy Number: 75C9A1815
Home: 310-717-7288 Price List: CALA28_JAN25
Cellular: 310-717-7288 Restoration/Service/Remodel
Type of Loss: Smoke
Deductible: $1,395.58
Date of Loss: 1/8/2025
Date Inspected: 2/18/2025
Summary for Coverage A - Dwelling Extension - 39 Smoke
Line Item Total 1,262.69
Material Sales Tax 1.43
Replacement Cost Value 1,264.12
Less Deductible (1,395.58)
Replacement Cost Value Total (131.46)
Net Payment $0.00
Longmeyer,Bill
866-787-8676 x 12160
ALL AMOUNTS PAYABLE ARE SUBJECT TO THE TERMS, CONDITIONS AND
LIMITS OF YOUR POLICY.
Any person who knowingly presents false or fraudulent information to obtain or amend insurance coverage or to make a claim for the
payment of a loss is guilty of a crime and may be subject to fines and confinement in state prison.
Date: 4/15/2025 7:27 AM Page: 5
6
State Farm
CHEN, KENNETH 75-79J8-65X
Insured: CHEN, KENNETH Estimate: 75-79J8-65X
Property: 1115 LACHMAN LN Claim Number: 7579J865X
PACIFIC PLSDS, CA 90272-2227 Policy Number: 75C9A1815
Home: 310-717-7288 Price List: CALA28_JAN25
Cellular: 310-717-7288 Restoration/Service/Remodel
Type of Loss: Smoke
Deductible: $0.00
Date of Loss: 1/8/2025
Date Inspected: 2/18/2025
Summary for Coverage A - Dwelling - 35 Windstorm and Hail
Line Item Total 827.11
Material Sales Tax 30.41
Replacement Cost Value 857.52
Less Deductible (0.00)
Net Payment $857.52
Longmeyer,Bill
866-787-8676 x 12160
ALL AMOUNTS PAYABLE ARE SUBJECT TO THE TERMS, CONDITIONS AND
LIMITS OF YOUR POLICY.
Any person who knowingly presents false or fraudulent information to obtain or amend insurance coverage or to make a claim for the
payment of a loss is guilty of a crime and may be subject to fines and confinement in state prison.
Date: 4/15/2025 7:27 AM Page: 6
7
State Farm
CHEN, KENNETH 75-79J8-65X
Insured: CHEN, KENNETH Estimate: 75-79J8-65X
Property: 1115 LACHMAN LN Claim Number: 7579J865X
PACIFIC PLSDS, CA 90272-2227 Policy Number: 75C9A1815
Home: 310-717-7288 Price List: CALA28_JAN25
Cellular: 310-717-7288 Restoration/Service/Remodel
Type of Loss: Smoke
Deductible: $0.00
Date of Loss: 1/8/2025
Date Inspected: 2/18/2025
Summary for Coverage A - Dwelling - 33 Fire, Lightning, &
Removal
Line Item Total 10,836.87
California Lumber Assessment Fee 11.59
Material Sales Tax 441.08
Replacement Cost Value 11,289.54
Less Deductible (0.00)
Net Payment $11,289.54
Longmeyer,Bill
866-787-8676 x 12160
ALL AMOUNTS PAYABLE ARE SUBJECT TO THE TERMS, CONDITIONS AND
LIMITS OF YOUR POLICY.
Any person who knowingly presents false or fraudulent information to obtain or amend insurance coverage or to make a claim for the
payment of a loss is guilty of a crime and may be subject to fines and confinement in state prison.
Date: 4/15/2025 7:27 AM Page: 7
8
State Farm
CHEN, KENNETH 75-79J8-65X
Source - EagleView Roof & Walls
Exterior
FF1144
FF1155
FF1166 FF1133 FF1177 F F F F 2 6 2 6 FF1188 FF88
FF1199 DDwweelllliinngg RRooooffFF99
F F F F F F 2 2 2 2 2 2 0 4 5 0 4 5 F F F F F F F F F F 1 1 1 1 1 1 5 7 5 7 0 1 2 0 1 2 FF22 F F F F 11 2 2 2 2 2 3 2 3 F F F F F F 1 3 4 1 3 4 GGaarrFFaa22gg66ee RRooooff
Date: 4/15/2025 7:27 AM Page: 8
"8
'7 49' 3" "11
'4 "6 '4 "2 '3
36' 4"
34' 6"
14' 9"
"01
'4
"9 '6
"01
'4 28' 7" "01 '4 7' 9" "7 '6 '5 '5
Dwelling Roof
4,558.71 Surface Area 45.59 Number of Squares 428.35 Total Perimeter Length
DESCRIPTION QUANTITY UNIT PRICE TAX RCV
1. Clean the surface area 4,558.71SF 0.55 4.33 2,511.62
2. R&R Solar electric panel - up to 200 watt 1.00EA 827.11 30.41 857.52
Far back solar panel is shattered
Totals: Dwelling Roof 34.74 3,369.14
9
State Farm
CHEN, KENNETH 75-79J8-65X
Ext_Surfaces
3,581.77 SF Walls 486.22 LF Floor Perimeter
3,581.77 SF Walls & Ceiling
Window 8' X 5' 6" Opens into Exterior
Window 5' X 5' 6" Opens into Exterior
Door 3' X 7' Opens into Exterior
Window 1' X 7' Opens into Exterior
Window 5' X 2' Opens into Exterior
Window 4' 6" X 3' Opens into Exterior
Window 5' X 10' 6" Opens into Exterior
Window 5' X 10' 6" Opens into Exterior
Window 4' 6" X 4' 6" Opens into Exterior
Door 3' X 9' Opens into Exterior
Door 3' X 9' Opens into Exterior
Door 3' X 9' Opens into Exterior
Door 3' X 9' Opens into Exterior
Window 3' 6" X 9' Opens into Exterior
Window 3' X 9' Opens into Exterior
Window 4' 6" X 9' Opens into Exterior
Window 2' 6" X 9' Opens into Exterior
Window 3' 6" X 9' Opens into Exterior
Window 2' X 9' Opens into Exterior
Door 3' X 7' 6" Opens into Exterior
Window 5' X 7' 6" Opens into Exterior
Window 2' X 7' 6" Opens into Exterior
Door 3' X 7' Opens into Exterior
Window 5' X 3' 6" Opens into Exterior
Window 2' X 4' Opens into Exterior
Window 2' X 4' Opens into Exterior
Window 2' 6" X 4' 6" Opens into Exterior
Door 3' X 7' Opens into Exterior
Door 3' X 7' Opens into Exterior
Window 2' X 7' Opens into Exterior
Door 3' X 6' 11 5/8" Opens into Exterior
Door 17' 6" X 8' 6 1/8" Opens into Exterior
DESCRIPTION QUANTITY UNIT PRICE TAX RCV
3. Clean the surface area 4,354.00SF 0.55 4.14 2,398.84
Date: 4/15/2025 7:27 AM Page: 9
10
State Farm
CHEN, KENNETH 75-79J8-65X
CONTINUED - Ext_Surfaces
DESCRIPTION QUANTITY UNIT PRICE TAX RCV
Includes cleaning for home and garage
Totals: Ext_Surfaces 4.14 2,398.84
Front Elevation
0.00 SF Walls 0.00 SF Ceiling 0.00 SF Walls & Ceiling
0.00 SF Floor 0.00 SF Short Wall 0.00 LF Floor Perimeter
0.00 SF Long Wall 0.00 LF Ceil. Perimeter
DESCRIPTION QUANTITY UNIT PRICE TAX RCV
4. Clean with pressure/chemical spray 411.15SF 0.51 0.39 210.08
includes stairs, landings and patio
Totals: Front Elevation 0.39 210.08
Right Elevation
0.00 SF Walls 0.00 SF Ceiling 0.00 SF Walls & Ceiling
0.00 SF Floor 0.00 SF Short Wall 0.00 LF Floor Perimeter
0.00 SF Long Wall 0.00 LF Ceil. Perimeter
DESCRIPTION QUANTITY UNIT PRICE TAX RCV
5. Clean soffit - wood 48.00SF 0.60 0.05 28.85
entry soffit
* 6. Clean with pressure/chemical spray - 405.24SF 0.51 0.38 207.05
Concrete wall
Both sides
* 7. Clean with pressure/chemical spray- 1,144.00SF 0.51 1.09 584.53
Driveway
Totals: Right Elevation 1.52 820.43
Date: 4/15/2025 7:27 AM Page: 10
11
State Farm
CHEN, KENNETH 75-79J8-65X
Rear Elevation
0.00 SF Walls 0.00 SF Ceiling 0.00 SF Walls & Ceiling
0.00 SF Floor 0.00 SF Short Wall 0.00 LF Floor Perimeter
0.00 SF Long Wall 0.00 LF Ceil. Perimeter
DESCRIPTION QUANTITY UNIT PRICE TAX RCV
8. Clean with pressure/chemical spray 670.56SF 0.51 0.64 342.63
Both sides
9. Wood fence 5'- 6' high - cedar or equal 70.00LF 63.16 179.55 4,600.75
10. R&R Tile floor covering - High grade 100.00SF 23.50 75.34 2,425.34
Replace the tile burned on the back patio
Totals: Rear Elevation 255.53 7,368.72
Left Elevation
0.00 SF Walls 0.00 SF Ceiling 0.00 SF Walls & Ceiling
0.00 SF Floor 0.00 SF Short Wall 0.00 LF Floor Perimeter
0.00 SF Long Wall 0.00 LF Ceil. Perimeter
DESCRIPTION QUANTITY UNIT PRICE TAX RCV
11. Clean soffit - wood 97.17SF 0.60 0.09 58.39
* 12. Clean with pressure/chemical spray- Patio 733.96SF 0.51 0.70 375.02
Tile patio
13. Tile / Cultured Marble - General Laborer - 3.00HR 61.77 0.00 185.31
per hour
Labor to fix the tile on the outdoor fireplace
14. Clean with pressure/chemical spray 431.12SF 0.51 0.41 220.28
Clean backside of concrete wall at pool
Totals: Left Elevation 1.20 839.00
Area Totals: Exterior
3,581.77 SF Walls 486.22 Exterior Perimeter 3,581.77SF Walls and Ceiling
3,581.77 Exterior Wall Area of Walls 486.22LF Floor Perimeter
4,558.71 Surface Area 45.59 Number of Squares 428.35Total Perimeter Length
Total: Exterior 297.52 15,006.21
Date: 4/15/2025 7:27 AM Page: 11
12
BBaatthhttuubb11 ((BB22))
SShhoowweerr22 ((BB33)) State Farm
GGaarraaggee iinntteerriioorr
CHEN, KENNETH 75-79J8-65X
VVaanniittyy44 ((BB11)) Main Level
MMaasstteerr BBaatthhrroooomm BBeeddrroooomm
SSttppaaUUiirrss ((11))
FFiirreeFFppiirrllaaeeccppeellaa22cc ((eeBB11))
GGrreeaatt RRoooomm 22 LLiinneenn CClloosseett
UU UU LLpp pp oopp pp wwee ee rr rr ee CC CC rr aa aa CCbb bb aaii ii bbnn nn ii99 88 11 33(( (( BB BB II((ss11 11 BBll22 11 aa88nn)) )) ))dd33 ((BBLLUU33oopp33wwpp))eeeerrrr CCCCaaaabbbbiiii111155 (( BB((BB22224466)))) S S S S h h h h o o o o w w w w SSe e e e hhr r r r oo3 6 3 6 ww ( ( ( ( eeB B B B rrVV4 5 4 5 44) ) ) )aa ((nnBBiitt33yy))88 ((BB11)) GGuueesstt RRoooomm CClloosseett ((22)) MMaasstteerr CClloosseeMMttaasstteerr CClloosseett HHeerrss
LLoowweerr CCaabbii1122 II((ssBBllaa77nn))dd22 (( LL BB UUoo 33 ppww 22 pp )) eeeerrrr CCCCaaaabbbbiiii11OO119944ff ff ((((iiBBccBBee2222 33CC55))))llooSSsshheeoottwweerr77 ((BB66 OO )) ffffiiccee BBaatthh HHaallllwwaayy
UUppppeerr CCaabbiinn66 ((BB99)) FFuullll HHeeiigghhtt33 ((BB2211)) FFooyyeerr GGuueesstt RRoooomm UUttiilliittyy RRoooomm UULLppooppwweerree CCrr aaCCbbaaiibbnnii77nn 99((BB ((11BB0055KK))))iittcchheeFFnnuullll HHeeiigghhtt44 ((BB2222)) FFuullll HHeeiigghhLLttoo22ww ((BBeeUUrr66 ppCC))ppaaeebbrrii CCnn22aa bb((BBiinn2222)) ((BB11))
OOvveerr FFrriiddggee11 ((BB2277)) 16' 9"
UULLppooppwweeeerr rrCC CCaaaabbbbii44iinn ((55BB ((33BB1133)))) LLUUoowwppppeerree rrCC CCaabbaabbii11ii3388 ((((BBBB22229900)))) GGuueesstt BBeeddrroooomm CClloosseett GGuueesstt BBeeddrroooomm LLUUooppwwLL LLppeeoo ooeerrrr ww ww CCCC ee eeaarr rraa bbbb CC CCiiiinnaa aa11 bb bb4411 LLii ii ((11 11(( ooBBBB 77 66 W W W WLL wwD D D D44 33oo (( (( ee))00 BB BBww rr )) 11 11ee CC UU 88 77rr aa)) ))ppCC bb ppaa ii ee 11 bbrr 55 ii 11CC (( 44 BB aa bb(( 11 BBii 55 2211 )) ((44BB))2288)) OOffffiiccee
VVaanniittyy11 ((BB11))
VVaanniittyy33 ((BB22))
GGuueesstt BBaatthhrroooomm
SShhoowweerr11 ((BB44))
Date: 4/15/2025 7:27 AM Page: 12
"6 '7 "4 '7
2' 10" 12' 9" 1' 2" "3
'4
"5 '3
"01 '3
Guest Room Height: Sloped
213.60 SF Walls 122.69 SF Ceiling 336.29 SF Walls & Ceiling 122.28 SF Floor
31.40 LF Ceil. Perimeter 15.58 LF Floor Perimeter
BBaatthhttuubb11 ((BB22)) SShhoowweerr22 ((BB33)) GGaarraaggee iinntteerriioorr
Door 3' 1/8" X 7' 5/8" Opens into HALLWAY_2
VVaanniittyy44 ((BB11))
MMaasstteerr BBaatthhrroooomm BBeeddrroooomm
SSttppaaUUiirrss ((11))
FFiirreeFFppiirrllaaeeccppeellaa22cc ((eeBB11))
GGrreeaatt RRoooomm 22 LLiinneenn CClloosseett
UU UU LLpp pp oopp pp wwee ee rr rr ee CC CC rr aa aa CCbb bb aaii ii bbnn nn ii99 88 11 33(( (( BB BB II((ss11 11 BBllaa22 11 88nn)) )) ))dd33 ((BBLLUUoo33ppww33pp))eeeerrrr CCCCaaaabbbbiiii111155 (( BB((BB22224466)))) S S S S h h h h o o o o w w w w SSe e e e hhr r r r oo3 6 3 6 ww ( ( ( ( eeB B B B rrVV4 5 4 5 44aa) ) ) ) ((nnBBiitt33yy))88 ((BB11)) GGuueesstt RRoooomm CClloosseett ((22)) MMaasstteerr CClloosseeMMttaasstteerr CClloosseett HHeerrss LLoowweerr CCaabbii1122 II((ssBBllaa77nn))dd22 (( LL BB UUoo 33 ppww 22 ppee )) eerrrr CCCCaaaabbbbiiii11OO119944ff ff ((ii((BBccBBee2222 33CC55))))llooSSsshheeoottwweerr77 ((BB OO 66)) ffffiiccee BBaatthh HHaallllwwaayy
UUppppeerr CCaabbiinn66 ((BB99)) FFuullll HHeeiigghhtt33 ((BB2211)) FFooyyeerr GGuueesstt RRoooomm UUttiilliittyy RRoooomm UULLppooppwweerree CCrr aaCCbbaaiibbnnii77nn 99((BB ((11BB00KK55))))iittcchheeFFnnuullll HHeeiigghhtt44 ((BB2222)) FFuullll HHeeiiggLLhhttoo22ww ((eeBBUUrr66 ppCC))ppaaeebbrr iiCCnn22aa bb((iiBBnn2222)) ((BB11))
OOvveerr FFrriiddggee11 ((BB2277))
UULL LLUU ppoo oo pp pp ww ww eeLL LLpp eerrooeeooee rrCC rrww wrwr CC CC aa CC ee ee aabbrr rraaaa bb ii bbbb CC CC 44ii iiii nn aannaa11 ((55 bb bb BB 4411 LL ii ii ((3311 11(((( oo BB BB 11 BBLL W W W W 77 66 wwD D D D 33)) 44oo33 (( (( )) ee))ww BB BB00 rr )) 11 11ee CC UUrr 88 77 LL aa pp )) ))CC UU bb oo ppaa ii ww ee pp 11 bbrr ppee 55 ii CC11 rree (( rr 44 CC aa BB CC bb(( aa 11 BBii bbaa 55 22 bbii 11 )) 11 (( ii 44BB 3388 )) 22 ((((BBBB 88)) 22229900)))) OOffffiiccee GGuueesstt BBeeddrroooomm CClloosseett GGuueesstt BBeeddrroooomm
VVaanniittyy11 ((BB11))
VVaanniittyy33 ((BB22))
GGuueesstt BBaatthhrroooomm
SShhoowweerr11 ((BB44))
"11 '2 "5 '3 2' 10" 12' 9" "1 '3
BBaatthhttuubb11 ((BB22 SS )) hhoowweerr22 ((BB33)) Subroom: Guest Room Closet (2) Height: 10'
GGaarraaggee iinntteerriioorr
295.41 SF Walls 48.68 SF Ceiling
7' 8" 9' 3"
VVaanniittyy44 ((BB11)) 344.08 SF Walls & Ceiling 48.68 SF Floor 16' 9" MMaasstteerr BBaatthhrroooomm BBeeddrroooomm 39.32 LF Ceil. Perimeter 26.56 LF Floor Perimeter
SSttppaaUUiirrss ((11))
FFiirreeFFppiirrllaaeeccppeellaa22cc ((eeBB11))
GGrreeaatt RRoooomm 22 LLiinneenn CClloosseett
UU UU LLpp pp oopp pp wwee ee rr rr ee CC CC rr aa aa CCbb bb aaii ii bbnn nn ii99 88 11 33(( (( BB BB ((II11 11 BBss22 11 ll88aa)) )) ))nndd33 ((BBLLUU33oo33ppww))ppeeeerrrr CCCCaaaabbbbiiii111155 (( BB((BB22224466)))) S S S S h h h h o o o o w w w w SSe e e e hhr r r r oo3 6 3 6 ww ( ( ( ( B B B B eerr4 5 4 5 VV44) ) ) ) aa((BBnnii33ttyy))88 ((BB11)) Door GGuueesstt RRoooomm CClloosseett ((22)) MMaasstteerr CClloosseettMMaasstteerr CC 1 lloo 2 ssee ' tt 9 HHee rr 1 ss /8" X 7' 8" Opens into GUEST_ROOM1 LLoowweerr CCaabbii1122 ((IIBBssll77aa))nndd22 ((BB LLUU 33 oo 22 ppww )) ppeeeerrrr CCCCaaaabbbbiiii1111OO9944 ff ((ff((BBiiBBcc2222ee33 55CC))))lloossSSeehhttoowweerr77 ((BB66 OO )) ffffiiccee BBaatthh HHaallllwwaayy
UUppppeerr CCaabbiinn66 ((BB99)) FFuullll HHeeiigghhtt33 ((BB2211)) FFooyyeerr GGuueesstt RRoooomm UUttiilliittyy RRoooomm
UULLppooppwweerree CCrr aaCCbbaaiibbnnii77nn 99((BB ((11BB0055))))KKiittcchheennFFuullll HHeeiigghhtt44 ((BB2222)) FFuullll HHeeiigghhLLtt22oo ww((BBee66UUrr ))CCppppaaeebbrrii nnCC22aa ((bbBBiinn2222)) ((BB11))
OOvveerr FFrriiddggee11 ((BB2277))
UULLppooppwweerree rrCC CCaabbaabbii44iinn ((55BB ((33BB1133)))) LLUUoowwppppeerree rrCC CCaabbaabbii11ii3388 ((((BBBB22229900)))) GGuueesstt BBeeddrroooomm CClloosseett GGuueesstt BBeeddrroooomm
LLUUooppwwLL LLppeeee oo oorrrr ww ww CCCC ee eeaaaa rr rrbb bb CC CCiiiinn11 aa aa4411 bb bb ii ii(((( LL11 11BBBB 77 66 ooW W W W44D D D D33LL ww(( (())00 BB BBoo ee ))ww 11 11 rr 88 77ee CC UU )) ))rr aa CCpp bb pp ii aa 11 eebb 55 rrii 11 CC (( 44 BB aa (( 11 bbBB 55 ii2211 )) 44((BB))2288)) OOffffiiccee
VVaanniittyy11 ((BB11))
VVaanniittyy33 ((BB22))
GGuueesstt BBaatthhrroooomm
SShhoowweerr11 ((BB44))
"7 '4
16' 9"
"9 '6 "7 '6
3' 3" 3' 5" 4' 3" 2' 4"3' 1"
3' 7" 4' 1" 2' 2" 7"
"2 '2
Subroom: Guest Room (1) Height: Sloped
276.06 SF Walls 113.98 SF Ceiling
390.04 SF Walls & Ceiling 113.76 SF Floor
47.12 LF Ceil. Perimeter 27.24 LF Floor Perimeter
Missing Wall 16' 9 1/16" X 10' 2" Opens into GUEST_ROOM1
Door 3' 1 1/16" X 8' 2 1/16" Opens into GUEST_BATHRO
Window 3' 4 1/2" X 5' Opens into Exterior
DESCRIPTION QUANTITY UNIT PRICE TAX RCV
** FLOORING **
15. HEPA Vacuuming - Detailed - (PER SF) 284.71SF 0.81 0.00 230.62
16. Clean floor 284.71SF 0.69 0.27 196.72
** WALLS **
17. HEPA Vacuuming - Detailed - (PER SF) 785.07SF 0.81 0.00 635.91
18. Clean the walls 785.07SF 0.57 0.75 448.24
19. Clean door / window opening (per side) 4.00EA 21.03 0.02 84.14
20. Clean door - French (per side) 1.00EA 36.03 0.01 36.04
13
State Farm
CHEN, KENNETH 75-79J8-65X
CONTINUED - Guest Room
DESCRIPTION QUANTITY UNIT PRICE TAX RCV
21. Clean door - bypass set (per side) 2.00EA 23.29 0.10 46.68
22. Clean door hardware 5.00EA 10.72 0.10 53.70
23. Clean window unit (per side) 10 - 20 SF 1.00EA 24.40 0.00 24.40
24. Clean register - heat / AC 2.00EA 9.13 0.00 18.26
** CEILING **
25. HEPA Vacuuming - Detailed - (PER SF) 285.34SF 0.81 0.00 231.13
26. Clean the ceiling 285.34SF 0.57 0.27 162.91
BBaatthhttuubb11 ((BB22))
27. Clean SSrhheoocwweeerrs22s ((BBe33d)) light fixture 7.00EA 17.15 0.06 120.11
GGaarraaggee iinntteerriioorr
28. Clean smoke/carbon monoxide detector 1.00EA 10.12 0.00 10.12
VVaanniittyy44 ((BB11))
CONMMTaassttEeerr BBNaattThhrroo ooMmmANIPULATIONBBeeddrroooomm
SSttppaaUUiirrss ((11))
FFiirreeFFppiirrllaaeeccppeellaa22cc ((eeBB11))
29. Content Manipulation charge - per hour 1.00HR 61.77 0.00 61.77
GGrreeaatt RRoooomm 22 LLiinneenn CClloosseett
to facilitate cleaning of the room by moving things in place
UULLppppooeewwrr eeCCrr aaCCbbaaiinnbb99ii11 ((33BB ((11BB2288II))))ssllaanndd33 ((BB3333LL))UUooppwwppeeeerrrr CCCCaaaabbbbiiii1111 55(( BB((BB224422))66)) SShhoowweerr66 ((BB55)) VVaanniittyy88 ((BB11)) MMaasstteerr CClloosseett MMaasstteerr CClloosseett HHeerrss
UUppppeerr CCaabbiinn88 ((BB1111)) SShhoowweeSSrrhh33oo ((wwBBee44rr))44 ((BB33)) GGuueesstt RRoooomm CClloosseett ((22))
LLoowweerr CCaabbii1122 ((BB77)) LLUUoowwppppeeeerrrr CC CCaaaabbbbii11ii119944 OO(( ((BBffBBff22ii2233cc55ee)))) CClloosseettSShhoowweerr77 ((BB66)) OOffffiiccee BBaatthh Totals: Guest Ro HHaa o llll m wwaayy 1.58 2,360.75
IIssllaanndd22 ((BB3322))
FFooyyeerr GGuueesstt RRoooomm
UUppppeerr CCaabbiinn66 ((BB99)) FFuullll HHeeiigghhtt33 ((BB2211)) UUttiilliittyy RRoooomm
UULLppppooeewwrr eeCCrr aaCCbbaaiinnbb77iinn ((99BB ((11BB0055)))) KKiittcchheenn FFuullll HHeeiigghhtt44 ((BB2222)) FFuullll HHeeiigghhtt22LL ((ooBBww66))eerr CCaabbiinn22 ((BB22))
UUppppeerr CCaabbiinn22 ((BB11))
OOvveerr FFrriiddggee11 ((BB2277))
UULLppooppwweerree rrCC CCaabbaaiibb44ii nn((55BB 33((BB11))33)) LLoo UU ww pp ee pp rr ee rr CC CC aabb aa ii bb 11 ii 88 33 (( (( BB BB 22 22 00 99 )) )) GGuueesstt BBeeddrroooomm CClloosseett GGuueesstt BBeeddrroooomm
LLUUooppwwpp LL LLeeeerroo oorr ww ww CCCC ee eeaaaa rr rrbbbb iiCC CCiinn11 aa aa4411 bb bb ((ii ii((BB11 11BB 77 6644W W W W33 LL ))D D D D (( ((00 ooBB BB)) ww LL 11 11oo ee88 77 rr ww )) )) CC eerr aa UU bb CCpp ii aa 11 ppbb 55 eeii rr11 (( BB 44CC 11 aa(( 55 BBbb )) ii112244 (())BB2288)) OOffffiiccee
VVaanniittyy11 ((BB11))
VVaanniittyy33 ((BB22))
GGuueesstt BBaatthhrroooomm
SShhoowweerr11 ((BB44))
Date: 4/15/2025 7:27 AM Page: 13
"3
'3
"11
'2 2' 4'
2' 4" 4"
"9
'01
"5
'01
2' 4" 3' 1"5" 5' 1"
2' 2" 7" 5' 3" "7
'4
"2
"9
'4
"2
'2
Guest Bathroom Height: 8'
177.90 SF Walls 98.98 SF Ceiling
276.88 SF Walls & Ceiling 76.20 SF Floor
34.75 LF Ceil. Perimeter 21.56 LF Floor Perimeter
4' 11"
4' 7"
Window 4' X 3' Opens into Exterior
Door 3' 1 1/16" X 8' 2 1/16" Opens into GUEST_ROOM
Door 2' 2" X 7' 11" Opens into GUEST_BEDRO4
BBaatthhttuubb11 ((BB22))
SShhoowweerr22 ((BB33))
GGaarraaggee iinntteerriioorr
VVaanniittyy44 ((BB11))
MMaasstteerr BBaatthhrroooomm
BBeeddrroooomm
FFiirreeppllaaccee22 ((BB11))
FFiirreeppllaaccee
SSttaaiirrss ((11))
ppUU
GGrreeaatt RRoooomm 22
LLiinneenn CClloosseett
SShhoowweerr66 ((BB55))
MMaasstteerr CClloosseett MMaasstteerr CClloosseett HHeerrss
UUppLLppooeewwrr eeCCrraa CCbbiiaannbb99ii11 ((33BB ((11BB2288)))) IIssllaanndd33 ((BB3333)) LLUUoowwppppeeeerr rrCC CCaaaabbbbii11ii11 ((55BB ((22BB4422))66))
VVaanniittyy88 ((BB11))
UUppppeerr CCaabbiinn88 ((BB1111)) SShhoowweerr33 SS((BBhhoo44ww))eerr44 ((BB33)) GGuueesstt RRoooomm CClloosseett ((22))
HHaallllwwaayy
SShhoowweerr77 ((BB66))
LLooUUwwppeepprree CCrr CCaabbaaiibb11ii9911 44((BB ((BB223322))55))
OOffffiiccee CClloosseett
OOffffiiccee BBaatthh
LLoowweerr CCaabbii1122 ((BB77))
IIssllaanndd22 ((BB3322))
FFooyyeerr
GGuueesstt RRoooomm
UUppppeerr CCaabbiinn66 ((BB99)) FFuullll HHeeiigghhtt33 ((BB2211)) UUttiilliittyy RRoooomm
UUppLLppooeewwrr eeCCrraa CCbbiiaannbb77iinn ((99BB ((11BB0055)))) KKiittcchheenn
FFuullll HHeeiigghhtt44 ((BB2222)) FFuullll HHeeiigghhtt22 ((BB66)) LLoowweerr CCaabbiinn22 ((BB22))
UUppppeerr CCaabbiinn22 ((BB11))
OOvveerr FFrriiddggee11 ((BB2277))
LLoowweerr CCaabbii1188 ((BB2200)) GGuueesstt BBeeddrroooomm CClloosseett GGuueesstt BBeeddrroooomm
LLoowweerr CCaabbiinn55 ((BB33)) UUppppeerr CCaabbii33 ((BB2299))
UUppppeerr CCaabbii44 ((BB3311))
LLoowweerr CCaabbii1177 ((WWBBDD1188)) LLoowweerr CCaabbii1155 ((BB1155))
LLoowweerr CCaabbiinn44 ((BB44))
UUppppeeLLrr ooCCwwaabbeerrii11 CC11aa ((bbBBii11336600 ))((WWBBDD1177)) LLoowweerr CCaaUUbbiipp11pp44ee rr(( BBCC11aa44bb))ii22 ((BB2288))
OOffffiiccee
14
VVaanniittyy11 ((BB11))
VVaanniittyy33 ((BB22))
State Farm
GGuueeCssttH BBEaaNtthh,rr KooooEmmNNETH 75-79J8-65X
SShhoowweerr11 ((BB44))
Date: 4/15/2025 7:27 AM Page: 14
"11
'2
"1
'3
4' 11"
4' 7" "3
'3
Subroom: Guest Bathroom (1) Height: 8'
61.82 SF Walls 13.39 SF Ceiling
75.21 SF Walls & Ceiling
7.49 LF Ceil. Perimeter
4' 11"
Missing Wall - Goes to Ceiling 4' 6 9/16" X 7' 9" Opens into GUEST_BATHRO
Missing Wall - Goes to Ceiling 2' 11 5/16" X 7' 9" Opens into GUEST_BATHRO
DESCRIPTION QUANTITY UNIT PRICE TAX RCV
** FLOORING **
30. HEPA Vacuuming - Detailed - (PER SF) 76.20SF 0.81 0.00 61.72
31. Clean floor - tile 76.20SF 0.95 0.51 72.90
** WALLS **
32. HEPA Vacuuming - Detailed - (PER SF) 239.72SF 0.81 0.00 194.17
33. Clean the walls 239.72SF 0.57 0.23 136.87
34. Clean door / window opening (per side) 3.00EA 21.03 0.01 63.10
35. Clean door - French (per side) 2.00EA 36.03 0.02 72.08
36. Clean window unit (per side) 10 - 20 SF 1.00EA 24.40 0.00 24.40
37. Clean register - heat / AC 1.00EA 9.13 0.00 9.13
** FIXTURES **
38. Clean vanity - inside and out 12.43LF 21.36 0.13 265.63
39. Clean countertop 24.86SF 1.19 0.05 29.63
40. Clean sink 2.00EA 21.03 0.01 42.07
41. Clean sink faucet 2.00EA 15.65 0.00 31.30
42. Clean mirror 25.00SF 1.15 0.02 28.77
43. Clean light bar 2.00EA 29.78 0.02 59.58
44. Clean toilet 1.00EA 35.35 0.00 35.35
45. Clean toilet seat 1.00EA 7.62 0.00 7.62
46. Clean toilet paper dispenser 1.00EA 11.40 0.00 11.40
15
State Farm
CHEN, KENNETH 75-79J8-65X
CONTINUED - Guest Bathroom
DESCRIPTION QUANTITY UNIT PRICE TAX RCV
47. Clean towel bar 1.00EA 11.38 0.00 11.38
48. Clean shower 1.00EA 70.11 0.01 70.12
49. Clean tub / shower faucet 1.00EA 22.77 0.00 22.77
50. Clean shower door 1.00EA 28.79 0.01 28.80
** CEILING **
51. HEPA Vacuuming - Detailed - (PER SF) 112.37SF 0.81 0.00 91.02
52. Clean the ceiling 112.37SF 0.57 0.11 64.16
BBaatthhttuubb11 ((BB22))
53. Clean recessed light fixture 2.00ESSAhhoowweerr22 ((BB33)) 17.15 0.02 34.32
GGaarraaggee iinntteerriioorr
54. Clean bathroom fan 1.00EA 45.53 0.00 45.53
Totals: Guest Bathroom VVaanniittyy44 ((BB11)) 1.15 1,513.82
MMaasstteerr BBaatthhrroooomm
BBeeddrroooomm
FFiirreeFFppiirrllaaeeccppeellaa22cc ((eeBB11))
SSttaaiirrss ((11))
ppUU
GGrreeaatt RRoooomm 22
LLiinneenn CClloosseett
UUppLLppooeewwrr eeCCrr aaCCbbaaiinnbb99ii11 ((33BB ((11BB2288)))) IIssllaanndd33 ((BB3333)) LLUUooppwwppeeeerrrr CCCCaaaabbbbiiii1111 55((BB ((BB224422))66)) SShhoowweerr66 ((BB55)) VVaanniittyy88 ((BB11)) MMaasstteerr CClloosseett MMaasstteerr CClloosseett HHeerrss
UUppppeerr CCaabbiinn88 ((BB1111)) SShhoowweerrSS33hh ((ooBBww44ee))rr44 ((BB33)) GGuueesstt RRoooomm CClloosseett ((22))
LLoowweerr CCaabbii1122 ((BB77)) LLUUoowwppppeeeerr rrCC CCaaaabbbbii11ii119944 (( BB((BBOO222233ff55ff))ii))ccee CClloosseett SShhoowweerr77 ((BB66)) OOffffiiccee BBaatthh HHaallllwwaayy
IIssllaanndd22 ((BB3322))
FFooyyeerr GGuueesstt RRoooomm
UUppppeerr CCaabbiinn66 ((BB99)) FFuullll HHeeiigghhtt33 ((BB2211)) UUttiilliittyy RRoooomm
UUppLLppooeewwrr eeCCrr aaCCbbaaiinnbb77iinn ((99BB ((11BB0055)))) KKiittcchheenn FFuullll HHeeiigghhtt44 ((BB2222)) FFuullll HHeeiigghhtt22 ((BBLL66))oowweerr CCaabbiinn22 ((BB22))
UUppppeerr CCaabbiinn22 ((BB11))
OOvveerr FFrriiddggee11 ((BB2277))
LLoowweerr CCaabbii1188 ((BB2200)) GGuueesstt BBeeddrroooomm CClloosseett GGuueesstt BBeeddrroooomm
LLoowweerr CCaabbiinn55 ((BB33)) UUppppeerr CCaabbii33 ((BB2299))
UUppppeerr CCaabbii44 ((BB3311))
LLoowweerr CCaabbii1177 WW((DDBBLL1188oo))wweerr CCaabbii1155 ((BB1155))
LLUUoowwppppeeLLeerrrr ooCC CCwwaaaabbeebbrriinn iiCC114411aa (( bb((BBiiBB11443366))00 WW(())DDBB1177))LLoowweerr CCUUaappbbppii11eerr44 CC((BBaabb11ii4422)) ((BB2288))
OOffffiiccee
VVaanniittyy11 ((BB11))
VVaanniittyy33 ((BB22))
GGuueesstt BBaatthhrroooomm
SShhoowweerr11 ((BB44))
Date: 4/15/2025 7:27 AM Page: 15
"8 '3 "6 '3
3' 1" 3' 3' 9"
3' 3"
"3
"01
'3
'3
"5
5' 1"
4' 9"
"3
'3
"7
'3
BBaatthhttuubb11 ((BB22))
SShhoowweerr22 ((BB33))
GGaarraaggee iinntteerriioorr
VVaanniittyy44 ((BB11))
MMaasstteerr BBaatthhrroooomm
Office Bath Height: 8' BBeeddrroooomm
139.64 SF Walls 51.09 SF Ceiling
3' 4" 190.74 SF Walls & Ceiling 42.39 SF Floor 1' 8"
25.07 LF Ceil. PFFeiirrrieemppelltaaeccree22 ((BB11)) 19.24 LF Floor Perimeter FFiirreeppllaaccee
SSttaaiirrss ((11))
ppUU
Door 2' 11 13/16" X 8' 1/16" Opens into OFFICE
GGrreeaatt RRoooomm 22
Door 3' 7/16" X 8' 1 1/4" Opens into FOYER LLiinneenn CClloosseett
3' 4"
SShhoowweerr66 ((BB55))
MMaasstteerr CClloosseett MMaasstteerr CClloosseett HHeerrss
UUppLLppooeewwrr CCeerraa CCbbiiaannbb99ii 11((33BB 11((BB22))88)) IIssllaanndd33 ((BB3333)) LLUUoowwppppeeeerr rrCC CCaaaabbbbii11ii11 ((55BB ((22BB4422))66))
VVaanniittyy88 ((BB11))
UUppppeerr CCaabbiinn88 ((BB1111)) SShhoowweerr33 ((BBSShh44oo))wweerr44 ((BB33)) GGuueesstt RRoooomm CClloosseett ((22))
HHaallllwwaayy
SShhoowweerr77 ((BB66))
LLooUUwwppeepprree CCrr aaCCbbaaiibb11ii9911 44((BB ((22BB3322))55))
OOffffiiccee CClloosseett
OOffffiiccee BBaatthh
LLoowweerr CCaabbii1122 ((BB77))
IIssllaanndd22 ((BB3322))
FFooyyeerr
GGuueesstt RRoooomm
UUppppeerr CCaabbiinn66 ((BB99)) FFuullll HHeeiigghhtt33 ((BB2211)) UUttiilliittyy RRoooomm
UUppLLppooeewwrr CCeerraa CCbbiiaannbb77ii nn((99BB 11((BB00))55)) KKiittcchheenn
FFuullll HHeeiigghhtt44 ((BB2222))
FFuullll HHeeiigghhtt22 ((BB66)) LLoowweerr CCaabbiinn22 ((BB22))
UUppppeerr CCaabbiinn22 ((BB11))
OOvveerr FFrriiddggee11 ((BB2277))
LLoowweerr CCaabbii1188 ((BB2200)) GGuueesstt BBeeddrroooomm CClloosseett GGuueesstt BBeeddrroooomm
LLoowweerr CCaabbiinn55 ((BB33)) UUppppeerr CCaabbii33 ((BB2299))
UUppppeerr CCaabbii44 ((BB3311))
LLoowweerr CCaabbii1177 ((BBWW11DD88)) LLoowweerr CCaabbii1155 ((BB1155))
LLoowweerr CCaabbiinn44 ((BB44))
UUppppeerrLL CCooaawwbbeeii11rr 11CC ((aaBBbbii33110066)) ((BBWW11DD77)) LLoowweerr CCaabbUUii11pp44pp ((eeBBrr 11CC44aa))bbii22 ((BB2288))
OOffffiiccee
VVaanniittyy11 ((BB11))
VVaanniittyy33 ((BB22))
GGuueesstt BBaatthhrroooomm
SShhoowweerr11 ((BB44))
"4
Subroom: Office Bath (4) Height: 8'
29.16 SF Walls 0.99 SF Ceiling
3' 6"
30.15 SF Walls & Ceiling
3.65 LF Ceil. Perimeter
Missing Wall 3' 4 3/16" X 8' Opens into OFFICE_BATH2
Missing Wall 3 9/16" X 8' Opens into OFFICE_BATH1
BBaatthhttuubb11 ((BB22))
SShhoowweerr22 ((BB33))
GGaarraaggee iinntteerriioorr
VVaanniittyy44 ((BB11))
MMaasstteerr BBaatthhrroooomm
BBeeddrroooomm
FFiirreeppllaaccee22 ((BB11))
FFiirreeppllaaccee
SSttaaiirrss ((11))
ppUU
16
GGrreeaatt RRoooomm 22
LLiinneenn CClloosseett
State Farm
CHEN, KENNETH 75-79J8-65X
SShhoowweerr66 ((BB55))
MMaasstteerr CClloosseett MMaasstteerr CClloosseett HHeerrss
UUppLLppooeewwrr eeCCrraa CCbbaaiinnbb99ii11 ((33BB ((11BB2288)))) IIssllaanndd33 ((BB3333)) LLUUoowwppppeeeerr rrCC CCaaaabbbbii11ii11 ((55BB ((22BB4422))66))
VVaanniittyy88 ((BB11))
UUppppeerr CCaabbiinn88 ((BB1111)) SShhoowweerr33 SS((BBhhoo44ww))eerr44 ((BB33)) GGuueesstt RRoooomm CClloosseett ((22))
HHaallllwwaayy SShhoowweerr77 ((BB66))
LLooUUwwppeepprree rrCC CCaabbaaiibb11ii9911 44(( BB((BB223322))55))
OOffffiiccee CClloosseett OOffffiiccee BBaatthh LLoowweerr CCaabbii1122 ((BB77))
IIssllaanndd22 ((BB3322))
FFooyyeerr
GGuueesstt RRoooomm
UUppppeerr CCaabbiinn66 ((BB99)) FFuullll HHeeiigghhtt33 ((BB2211)) UUttiilliittyy RRoooomm
UUppLLppooeewwrr eeCCrraa CCbbaaiinnbb77iinn ((99BB ((11BB0055)))) KKiittcchheenn
FFuullll HHeeiigghhtt44 ((BB2222)) FFuullll HHeeiigghhtt22 ((BB66)) LLoowweerr CCaabbiinn22 ((BB22))
UUppppeerr CCaabbiinn22 ((BB11))
OOvveerr FFrriiddggee11 ((BB2277))
LLoowweerr CCaabbii1188 ((BB2200)) GGuueesstt BBeeddrroooomm CClloosseett GGuueesstt BBeeddrroooomm
LLoowweerr CCaabbiinn55 ((BB33)) UUppppeerr CCaabbii33 ((BB2299))
UUppppeerr CCaabbii44 ((BB3311))
LLoowweerr CCaabbii1177 ((WWBBDD1188))LLoowweerr CCaabbii1155 ((BB1155))
LLoowweerr CCaabbiinn44 ((BB44)) UUppppeeLLrr ooCCwwaabbeerrii11 CC11aa ((bbBBii11336600 ))((WWBBDD1177)) LLoowweerr CCaaUUbbiipp11pp44ee rr(( BBCC11aa44bb))ii22 ((BB2288))
OOffffiiccee
VVaanniittyy11 ((BB11))
VVaanniittyy33 ((BB22))
GGuueesstt BBaatthhrroooomm
SShhoowweerr11 ((BB44))
Date: 4/15/2025 7:27 AM Page: 16
"6 "4
BBaatthhttuubb11 ((BB22))
SShhoowweerr22 ((BB33))
GGaarraaggee iinntteerriioorr
VVaanniittyy44 ((BB11))
MMaasstteerr BBaatthhrroooomm
BBeeddrroooomm
Subroom: Office Bath (3) Height: 8'
FFiirreeppllaaccee22 ((BB11))
3.58 SF Walls FFiirreeppllaaccee 1.03 SF Ceiling
SSttaaiirrss ((11)) 4.61 SF Walls & Ceiling
ppUU 3' 4" 0.31 LF Ceil. Perimeter
GGrreeaatt RRoooomm 22
LLiinneenn CClloosseett
Missing Wall - Goes to Ceiling 3' 4 3/16" X 7' 8" Opens into OFFICE_BATH
Missing Wall 3 11/16" X 8' Opens into OFFICE_BATH1
Missing Wall 3' 4 3/16" X 8' Opens into OFFICE_BATH2
SShhoowweerr66 ((BB55))
MMaasstteerr CClloosseett MMaasstteerr CClloosseett HHeerrss
UUppLLppooeewwrr CCeerraa bbCCiiaannbb99ii 11((BB33 11((BB22))88)) IIssllaanndd33 ((BB3333)) LLUUoowwppppeerree rrCC CCaabbaabbii11ii11 ((55BB ((22BB4422))66)) VVaanniittyy88 ((BB11))
UUppppeerr CCaabbiinn88 ((BB1111)) SShhoowweerr33 ((BBSS44hh))oowweerr44 ((BB33)) GGuueesstt RRoooomm CClloosseett ((22))
HHaallllwwaayy
SShhoowweerr77 ((BB66)) LLooUUwwppeepprree CCrr aaCCbbaaiibb11ii9911 44((BB ((22BB3322))55))
OOffffiiccee CClloosseett
OOffffiiccee BBaatthh LLoowweerr CCaabbii1122 ((BB77))
IIssllaanndd22 ((BB3322))
FFooyyeerr
GGuueesstt RRoooomm
UUppppeerr CCaabbiinn66 ((BB99)) FFuullll HHeeiigghhtt33 ((BB2211)) UUttiilliittyy RRoooomm
UUppLLppooeewwrr CCeerraa bbCCiiaannbb77ii nn((BB99 11((BB00))55)) KKiittcchheenn
FFuullll HHeeiigghhtt44 ((BB2222)) FFuullll HHeeiigghhtt22 ((BB66)) LLoowweerr CCaabbiinn22 ((BB22))
UUppppeerr CCaabbiinn22 ((BB11))
OOvveerr FFrriiddggee11 ((BB2277))
LLoowweerr CCaabbii1188 ((BB2200)) GGuueesstt BBeeddrroooomm CClloosseett GGuueesstt BBeeddrroooomm
LLoowweerr CCaabbiinn55 ((BB33)) UUppppeerr CCaabbii33 ((BB2299))
UUppppeerr CCaabbii44 ((BB3311))
LLoowweerr CCaabbii1177 ((BBWW11DD88)) LLoowweerr CCaabbii1155 ((BB1155))
LLoowweerr CCaabbiinn44 ((BB44))
UUppppeerr LLCCooaawwbbiiee11rr11 CC ((aaBBbb33ii110066)) ((BBWW11DD77)) LLoowweerr CCaabbiiUU1144pp pp((eeBBrr11 CC44))aabbii22 ((BB2288))
OOffffiiccee
VVaanniittyy11 ((BB11))
VVaanniittyy33 ((BB22))
GGuueesstt BBaatthhrroooomm
SShhoowweerr11 ((BB44))
"8
'2
BBaatthhttuubb11 ((BB22))
SShhoowweerr22 ((BB33))
GGaarraaggee iinntteerriioorr
3' 4" Subroom: Office Bath (2) Height: Tray
VVaanniittyy44 ((BB11))
21.33 SF Walls 12.17 SF Ceiling
MMaasstteerr BBaatthhrroooomm
33.50 SF Walls & Ceiling BBeeddrroooomm
2.67 LF Ceil. Perimeter
FFiirreeppllaaccee22 ((BB11))
FFiirreeppllaaccee SSttaaiirrss ((11))
ppUU Missing Wall 2' 8" X 8' Opens into OFFICE_BATH1
GGrreeaatt RRoooomm 22 Missing Wall 3' 4 3/16" X 8' Opens into OFFICE_BATH3
LLiinneenn CClloosseett
Missing Wall 3' 4 3/16" X 8' Opens into OFFICE_BATH4
1' 6"
SShhoowweerr66 ((BB55))
UUppLLppooeewwrr eeCCrraa CCbbiiaannbb99ii11 ((33BB ((11BB2288)))) IIssllaanndd33 ((BB3333)) LLUUoowwppppeeeerrrr CC CCaaaabbbbii11ii11 ((55BB ((22BB4422))66)) MMaasstteerr CClloosseett MMaasstteerr CClloosseett HHeerrss VVaanniittyy88 ((BB11))
UUppppeerr CCaabbiinn88 ((BB1111)) SShhoowweerr33 SS((BBhhoo44ww))eerr44 ((BB33)) GGuueesstt RRoooomm CClloosseett ((22))
HHaallllwwaayy SShhoowweerr77 ((BB66))
LLooUUwwppeepprree rrCC CCaabbaaiibb11ii9911 44(( BB((BB223322))55))
OOffffiiccee CClloosseett
LLoowweerr CCaabbii1122 ((BB77)) OOffffiiccee BBaatthh
IIssllaanndd22 ((BB3322))
FFooyyeerr
GGuueesstt RRoooomm
UUppppeerr CCaabbiinn66 ((BB99)) FFuullll HHeeiigghhtt33 ((BB2211)) UUttiilliittyy RRoooomm
UUppLLppooeewwrr eeCCrraa CCbbiiaannbb77iinn ((99BB ((11BB0055)))) KKiittcchheenn
FFuullll HHeeiigghhtt44 ((BB2222)) FFuullll HHeeiigghhtt22 ((BB66)) LLoowweerr CCaabbiinn22 ((BB22))
UUppppeerr CCaabbiinn22 ((BB11))
OOvveerr FFrriiddggee11 ((BB2277))
LLoowweerr CCaabbii1188 ((BB2200)) GGuueesstt BBeeddrroooomm CClloosseett GGuueesstt BBeeddrroooomm
LLoowweerr CCaabbiinn55 ((BB33)) UUppppeerr CCaabbii33 ((BB2299))
UUppppeerr CCaabbii44 ((BB3311))
LLoowweerr CCaabbii1177 ((WWBBDD1188))LLoowweerr CCaabbii1155 ((BB1155))
LLoowweerr CCaabbiinn44 ((BB44))
UUppppeeLLrr ooCCwwaabbeerrii11 CC11aa ((bbBBii11336600 ))((WWBBDD1177)) LLoowweerr CCaaUUbbiipp11pp44ee rr(( BBCC11aa44bb))ii22 ((BB2288))
OOffffiiccee
VVaanniittyy11 ((BB11))
VVaanniittyy33 ((BB22))
GGuueesstt BBaatthhrroooomm
SShhoowweerr11 ((BB44))
"3
'3
"7
'3
1' 8"
"4
"4
Subroom: Office Bath (1) Height: 8'
20.78 SF Walls 4.30 SF Ceiling
25.08 SF Walls & Ceiling
1.32 LF Ceil. Perimeter
Missing Wall - Goes to Ceiling 3' 3 1/4" X 5' Opens into OFFICE_BATH
Missing Wall - Goes to Ceiling 1' 3 13/16" X 7' 8" Opens into OFFICE_BATH
Missing Wall 3 11/16" X 8' Opens into OFFICE_BATH3
Missing Wall 2' 8" X 8' Opens into OFFICE_BATH2
Missing Wall 3 9/16" X 8' Opens into OFFICE_BATH4
DESCRIPTION QUANTITY UNIT PRICE TAX RCV
** FLOORING **
55. HEPA Vacuuming - Detailed - (PER SF) 42.39SF 0.81 0.00 34.34
56. Clean floor - tile 42.39SF 0.95 0.28 40.55
** WALLS **
57. HEPA Vacuuming - Detailed - (PER SF) 214.49SF 0.81 0.00 173.74
17
State Farm
CHEN, KENNETH 75-79J8-65X
CONTINUED - Office Bath
DESCRIPTION QUANTITY UNIT PRICE TAX RCV
58. Clean the walls 214.49SF 0.57 0.20 122.46
59. Clean door / window opening (per side) 2.00EA 21.03 0.01 42.07
60. Clean door - French (per side) 2.00EA 36.03 0.02 72.08
** FIXTURES **
61. Clean vanity - inside and out 4.75LF 21.36 0.05 101.51
62. Clean countertop 9.50SF 1.19 0.02 11.33
63. Clean sink 1.00EA 21.03 0.00 21.03
64. Clean sink faucet 1.00EA 15.65 0.00 15.65
65. Clean mirror 12.00SF 1.15 0.01 13.81
66. Clean light bar 1.00EA 29.78 0.01 29.79
67. Clean toilet 1.00EA 35.35 0.00 35.35
68. Clean toilet seat 1.00EA 7.62 0.00 7.62
69. Clean toilet paper dispenser 1.00EA 11.40 0.00 11.40
70. Clean shower 1.00EA 70.11 0.01 70.12
71. Clean tub / shower faucet 1.00EA 22.77 0.00 22.77
72. Clean shower door 1.00EA 28.79 0.01 28.80
** CEILING **
73. HEPA Vacuuming - Detailed - (PER SF) 69.58SF 0.81 0.00 56.36
74. Clean the ceiling 69.58SF 0.57 0.07 39.73
75. Clean recessed light fixture 2.00EA 17.15 0.02 34.32
76. Clean bathroom fan 1.00EA 45.53 0.00 45.53
77. Clean register - heat / AC 1.00EA 9.13 0.00 9.13
Totals: Office Bath 0.71 1,039.49
Date: 4/15/2025 7:27 AM Page: 17
18
BBaatthhttuubb11 ((BB22))
SShhoowweerr22 ((BB33))
GGaarraaggee iinntteerriioorr
VVaanniittyy44 ((BB11))
StatMMeaa ssFtteerra BBraatthhmrroooomm
BBeeddrroooomm
SSttppaaUUiirrss ((11)) CHEN, KENNETH FFiirreeFFppiirrllaaeeccppeellaa22cc ((eeBB11)) 75-79J8-65X
GGrreeaatt RRoooomm 22 LLiinneenn CClloosseett
UU UU LLpp pp oopp pp wwee ee rr rr ee CC CC rr aa aa CCbb bb aaii ii bbnn nn ii99 88 11 33(( (( BB BB ((II11 11 BBss22 11 ll88aa)) )) ))nndd33 ((BBLLUU33oo33ppww))ppeeeerrrr CCCCaaaabbbbiiii111155 (( BB((BB22224466)))) S S S S h h h h o o o o w w w w SSe e e e hhr r r r oo3 6 3 6 ww ( ( ( ( B B B B eerr4 5 4 5 VV44) ) ) ) aa((BBnnii33ttyy))88 ((BB11)) GGuueesstt RRoooomm CClloosseett ((22)) MMaasstteerr CClloosseettMMaasstteerr CClloosseett HHeerrss
LLoowweerr CCaabbii1122 ((IIBBssll77aa))nndd22 ((BB LLUU 33 oo 22 ppww )) ppeeeerrrr CCCCaaaabbbbiiii1111OO9944 ff ((ff((BBiiBBcc2222ee33 55CC))))lloossSSeehhttoowweerr77 ((BB66 OO )) ffffiiccee BBaatthh HHaallllwwaayy
UUppppeerr CCaabbiinn66 ((BB99)) FFuullll HHeeiigghhtt33 ((BB2211)) FFooyyeerr GGuueesstt RRoooomm UUttiilliittyy RRoooomm
UULLppooppwweerree CCrr aaCCbbaaiibbnnii77nn 99((BB ((11BB0055))))KKiittcchheennFFuullll HHeeiigghhtt44 ((BB2222)) FFuullll HHeeiigghhLLtt22oo ww((BBee66UUrr ))CCppppaaeebbrrii nnCC22aa ((bbBBiinn2222)) ((BB11))
OOvveerr FFrriiddggee11 ((BB2277))
UULLppooppwweerree rrCC CCaabbaabbii44iinn ((55BB ((33BB1133)))) LLUUoowwppppeerree rrCC CCaabbaabbii11ii3388 ((((BBBB22229900)))) GGuueesstt BBeeddrroooomm CClloosseett GGuueesstt BBeeddrroooomm
LLUUooppwwLL LLppeeee oo oorrrr ww ww CCCC ee eeaaaa rr rrbb bb CC CCiiiinn11 aa aa4411 bb bb ii ii(((( LL11 11BBBB 77 66 ooW W W W44D D D D33LL ww(( (())00 BB BBoo ee ))ww 11 11 rr 88 77ee CC UU )) ))rr aa CCpp bb pp ii aa 11 eebb 55 rrii 11 CC (( 44 BB aa (( 11 bbBB 55 ii2211 )) 44((BB))2288)) OOffffiiccee
VVaanniittyy11 ((BB11))
VVaanniittyy33 ((BB22))
GGuueesstt BBaatthhrroooomm
SShhoowweerr11 ((BB44))
Date: 4/15/2025 7:27 AM Page: 18
"5
'7
"7
'7
9' 4" Kitchen Height: Tray
8.74 SF Walls 160.58 SF Ceiling
169.32 SF Walls & Ceiling 114.75 SF Floor
48.66 LF Ceil. Perimeter
BBaatthhttuubb11 ((BB22))
SShhoowweerr22 ((BB33))
GGaarraaggee iinntteerriioorr
VVaanniittyy44 ((BB11))
MMaasstteerr BBaatthhrroooomm BBeeddrroooomm
SSttppaaUUiirrss ((11))
FFiirreeFFppiirrllaaeeccppeellaa22cc ((eeBB11))
GGrreeaatt RRoooomm 22 LLiinneenn CClloosseett
UU UU LLpp pp oopp pp wwee ee rr rr ee CC CC rr aa aa CC2bb bb aa'ii ii bb4nn nn ii"99 88 11 33(( (( BB BB II((11 11 ssBBll22 11 aa88)) )) nn))9dd'33 4 (("BBLLUU33oopp33wwpp))eeeerrrr 2CCCC' aaaa4bbbb"iiii111155 (( BB((BB22224466)))) S S S S h h h h o o o o w w w w SSe e e e hhr r r r oo3 6 3 6 ww ( ( ( ( B B B B eerrVV 4 5 4 5 44) ) ) ) aa((nnBBii33ttyy))88 ((BB11)) GGuueesstt RRoooomm CClloosseett ((22)) MMaasstteerr CClloosseeMMtt aasstteerr CClloosseett HHeerrss
LLoowweerr CCaabbii1122 II((ssBBllaa77nn))dd22 ((BB LLUUoo 33 ppww 22 pp )) eeeerrrr CCCCaaaabbbbiiii1111OO9944ff ((ff((BBiiBBcc22ee2233 55CC))))llooSSsseehhttoowweerr77 ((BB66 OO )) ffffiiccee BBaatthh HHaallllwwaayy
UUppppeerr CCaabbiinn66 ((BB99)) FFuullll HHeeiigghhtt33 ((BB2211)) FFooyyeerr GGuueesstt RRoooomm UUttiilliittyy RRoooomm
UULLppooppwweerree CCrr aaCCbbaaiibbnnii77nn 99((BB ((11BB0055KK))))iittcchheeFFnnuullll HHeeiigghhtt44 ((BB2222)) FFuullll HHeeiigghhLLtt22oo ww((BBeeUUrr66 pp))CCppaaeebbrrii nnCC22aa bb((BBiinn2222)) ((BB11))
OOvveerr FFrriiddggee11 ((BB2277))
UULLppooppwweerree rrCC CCaabbaabbii44iinn ((55BB ((33BB1133)))) LLUUoowwppppeerree rrCC CCaabbaabbii11ii3388 ((((BBBB22229900)))) GGuueesstt BBeeddrroooomm CClloosseett GGuueesstt BBeeddrroooomm LLUUooppwwLL LLppeeoo eeoorrrr ww ww CCCC ee eeaarr rraa bbbb CC CCiiiinnaa 11aa44bb bb11 ii ii LL ((11 11((BBBB oo77 66 W W W WLL D D D D ww44 33 (( ((oo))00 BB BB ee ww)) rr11 11 ee CC88 77UUrr )) )) aa ppCC bb ppaa ii ee 11 bbrr 55 ii 11 CC (( 44 BB aa bb(( 11 BBii 55 2211 )) ((44BB))2288)) OOffffiiccee
VVaanniittyy11 ((BB11))
VVaanniittyy33 ((BB22))
GGuueesstt BBaatthhrroooomm
SShhoowweerr11 ((BB44))
"2 '1 14' 0" "4 '1
BBaatthhttuubb11 ((BB22))
Subroom: Kitchen (4) SShhoowweerr22 ((BB33)) Height: Sloped
GGaarraaggee iinntteerriioorr 17.71 SF Walls 17.07 SF Ceiling
34.79 SF Walls & Ceiling 13.72 SF Floor 16.44 LF Ceil. Perimeter 1.13 LF Floor Perimeter
VVaanniittyy44 ((BB11))
MMaasstteerr BBaatthhrroooomm BBeeddrroooomm
Missing Wall 2' 4" X 10' 11 1/4" Opens into KITCHEN
SSttaaiirrss ((11)) Missing Wall 9' 3 15/16" FF X iirreeFFpp iirr1 llaaeeccpp0 eellaa22 'cc ((ee1 BB11 1 )) 1/4" Opens into KITCHEN2 ppUU
Missing Wall 2' 4" X 10' 11 1/4" Opens into KITCHEN3 GGrreeaatt RRoooomm 22
LLiinneenn CClloosseett
Missing Wall - Goes to Floor 14' X 11' Opens into GREAT_ROOM_2
UUppLLppooeewwrr CCeerraa CCbbiiaannbb99ii 11((33BB 11((BB22))88)) IIssllaanndd33 ((BB3333)) LLUUoowwppppeeeerrrr CC CCaaaabbbbii11ii11 ((55BB ((22BB4422))66)) SShhoowweerr66 ((BB55)) VVaanniittyy88 ((BB11)) MMaasstteerr CClloosseett MMaasstteerr CClloosseett HHeerrss
UUppppeerr CCaabbiinn88 ((BB1111)) SShhoowweerr33 SS((BBhh44oo))wweerr44 ((BB33)) GGuueesstt RRoooomm CClloosseett ((22))
LLooUUwwppeepprree rrCC CCaabbaaiibb11ii9911 44(( BB((BB223322))55OO))ffffiiccee CClloosseett SShhoowweerr77 ((BB66)) HHaallllwwaayy
LLoowweerr CCaabbii1122 ((BB77)) OOffffiiccee BBaatthh
IIssllaanndd22 ((BB3322))
FFooyyeerr
GGuueesstt RRoooomm UUppppeerr CCaabbiinn66 ((BB99)) FFuullll HHeeiigghhtt33 ((BB2211)) UUttiilliittyy RRoooomm
UUppLLppooeewwrr CCeerraa CCbbiiaannbb77ii nn((99BB 11((BB00))55)) KKiittcchheenn
FFuullll HHeeiigghhtt44 ((BB2222)) FFuullll HHeeiigghhtt22 ((BB66)) LLoowweerr CCaabbiinn22 ((BB22))
UUppppeerr CCaabbiinn22 ((BB11))
OOvveerr FFrriiddggee11 ((BB2277))
LLoowweerr CCaabbii1188 ((BB2200)) GGuueesstt BBeeddrroooomm CClloosseett GGuueesstt BBeeddrroooomm
LLoowweerr CCaabbiinn55 ((BB33)) UUppppeerr CCaabbii33 ((BB2299))
UUppppeerr CCaabbii44 ((BB3311))
LLoowweerr CCaabbii1177 ((WWBBDD1188)) LLoowweerr CCaabbii1155 ((BB1155))
LLoowweerr CCaabbiinn44 ((BB44))
UUppppeerrLL CCoowwaabbeeiirr11 CC11 aa((bbBBii33110066)) ((WWBBDD1177)) LLoowweerr CCaaUUbbiipp11pp44ee ((rrBB CC11aa44bb))ii22 ((BB2288)) OOffffiiccee
VVaanniittyy11 ((BB11))
VVaanniittyy33 ((BB22))
GGuueesstt BBaatthhrroooomm
SShhoowweerr11 ((BB44))
"5
'7
'6
"1
'1
BBaatthhttuubb11 ((BB22))
SShhoowweerr22 ((BB33))
GGaarraaggee iinntteerriioorr 2' 4" Subroom: Kitchen (1) Height: Sloped
73.57 SF Walls 17.88 SF Ceiling
91.44 SF Walls & Ceiling 17.31 SF Floor
9.99 LF Ceil. Perimeter 7.42 LF Floor PVVeaarnniiimttyy44e ((BBte11))r
MMaasstteerr BBaatthhrroooomm BBeeddrroooomm
FFiirreeFFppiirrllaaeeccppeellaa22cc ((eeBB11))
SSttaaiirrss ((11)) Missing Wall 2' 4" X 9' Opens into KITCHEN1
ppUU
Missing Wall 2' 4" X 9' Opens into KITCHEN4
GGrreeaatt RRoooomm 22
LLiinneenn CClloosseett
Missing Wall 7' 5" X 9' Opens into KITCHEN2
UUppLLppooeewwrr CCeerraa CCbbiiaannbb99ii 11((33BB 11((BB22))88)) IIssllaanndd33 ((BB3333)) LLUUoowwppppeeeerrrr CC CCaaaabbbbii11ii11 ((55BB ((22BB4422))66)) SShhoowweerr66 ((BB55)) VVaanniittyy88 ((BB11)) MMaasstteerr CClloosseett MMaasstteerr CClloosseett HHeerrss
UUppppeerr CCaabbiinn88 ((BB1111)) SShhoowweerr33 SS((BBhh44oo))wweerr44 ((BB33)) GGuueesstt RRoooomm CClloosseett ((22))
LLooUUwwppeepprree rrCC CCaabbaaiibb11ii9911 44(( BB((BB223322))55OO))ffffiiccee CClloosseett SShhoowweerr77 ((BB66)) HHaallllwwaayy
LLoowweerr CCaabbii1122 ((BB77)) OOffffiiccee BBaatthh
IIssllaanndd22 ((BB3322))
FFooyyeerr
GGuueesstt RRoooomm
UUppppeerr CCaabbiinn66 ((BB99)) FFuullll HHeeiigghhtt33 ((BB2211)) UUttiilliittyy RRoooomm
UUppLLppooeewwrr CCeerraa CCbbiiaannbb77ii nn((99BB 11((BB00))55)) KKiittcchheenn
FFuullll HHeeiigghhtt44 ((BB2222)) FFuullll HHeeiigghhtt22 ((BB66)) LLoowweerr CCaabbiinn22 ((BB22))
UUppppeerr CCaabbiinn22 ((BB11))
OOvveerr FFrriiddggee11 ((BB2277))
LLoowweerr CCaabbii1188 ((BB2200)) GGuueesstt BBeeddrroooomm CClloosseett GGuueesstt BBeeddrroooomm
LLoowweerr CCaabbiinn55 ((BB33)) UUppppeerr CCaabbii33 ((BB2299))
UUppppeerr CCaabbii44 ((BB3311))
LLoowweerr CCaabbii1177 ((BBWWDD1188)) LLoowweerr CCaabbii1155 ((BB1155))
LLoowweerr CCaabbiinn44 ((BB44))
UUppppeerrLL CCoowwaabbeeiirr11 CC11 aa((bbBBii33110066)) ((BBWWDD1177)) LLoowweerr CCaaUUbbiipp11pp44ee ((rrBB CC11aa44bb))ii22 ((BB2288))
OOffffiiccee
VVaanniittyy11 ((BB11))
VVaanniittyy33 ((BB22))
GGuueesstt BBaatthhrroooomm
SShhoowweerr11 ((BB44))
"11
'4
"1
'2
"5
'7
2' 4" Subroom: Kitchen (3) Height: Sloped
26.74 SF Walls 17.88 SF Ceiling
44.61 SF Walls & Ceiling 3.71 SF Floor
9.99 LF Ceil. Perimeter
Missing Wall 7' 5" X 9' Opens into KITCHEN2
Missing Wall 2' 4" X 9' Opens into KITCHEN1
Window 4' 11 1/16" X 3' 9 11/16" Opens into Exterior
Missing Wall 2' 4" X 9' Opens into KITCHEN4
BBaatthhttuubb11 ((BB22))
SShhoowweerr22 ((BB33))
GGaarraaggee iinntteerriioorr
19 VVaanniittyy44 ((BB11))
MMaasstteerr BBaatthhrroooomm
BBeeddrroooomm
SSttaaiirrss ((11))
FFiirreeFFppiirrllaaeeccppeellaa22cc ((eeBB11))
ppUU
GGrreeaatt RRoooomm 22 LLiinneenn CClloosseett
State Farm
CUUHLLppppooEeewwrr eeNCCrr aaCCbb,aa iinnbbK99ii11 ((33EBB ((11NBB2288))IIN))ssllaannEdd33T ((HBB3333LL))UUooppwwppeeeerrrr CCCCaaaabbbbiiii1111 55(( BB((BB224422))66)) SShhoowweerr66 ((BB55)) VVaanniittyy88 ((BB11)) MMaasstteerr CClloosseett MMaasstteerr CClloosseett HHeerrss 75-79J8-65X
UUppppeerr CCaabbiinn88 ((BB1111)) SShhoowweeSSrrhh33oo ((wwBBee44rr))44 ((BB33)) GGuueesstt RRoooomm CClloosseett ((22))
LLoowweerr CCaabbii1122 ((BB77))
LLUUoowwppppeeeerrrr CC CCaaaabbbbii11ii119944 OO(( ((BBffBBff22ii2233cc55ee)))) CClloosseettSShhoowweerr77 ((BB66))
OOffffiiccee BBaatthh
HHaallllwwaayy
IIssllaanndd22 ((BB3322))
FFooyyeerr GGuueesstt RRoooomm
UUppppeerr CCaabbiinn66 ((BB99)) FFuullll HHeeiigghhtt33 ((BB2211)) UUttiilliittyy RRoooomm
UULLppppooeewwrr eeCCrr aaCCbbaaiinnbb77iinn ((99BB ((11BB0055)))) KKiittcchheenn FFuullll HHeeiigghhtt44 ((BB2222)) FFuullll HHeeiigghhtt22LL ((ooBBww66))eerr CCaabbiinn22 ((BB22))
UUppppeerr CCaabbiinn22 ((BB11))
OOvveerr FFrriiddggee11 ((BB2277))
UULLppooppwweerree rrCC CCaabbaaiibb44ii nn((55BB 33((BB11))33)) LLoo UU ww pp ee pp rr ee rr CC CC aabb aa ii bb 11 ii 88 33 (( (( BB BB 22 22 00 99 )) )) GGuueesstt BBeeddrroooomm CClloosseett GGuueesstt BBeeddrroooomm
LLUUooppwwpp LL LLeeeerroo oorr ww wwCCCC ee eeaaaa rr rrbbbb iiCC CCiinn11 aa aa4411 bb bb ((ii ii((BB11 11BB 77 6644W W W W33 LL ))D D D D00 (( (( ooBB BB)) ww LL 11 11 9 oo ee88 77 ' rr ww )) )) 4 CC" eerr aa UU bb CCpp ii aa 11 ppbb 55 eeii rr11 (( BB 44CC 11 aa(( 55 BBbb )) ii112244 (())BB2288)) OOffffiiccee
VVaanniittyy11 ((BB11))
VVaanniittyy33 ((BB22))
GGuueesstt BBaatthhrroooomm
SShhoowweerr11 ((BB44))
Date: 4/15/2025 7:27 AM Page: 19
"7
'7
2' 4"
"7
'8
"9
'8
3' 11" 5' 11" 4' 2"
4' 3"
"11
'8
Subroom: Kitchen (2) Height: Sloped
2' 4"
187.56 SF Walls 49.22 SF Ceiling
236.78 SF Walls & Ceiling 25.80 SF Floor
35.88 LF Ceil. Perimeter 11.25 LF Floor Perimeter
Missing Wall 7' 7" X 9' Opens into KITCHEN2
Missing Wall 9' 3 15/16" X 9' Opens into KITCHEN2
Missing Wall 7' 7" X 9' Opens into KITCHEN2
Missing Wall 2' 4" X 9' Opens into KITCHEN3
Window 5' 11 1/8" X 3' 5 3/4" Opens into Exterior
Missing Wall 2' 4" X 9' Opens into KITCHEN
DESCRIPTION QUANTITY UNIT PRICE TAX RCV
** FLOORING **
78. HEPA Vacuuming - Detailed - (PER SF) 175.29SF 0.81 0.00 141.98
79. Clean floor - tile 175.29SF 0.95 1.17 167.70
** WALLS **
80. HEPA Vacuuming - Detailed - (PER SF) 314.32SF 0.81 0.00 254.60
81. Clean the walls 314.32SF 0.57 0.30 179.46
82. Clean door / window opening (per side) 2.00EA 21.03 0.01 42.07
83. Clean window unit (per side) 10 - 20 SF 2.00EA 24.40 0.00 48.80
** CABINETRY / HARDWARE / ACCESORIES **
84. Clean cabinetry - lower - inside and out 53.07LF 23.84 0.55 1,265.74
85. Clean cabinetry - upper - inside and out 25.00LF 23.84 0.26 596.26
86. Clean cabinetry - full height - inside and 3.83LF 41.64 0.05 159.53
out
* 87. Clean cabinetry - upper - top of cabinet 25.00LF 23.27 0.26 582.01
88. Clean countertop 114.99SF 1.19 0.22 137.06
89. Clean sink 2.00EA 21.03 0.01 42.07
90. Clean sink faucet 2.00EA 15.65 0.00 31.30
91. Clean dishwasher - exterior 1.00EA 25.34 0.00 25.34
20
State Farm
CHEN, KENNETH 75-79J8-65X
CONTINUED - Kitchen
DESCRIPTION QUANTITY UNIT PRICE TAX RCV
92. Clean range - exterior 1.00EA 51.02 0.05 51.07
93. Clean range hood 1.00EA 27.41 0.01 27.42
** CEILING **
94. HEPA Vacuuming - Detailed - (PER SF) 262.62SF 0.81 0.00 212.72
95. Clean the ceiling 262.62SF 0.57 0.25 149.94
96. Clean recessed light fixture 18.00EA 17.15 0.15 308.85
97. Clean register - heat / AC 2.00EA 9.13 0.00 18.26
Totals: Kitchen 3.29 4,442.18
BBaatthhttuubb11 ((BB22))
SShhoowweerr22 ((BB33))
GGaarraaggee iinntteerriioorr
VVaanniittyy44 ((BB11))
MMaasstteerr BBaatthhrroooomm BBeeddrroooomm
SSttppaaUUiirrss ((11)) FFiirreeFFppiirrllaaeeccppeellaa22cc ((eeBB11))
GGrreeaatt RRoooomm 22 LLiinneenn CClloosseett
UU UU LLpp pp oopp pp wwee ee rr rr ee CC CC rr CCaa aa bb bb aaii ii bbnn nn ii99 88 11 II33(( (( ssBB BB ll((aaBB11 11 nn22 11 88dd)) )) ))33 LLUU((BBooppww33pp33eeee))rrrr CCCCaaaabbbbiiii111155 (( BB((BB22224466)) S S S S)) h h h h o o o o w w w w SShhe e e e oor r r r 3 6 3 6 ww ( ( ( ( eeVVB B B B rr44aa4 5 4 5 nn) ) ) ) ((iiBBttyy3388)) ((BB11)) GGuueesstt RRoooomm CClloosseett ((22)) MMaasstteerr CCllooMMsseeaattsstteerr CClloosseett HHeerrss LLoowweerr CCaabbii11II22ss ll((aaBBnn77dd))22 LL UU (( oo BB ppww 33 ppee 22 eerr )) rr CCCCaaaabbbbOOiiii1111ff9944ff ii ((cc((BBBBee 2222CC3355SSll))oo))hhssooeewwtteerr77 ((BB OO 66 ffff )) iiccee BBaatthh HHaallllwwaayy UUppppeerr CCaabbiinn66 ((BB99)) FFuullll HHeeiigghhtt33 ((BB2211)) FFooyyeerr GGuueesstt RRoooomm UUttiilliittyy RRoooomm UULLppooppwweerree CCrr CCaabbaaiibbnnii77nn 99((BB ((BB11KK0055ii))tt))cchhFFeeuunnllll HHeeiigghhtt44 ((BB2222)) FFuullll HHeeiiggLLhhoottww22UU ee((rrBBpp CCpp66ee))aarrbb iiCCnnaa22bb ((iiBBnn2222 ))((BB11))
OOvveerr FFrriiddggee11 ((BB2277))
UULL LLUU ppoo oo pp pp ww LL LLww ee pp ee oo oo rr eeee rr ww wwrrrr CC CC CCCC ee ee aarr rr aabb aaaa bbiiCC CCbbbb 44ii iiii nn aa aa nn11 LL((bb bb 55 4411 BBooii ii LL 11 11 ((33ww(((( W W W W BB oo 77 66BBBB 11 D D D D ee ww 33)) 4433 (( (( rr )) BB BBUU ee))00 CC LL rr)) 11 11pp aa UUoo CC 88 77pp bb ww )) )) pp eeaa ii rr 11 pp bb ee 55 ee ii rr CC11 rr CC aa (( 44 CC BB bb aa ((ii aabb 11 BB22 bbii 55 11 11 ii (( )) 3388 44BB )) (( 22 ((BBBB 88 22 )) 229900)))) OOffffiiccee GGuueesstt BBeeddrroooomm CClloosseett GGuueesstt BBeeddrroooomm
VVaanniittyy11 ((BB11))
VVaanniittyy33 ((BB22))
GGuueesstt BBaatthhrroooomm
SShhoowweerr11 ((BB44))
Date: 4/15/2025 7:27 AM Page: 20
"11 '2 '4 "5 '3 '3 5' 3" 3' 9"
5' 1" 11" 11"
"11 '2 3' 2" 3' 4"
"8
'9
"5
'2
"7 '6
2' 6" 3' 1"
2' 8" 7"
"8
Hallway Height: 8'
282.10 SF Walls 120.61 SF Ceiling
402.71 SF Walls & Ceiling 120.61 SF Floor 50.57 LF Ceil. Perimeter 34.10 LF Floor Perimeter BBaatthhttuubb11 ((BB22)) SShhoowweerr22 ((BB33))
GGaarraaggee iinntteerriioorr
Door 3' 1/8" X 7' 5/8" Opens into GUEST_ROOM1
Door 2' 11 9/16" X 6' 11 1/16" Opens into GUEST_BEDROO
DoVVoaannriittyy44 ((BB11)) 2' 10 13/16" X 6' 11 7/8" Opens into UTILITY_ROOM
Door MMaasstteerr BBaatthhrroooomm 3' 1BB 3eedd/rr8oooo"mm X 7' 10 7/8" Opens into BEDROOM
FFiirreeFFppiirrllaaeeccppeellaa22cc ((eeBB11))
SSttaaiirrss ((11))
ppUU
GGrreeaatt RRoooomm 22
LLiinneenn CClloosseett
9' 1"
UUppLLppooeewwrr eeCCrraa CCbbiiaannbb99ii11 ((33BB ((11BB2288)))) IIssllaanndd33 ((BB3333)) LLUUooppwwppeeeerrrr CC CCaaaabbbbiiii1111 ((55BB ((22BB4422))66)) SShhoowweerr66 ((BB55)) VVaanniittyy88 ((BB11)) MMaasstteerr CClloosseett MMaasstteerr CClloosseett HHeerrss
UUppppeerr CCaabbiinn88 ((BB1111)) SShhoowweerr33SS ((hhBBoo44ww))eerr44 ((BB33)) GGuueesstt RRoooomm CClloosseett ((22))
LLooUUwwppeepprree rrCC CCaabbaaiibb11ii9911 44(( BB((BB223322OO))55))ffffiiccee CClloosseett SShhoowweerr77 ((BB66)) HHaallllwwaayy
LLoowweerr CCaabbii1122 ((BB77)) OOffffiiccee BBaatthh
IIssllaanndd22 ((BB3322))
FFooyyeerr
GGuueesstt RRoooomm
UUppppeerr CCaabbiinn66 ((BB99)) FFuullll HHeeiigghhtt33 ((BB2211)) UUttiilliittyy RRoooomm
UUppLLppooeewwrr eeCCrraa CCbbiiaannbb77iinn ((99BB ((11BB0055)))) KKiittcchheenn FFuullll HHeeiigghhtt44 ((BB2222)) FFuullll HHeeiigghhtt22 ((BB66))LLoowweerr CCaabbiinn22 ((BB22))
UUppppeerr CCaabbiinn22 ((BB11))
OOvveerr FFrriiddggee11 ((BB2277))
LLoowweerr CCaabbii1188 ((BB2200)) GGuueesstt BBeeddrroooomm CClloosseett GGuueesstt BBeeddrroooomm
LLoowweerr CCaabbiinn55 ((BB33)) UUppppeerr CCaabbii33 ((BB2299))
UUppppeerr CCaabbii44 ((BB3311))
LLoowweerr CCaabbii1177 ((WWBBDD1188))LLoowweerr CCaabbii1155 ((BB1155))
LL UU ooww pppp eer e r eLL rr CC ooCC aa wwaa bb bbee iinn rrii11 44 CC11 (( aa BB ((bbBB 44 ii1133 )) 6600 ))((WWBBDD1177)) LLoowweerr CCaaUUbbppii11pp44ee rr(( BBCC11aabb44ii))22 ((BB2288))
OOffffiiccee
VVaanniittyy11 ((BB11))
VVaanniittyy33 ((BB22))
GGuueesstt BBaatthhrroooomm
SShhoowweerr11 ((BB44))
"3
'1
Subroom: Hallway (2) Height: Sloped
102.42 SF Walls 13.23 SF Ceiling
115.65 SF Walls & Ceiling 11.74 SF Floor
9' 3"
12.18 LF Ceil. Perimeter 9.27 LF Floor Perimeter 9' 1"
Missing Wall 9' 1 5/16" X 10' 5" Opens into HALLWAY2
Missing Wall - Goes to Floor 1' 3 7/16" X 8' Opens into HALLWAY_2
Missing Wall - Goes to Floor 1' 3 7/16" X 9' Opens into HALLWAY
21
BBaatthhttuubb11 ((BB22))
SShhoowweerr22 ((BB33))
GGaarraaggee iinntteerriioorr
State Farm
CHEN, KENNETH 75-79J8-65X
VVaanniittyy44 ((BB11))
MMaasstteerr BBaatthhrroooomm
BBeeddrroooomm
FFiirreeFFppiirrllaaeeccppeellaa22cc ((eeBB11))
SSttaaiirrss ((11))
ppUU
GGrreeaatt RRoooomm 22
LLiinneenn CClloosseett
9' 1"
UUppLLppooeewwrr eeCCrr aaCCbbaaiinnbb99ii11 ((33BB ((11BB2288)))) IIssllaanndd33 ((BB3333)) LLUUooppwwppeeeerrrr CCCCaaaabbbbiiii1111 55((BB ((22BB4422))66)) SShhoowweerr66 ((BB55)) VVaanniittyy88 ((BB11)) MMaasstteerr CClloosseett MMaasstteerr CClloosseett HHeerrss
UUppppeerr CCaabbiinn88 ((BB1111)) SShhoowweerrSS33 hh((ooBBww44))eerr44 ((BB33)) GGuueesstt RRoooomm CClloosseett ((22))
LLoowweerr CCaabbii1122 ((BB77)) LLUUoowwppppeeeerr rrCC CCaaaabbbbii11ii119944 (( BB((BB22OO2233ff55))ff))iiccee CClloosseett SShhoowweerr77 ((BB66)) OOffffiiccee BBaatthh HHaallllwwaayy
IIssllaanndd22 ((BB3322))
FFooyyeerr
GGuueesstt RRoooomm
UUppppeerr CCaabbiinn66 ((BB99)) FFuullll HHeeiigghhtt33 ((BB2211)) UUttiilliittyy RRoooomm
UUppLLppooeewwrr eeCCrr aaCCbbaaiinnbb77iinn ((99BB ((11BB0055)))) KKiittcchheenn FFuullll HHeeiigghhtt44 ((BB2222)) FFuullll HHeeiigghhtt22 ((BB66LL))oowweerr CCaabbiinn22 ((BB22)) UUppppeerr CCaabbiinn22 ((BB11))
OOvveerr FFrriiddggee11 ((BB2277))
LLoowweerr CCaabbii1188 ((BB2200)) GGuueesstt BBeeddrroooomm CClloosseett GGuueesstt BBeeddrroooomm
LLoowweerr CCaabbiinn55 ((BB33)) UUppppeerr CCaabbii33 ((BB2299)) UUppppeerr CCaabbii44 ((BB3311))
LLoowweerr CCaabbii1177 WW((BBDD11LL88oo))wweerr CCaabbii1155 ((BB1155))
LLoowweerr CCaabbiinn44 ((BB44))
UUppppeeLLrroo CCwwaaeebbrrii 11CC11aa bb((BBii11336600 WW(())BBDD1177))LLoowweerr CCUUaappbbppii11ee44rr CC((BBaa11bb44ii22)) ((BB2288)) OOffffiiccee
VVaanniittyy11 ((BB11))
VVaanniittyy33 ((BB22))
GGuueesstt BBaatthhrroooomm
SShhoowweerr11 ((BB44))
Date: 4/15/2025 7:27 AM Page: 21
"8
Subroom: Hallway (3) Height: Sloped
16.75 SF Walls 9.14 SF Ceiling
25.89 SF Walls & Ceiling 6.07 SF Floor
11.12 LF Ceil. Perimeter
Missing Wall 9' 1 5/16" X 12' 6" Opens into HALLWAY_1
Missing Wall - Goes to Floor 8" X 8' Opens into HALLWAY_2
BBaatthhttuubb11 ((BB22))
SShhoowweerr22 ((BB33)) Missing Wall 9' 1 5/16" X 12' 6" Opens into HALLWAY1 GGaarraaggee iinntteerriioorr
Missing Wall - Goes to Floor 8" X 9' Opens into HALLWAY
VVaanniittyy44 ((BB11))
MMaasstteerr BBaatthhrroooomm BBeeddrroooomm
SStt pp aa UU iirrss ((11)) 9"
FFiirreeFFppiirrllaaee
5
ccpp
'
eellaa22cc ((eeBB11))
GGrreeaatt RRoooomm 22 1' 3" 5' 6" 7' 3" LLiinneenn CClloosseett
UULLppppooeewwrr eeCCrr aaCCbbaaiinnbb99ii11 ((33BB ((11BB2288))II))ssllaanndd33 ((BB3333LL))UUooppwwppeeeerrrr CCCCaaaabbbbiiii1111 55(( BB((BB224422))66)) SShhoowweerr66 ((BB55)) VVaanniittyy88 ((BB11)) MMaasstteerr CClloosseett MMaasstteerr CClloosseett HHeerrss
UUppppeerr CCaabbiinn88 ((BB1111)) SShhoowweeSSrrhh33oo ((wwBBee44rr))44 ((BB33)) GGuueesstt RRoooomm CClloosseett ((22))
LLoowweerr CCaabbii1122 ((BB77))
LLUUoowwppppeeeerrrr CC CCaaaabbbbii11ii119944 OO(( ((BBBBff22ff22ii33cc55))ee)) CClloosseettSShhoowweerr77 ((BB66))
OOffffiiccee BBaatthh
HHaallllwwaayy
IIssllaanndd22 ((BB3322))
FFooyyeerr GGuueesstt RRoooomm
UUppppeerr CCaabbiinn66 ((BB99)) FFuullll HHeeiigghhtt33 ((BB2211)) UUttiilliittyy RRoooomm
UULLppppooeewwrr eeCCrr aaCCbbaaiinnbb77iinn ((99BB ((11BB0055)))) KKiittcchheenn FFuullll HHeeiigghhtt44 ((BB2222)) FFuullll HHeeiigghhtt22 LL((BBooww66))eerr CCaabbiinn22 ((BB22))
UUppppeerr CCaabbiinn22 ((BB11))
OOvveerr FFrriiddggee11 ((BB2277))
UULLppooppwweerree rrCC CCaabbaaiibb44ii nn((55BB 33((BB11))33)) LLoo UU ww pp ee pp rr ee rr CC CC aabb aa ii bb 11 ii 88 33 (( (( BB BB 22 22 00 99 )) )) GGuueesstt BBeeddrroooomm CClloosseett GGuueesstt BBeeddrroooomm
LLUUooppwwpp LL LLeeeerr oo oorr ww wwCCCCaa ee eeaabb rr rrbb ii CC CCiinn11 aa aa4411 bb bb (( ii ii((BB 11 11BB 77 6644W W W W33 LL ))D D D D00 (( (( BB BB oo )) ww LL 11 11 88 77oo ee)) )) rr ww CC eerr aa UU bb CC ii ppaa 11 ppbb 55 eeii rr11 (( BB 44CC 11 aa(( 55 BBbb )) ii112244 (())BB2288)) OOffffiiccee
VVaanniittyy11 ((BB11))
VVaanniittyy33 ((BB22))
GGuueesstt BBaatthhrroooomm
SShhoowweerr11 ((BB44))
"6
'4 6' 2" 7' 8"
5' 10" 7' 8"
"8 '2 "6 '2
"3
'1
Subroom: Hallway (1) Height: Peaked
153.82 SF Walls 64.13 SF Ceiling
217.96 SF Walls & Ceiling 63.02 SF Floor
25.43 LF Ceil. Perimeter 14.38 LF Floor Perimeter
Missing Wall 7' 2 7/8" X 12' Opens into GREAT_ROOM1
Missing Wall - Goes to Ceiling 5' 5 7/8" X 9' Opens into FIREPLACE
Missing Wall 4' 5 11/16" X 12' Opens into GREAT_ROOM_2
BBaatthhttuubb11 ((BB22))
Missing Wall - GoesSS hhtoooww eeFrr22l ((oBBo33))r 6' 1 15/16" X 9' 10" Opens into FOYER
GGaarraaggee iinntteerriioorr Missing Wall - Goes to Floor 1' 3 7/16" X 9' Opens into HALLWAY1
Missing Wall - Goes to Floor 8" X 9' Opens into HALLWAY2
Missing Wall - Goes to Floor 2' 8 1/4" X 9' Opens into HALLWAY_1
VVaanniittyy44 ((BB11))
MMaasstteerr BBaatthhrroooomm
BBeeddrroooomm
FFiirreeFFppiirrllaaeeccppeellaa22cc ((eeBB11))
SSttaaiirrss ((11))
ppUU
GGrreeaatt RRoooomm 22
LLiinneenn CClloosseett
UUppLLppooeewwrr eeCCrraa CCbbiiaannbb99ii11 ((33BB ((11BB2288)))) IIssllaanndd33 ((BB3333)) LLUUooppwwppeeeerrrr CCCCaaaabbbbiiii1111 55((BB ((22BB4422))66)) SShhoowweerr66 ((BB55)) VVaanniittyy88 ((BB11)) MMaasstteerr CClloosseett MMaasstteerr CClloosseett HHeerrss
UUppppeerr CCaabbiinn88 ((BB1111)) SShhoowweerr33SS ((hhBBoo44ww))eerr44 ((BB33)) GGuueesstt RRoooomm CClloosseett ((22))
LLUUoowwppppeerree rrCC CCaabbaabbii11ii119944 (( BB((BB222233OO55))))ffffiiccee CClloosseett SShhoowweerr77 ((BB66)) HHaallllwwaayy
LLoowweerr CCaabbii1122 ((BB77)) OOffffiiccee BBaatthh
IIssllaanndd22 ((BB3322))
FFooyyeerr
GGuueesstt RRoooomm
UUppppeerr CCaabbiinn66 ((BB99)) FFuullll HHeeiigghhtt33 ((BB2211)) UUttiilliittyy RRoooomm
UUppLLppooeewwrr eeCCrraa CCbbiiaannbb77iinn ((99BB ((11BB0055)))) KKiittcchheenn
FFuullll HHeeiigghhtt44 ((BB2222)) FFuullll HHeeiigghhtt22 ((BB66))LLoowweerr CCaabbiinn22 ((BB22))
UUppppeerr CCaabbiinn22 ((BB11))
OOvveerr FFrriiddggee11 ((BB2277))
LLoowweerr CCaabbii1188 ((BB2200)) GGuueesstt BBeeddrroooomm CClloosseett GGuueesstt BBeeddrroooomm
LLoowweerr CCaabbiinn55 ((BB33)) UUppppeerr CCaabbii33 ((BB2299))
UUppppeerr CCaabbii44 ((BB3311))
LLoowweerr CCaabbii1177 ((WWBBDD1188))LLoowweerr CCaabbii1155 ((BB1155))
LL UU ooww pppp ee ee rr LL rr CC ooCC aa wwaa bb eebb iinn rrii 11 44 CC11 (( aa BB ((bbBB 44 ii1133 )) 6600 ))((WWBBDD1177)) LLoowweerr CCUUaabbppiipp11ee44rr (( CCBBaa11bb44ii))22 ((BB2288)) OOffffiiccee
VVaanniittyy11 ((BB11))
VVaanniittyy33 ((BB22))
GGuueesstt BBaatthhrroooomm
SShhoowweerr11 ((BB44))
"6
'2
9' 1"
"8
'2
Subroom: Hallway 2 (4) Height: Sloped
129.72 SF Walls 24.95 SF Ceiling
154.66 SF Walls & Ceiling 22.96 SF Floor
23.69 LF Ceil. Perimeter 9.11 LF Floor Perimeter
Missing Wall 9' 1 5/16" X 12' Opens into HALLWAY2
Missing Wall - Goes to Floor 2' 6 1/4" X 8' Opens into HALLWAY_2
Missing Wall - Goes to Floor 2' 6 1/4" X 9' Opens into HALLWAY
DESCRIPTION QUANTITY UNIT PRICE TAX RCV
** FLOORING **
98. HEPA Vacuuming - Detailed - (PER SF) 224.40SF 0.81 0.00 181.76
99. Clean floor - tile 224.40SF 0.95 1.49 214.67
22
State Farm
CHEN, KENNETH 75-79J8-65X
CONTINUED - Hallway
DESCRIPTION QUANTITY UNIT PRICE TAX RCV
** WALLS **
100. HEPA Vacuuming - Detailed - (PER SF) 684.81SF 0.81 0.00 554.70
101. Clean the walls 684.81SF 0.57 0.65 390.99
102. Clean door / window opening (per side) 4.00EA 21.03 0.02 84.14
103. Clean door (per side) 4.00EA 11.59 0.08 46.44
104. Clean door hardware 4.00EA 10.72 0.08 42.96
105. Clean thermostat 1.00EA 20.69 0.00 20.69
** CEILING **
106. HEPA Vacuuming - Detailed - (PER SF) 232.06SF 0.81 0.00 187.97
107. Clean the ceiling 232.06SF 0.57 0.22 132.49
108. Clean recessed light fixture 5.00EA 17.15 0.04 85.79
109. Clean smoke/carbon monoxide detector 1.00EA 10.12 0.00 10.12
110. Clean cold air return cover 1.00EA 14.08 0.01 14.09
111. Clean door / window opening (per side) 1.00EA 21.03 0.00 21.03
112. Clean roof window or skylight 1.00EA 54.66 0.01 54.67
Totals: Hallway 2.60 2,042.51
BBaatthhttuubb11 ((BB22))
SShhoowweerr22 ((BB33))
GGaarraaggee iinntteerriioorr
VVaanniittyy44 ((BB11))
MMaasstteerr BBaatthhrroooomm
BBeeddrroooomm
FFiirreeFFppiirrllaaeeccppeellaa22cc ((eeBB11)) SSttaaiirrss ((11)) ppUU
GGrreeaatt RRoooomm 22
LLiinneenn CClloosseett
UULLppppooeewwrr eeCCrr aaCCbbaaiinnbb99ii11 ((33BB ((11BB2288))))IIssllaanndd33 ((BB3333))LLUUooppwwppeeeerrrr CCCCaaaabbbbiiii1111 55((BB ((BB224422))66)) SShhoowweerr66 ((BB55)) VVaanniittyy88 ((BB11)) MMaasstteerr CClloosseett MMaasstteerr CClloosseett HHeerrss
UUppppeerr CCaabbiinn88 ((BB1111)) SShhoowweeSSrr33hh oo((BBww44ee))rr44 ((BB33)) GGuueesstt RRoooomm CClloosseett ((22))
LLoowweerr CCaabbii1122 ((BB77)) LLUUoowwppppeeeerr rrCC CCaaaabbbbii11ii119944 (( BB((OOBB22ff22ff33ii55))cc))ee CClloosseett SShhoowweerr77 ((BB66)) OOffffiiccee BBaatthh Date: 4/15/2025 7:27 AM HHaallllwwaayy Page: 22
IIssllaanndd22 ((BB3322))
FFooyyeerr
GGuueesstt RRoooomm
UUppppeerr CCaabbiinn66 ((BB99)) FFuullll HHeeiigghhtt33 ((BB2211)) UUttiilliittyy RRoooomm
UULLppppooeewwrr eeCCrr aaCCbbaaiinnbb77iinn ((99BB ((11BB0055)))) KKiittcchheenn FFuullll HHeeiigghhtt44 ((BB2222)) FFuullll HHeeiigghhtt22 ((BBLLoo66ww))eerr CCaabbiinn22 ((BB22))
UUppppeerr CCaabbiinn22 ((BB11))
OOvveerr FFrriiddggee11 ((BB2277))
LLoowweerr CCaabbiinn55 ((BB33)) LLoo UU ww pp ee pp rr ee CC rr CC aabb aa ii bb 11 ii 88 33 (( (( BB BB 22 22 00 99 )) )) GGuueesstt BBeeddrroooomm CClloosseett GGuueesstt BBeeddrroooomm
UUppppeerr CCaabbii44 ((BB3311))
LLoowweerr CCaabbii1177WW ((DDLLBBoo11ww88))eerr CCaabbii1155 ((BB1155))
LLUUooppwwppeeLLeerrrroo CC wwCCaaeeaabbrrbbii iinnCC1144aa11 bb(( ((BBiiBB11446633))WW 00((DD))BB1177LL))oowweerr UUCCppaabbppiiee11rr44 CC ((aaBBbb11ii2244 ))((BB2288)) OOffffiiccee
VVaanniittyy11 ((BB11))
VVaanniittyy33 ((BB22))
GGuueesstt BBaatthhrroooomm
SShhoowweerr11 ((BB44))
"2 '1 "4 '1
"11
'2
"01
'3 11' 7"
11' 9"
"8
'01
"4
'01
6' 6"
'2
"01
'1
Master Bathroom Height: 8'
4' 9"
5' 1" 189.65 SF Walls 109.47 SF Ceiling
299.12 SF Walls & Ceiling 90.54 SF Floor
30.24 LF Ceil. Perimeter 26.91 LF Floor Perimeter
Door 2' 10 13/16" X 7' 10 7/8" Opens into BEDROOM
23
State Farm
CHEN, KENNETH 75-79J8-65X
4' 11"
4' 9"
BBaatthhttuubb11 ((BB22))
SShhoowweerr22 ((BB33))
GGaarraaggee iinntteerriioorr
VVaanniittyy44 ((BB11))
MMaasstteerr BBaatthhrroooomm
BBeeddrroooomm
FFiirreeFFppiillrraaeeccppeellaa22cc ((eeBB11))
SSttaaiirrss ((11))
ppUU
GGrreeaatt RRoooomm 22
LLiinneenn CClloosseett
UUppLLppooeewwrr eeCCrraa CCbbiiaannbb99ii11 ((33BB ((11BB2288)))) IIssllaanndd33 ((BB3333)) LLUUoowwppppeeeerrrr CC CCaaaabbbbii11ii11 ((55BB ((22BB4422))66)) SShhoowweerr66 ((BB55)) VVaanniittyy88 ((BB11)) MMaasstteerr CClloosseett MMaasstteerr CClloosseett HHeerrss
UUppppeerr CCaabbiinn88 ((BB1111)) SShhoowweerr33SS ((hhBBoo44ww))eerr44 ((BB33)) GGuueesstt RRoooomm CClloosseett ((22))
HHaallllwwaayy
LLooUUwwppeepprree CCrr CCaabbaaiibb11ii9911 44((BB ((BB223322))55OO))ffffiiccee CClloosseett SShhoowweerr77 ((BB66))
LLoowweerr CCaabbii1122 ((BB77)) OOffffiiccee BBaatthh
IIssllaanndd22 ((BB3322))
FFooyyeerr
GGuueesstt RRoooomm
UUppppeerr CCaabbiinn66 ((BB99)) FFuullll HHeeiigghhtt33 ((BB2211)) UUttiilliittyy RRoooomm
UUppLLppooeewwrr eeCCrraa CCbbiiaannbb77iinn ((99BB ((11BB0055)))) KKiittcchheenn FFuullll HHeeiigghhtt44 ((BB2222)) FFuullll HHeeiigghhtt22 ((BB66)) LLoowweerr CCaabbiinn22 ((BB22))
UUppppeerr CCaabbiinn22 ((BB11))
OOvveerr FFrriiddggee11 ((BB2277))
LLoowweerr CCaabbii1188 ((BB2200)) GGuueesstt BBeeddrroooomm CClloosseett GGuueesstt BBeeddrroooomm
LLoowweerr CCaabbiinn55 ((BB33)) UUppppeerr CCaabbii33 ((BB2299))
UUppppeerr CCaabbii44 ((BB3311))
LLoowweerr CCaabbii1177 ((WWBBDD1188))LLoowweerr CCaabbii1155 ((BB1155))
LLoowweerr CCaabbiinn44 ((BB44))
UUppppeeLLrr ooCCwwaaeebbrrii 11CC11aa ((bbBBii11336600 ))((WWBBDD1177)) LLoowweerr CCaaUUbbppii11pp44ee rr(( BBCC11aa44bb))ii22 ((BB2288))
OOffffiiccee
VVaanniittyy11 ((BB11))
VVaanniittyy33 ((BB22))
GGuueesstt BBaatthhrroooomm
SShhoowweerr11 ((BB44))
Date: 4/15/2025 7:27 AM Page: 23
"11
'3
'2
"1
'4
"01
'1
5' 1"
"11
'5
"3
'6
Subroom: Master Bathroom (2) Height: 8'
102.01 SF Walls 27.97 SF Ceiling
129.98 SF Walls & Ceiling
10.65 LF Ceil. Perimeter
Missing Wall - Goes to Ceiling 4' 1 1/8" X 4' 5" Opens into MASTER_BATH1
Missing Wall - Goes to Ceiling 1' 10" X 7' 8" Opens into MASTER_BATHR
Missing Wall - Goes to Ceiling 4' 8 11/16" X 7' 8" Opens into MASTER_BATHR
1' 1" 5' 9"
11" 7"
BBaatthhttuubb11 ((BB22))
SShhoowweerr22 ((BB33))
6' 6" GGaarraaggee iinntteerriioorr
VVaanniittyy44 ((BB11))
MMaasstteerr BBaatthhrroooomm
BBeeddrroooomm
FFiirreeppllaaccee22 ((BB11))
FFiirreeppllaaccee
SSttaaiirrss ((11))
ppUU
GGrreeaatt RRoooomm 22
LLiinneenn CClloosseett
UUppLLppooeewwrr eeCCrraa CCbbiiaannbb99ii11 ((33BB ((11BB2288)))) IIssllaanndd33 ((BB3333)) LLUUoowwppppeeeerr rrCC CCaaaabbbbii11ii11 ((55BB ((22BB4422))66)) SShhoowweerr66 ((BB55)) VVaanniittyy88 ((BB11)) MMaasstteerr CClloosseett MMaasstteerr CClloosseett HHeerrss
UUppppeerr CCaabbiinn88 ((BB1111)) SShhoowweerr33 SS((BBhhoo44ww))eerr44 ((BB33)) GGuueesstt RRoooomm CClloosseett ((22))
HHaallllwwaayy
LLooUUwwppeepprree CCrr CCaabbaaiibb11ii9911 44((BB ((BB223322))55)) SShhoowweerr77 ((BB66))
OOffffiiccee CClloosseett
LLoowweerr CCaabbii1122 ((BB77)) OOffffiiccee BBaatthh
IIssllaanndd22 ((BB3322))
FFooyyeerr
GGuueesstt RRoooomm
UUppppeerr CCaabbiinn66 ((BB99)) FFuullll HHeeiigghhtt33 ((BB2211)) UUttiilliittyy RRoooomm
UUppLLppooeewwrr eeCCrraa CCbbiiaannbb77iinn ((99BB ((11BB0055)))) KKiittcchheenn
FFuullll HHeeiigghhtt44 ((BB2222)) FFuullll HHeeiigghhtt22 ((BB66)) LLoowweerr CCaabbiinn22 ((BB22))
UUppppeerr CCaabbiinn22 ((BB11))
OOvveerr FFrriiddggee11 ((BB2277))
LLoowweerr CCaabbii1188 ((BB2200)) GGuueesstt BBeeddrroooomm CClloosseett GGuueesstt BBeeddrroooomm
LLoowweerr CCaabbiinn55 ((BB33)) UUppppeerr CCaabbii33 ((BB2299))
UUppppeerr CCaabbii44 ((BB3311))
LLoowweerr CCaabbii1177 ((WWBBDD1188))LLoowweerr CCaabbii1155 ((BB1155))
LLoowweerr CCaabbiinn44 ((BB44))
UUppppeeLLrr ooCCwwaabbeerrii11 CC11aa ((bbBBii11336600 ))((WWBBDD1177)) LLoowweerr CCaaUUbbiipp11pp44ee rr(( BBCC11aa44bb))ii22 ((BB2288))
OOffffiiccee
VVaanniittyy11 ((BB11))
VVaanniittyy33 ((BB22))
GGuueesstt BBaatthhrroooomm
SShhoowweerr11 ((BB44))
"11
'3
"1
'4
Subroom: Master Bathroom (1) Height: 8'
51.47 SF Walls 25.59 SF Ceiling
77.06 SF Walls & Ceiling
10.45 LF Ceil. Perimeter
Window 5' 1/8" X 5' 1/4" Opens into Exterior
Missing Wall - Goes to Ceiling 6' 6 1/4" X 6' 5" Opens into MASTER_BATHR
Missing Wall - Goes to Ceiling 3' 11 1/8" X 4' 5" Opens into MASTER_BATH2
DESCRIPTION QUANTITY UNIT PRICE TAX RCV
** FLOORING **
113. HEPA Vacuuming - Detailed - (PER SF) 90.54SF 0.81 0.00 73.34
114. Clean floor - tile 90.54SF 0.95 0.60 86.61
** WALLS **
115. HEPA Vacuuming - Detailed - (PER SF) 343.13SF 0.81 0.00 277.94
116. Clean the walls 343.13SF 0.57 0.33 195.91
117. Clean door / window opening (per side) 2.00EA 21.03 0.01 42.07
118. Clean door - French (per side) 1.00EA 36.03 0.01 36.04
119. Clean window unit (per side) 10 - 20 SF 1.00EA 24.40 0.00 24.40
** FIXTURES **
120. Clean vanity - inside and out 10.33LF 21.36 0.11 220.76
121. Clean countertop 10.33SF 1.19 0.02 12.31
122. Clean sink 2.00EA 21.03 0.01 42.07
24
State Farm
CHEN, KENNETH 75-79J8-65X
CONTINUED - Master Bathroom
DESCRIPTION QUANTITY UNIT PRICE TAX RCV
123. Clean sink faucet 2.00EA 15.65 0.00 31.30
124. Clean mirror 24.00SF 1.15 0.02 27.62
125. Clean light bar 3.00EA 29.78 0.03 89.37
126. Clean toilet 1.00EA 35.35 0.00 35.35
127. Clean toilet seat 1.00EA 7.62 0.00 7.62
128. Clean toilet paper dispenser 1.00EA 11.40 0.00 11.40
129. Clean towel bar 1.00EA 11.38 0.00 11.38
130. Clean tub 1.00EA 34.18 0.01 34.19
131. Clean shower 1.00EA 70.11 0.01 70.12
132. Clean tub / shower faucet 2.00EA 22.77 0.01 45.55
133. Clean shower door 2.00EA 28.79 0.02 57.60
** CEILING **
134. HEPA Vacuuming - Detailed - (PER SF) 163.04SF 0.81 0.00 132.06
135. Clean the ceiling 163.04SF 0.57 0.15 93.08
136. Clean recessed light fixture 4.00EA 17.15 0.03 68.63
137. Clean bathroom fan 1.00EA 45.53 0.00 45.53
138. Clean register - heat / AC 1.00EA 9.13 0.00 9.13
139. Clean door / window opening (per side) 1.00EA 21.03 0.00 21.03
140. Clean door (per side) 1.00EA 11.59 0.02 11.61
Totals: Master Bathroom 1.39 1,814.02
Date: 4/15/2025 7:27 AM Page: 24
BBaatthhttuubb11 ((BB22))
SShhoowweerr22 ((BB33))
GGaarraaggee iinntteerriioorr
VVaanniittyy44 ((BB11))
25
MMaasstteerr BBaatthhrroooomm BBeeddrroooomm
SSttppaaUUiirrss ((11))
FFiirreeFFppiirrllaaeeccppeellaa22cc ((eeBB11))
GGrreeaatt RRoooomm 22 LLiinneenn CClloosseett
UU UU LLpp pp ppoo pp eeww ee rr rr ee CC CC rr aa aa CCbb bb aaii ii bbnn nn ii99 88 11 33(( (( BB BB ((11 11 BBIIss22 11 88ll)) )) aa))nndd33 ((BB33LLUU33oopp))wwppeeeerrrr CCCCaaaabbbbiiii1111 55(( BB((BB224422))66)) S S S S h h h h o o o o w w w w SSe e e e hhr r r r 3 6 3 6 oo ww( ( ( ( B B B B eerr4 5 4 5 44 VV ) ) ) ) (( aa BB nnii 33 tt )) yy88 ((BB11)) GGuueesstt RRoooomm CClloosseett ((22)) State FMMaaassttreerrm CClloosseettMMaasstteerr CClloosseett HHeerrss
LLoowweerr CCaabbii1122 ((BBIIss77llaa))nndd22 ((BB
LL
33
UUoo
22
Cppww
))
ppeeeeHrrrr CC CCEaaaabbbbNiiii111199OO44, ff(( ((ffBBKBBiicc2222ee33E55 ))CC))N lloossSSN eehhttooEwweeTrr77H ((BB66))
OOffffiiccee BBaatthh
HHaallllwwaayy 75-79J8-65X
FFooyyeerr GGuueesstt RRoooomm
UUppppeerr CCaabbiinn66 ((BB99)) FFuullll HHeeiigghhtt33 ((BB2211)) UUttiilliittyy RRoooomm
UULLppppooeewwrree CCrr aaCCbbaaiibbnnii77nn 99((BB ((11BB0055))))KKiittcchheennFFuullll HHeeiigghhtt44 ((BB2222)) FFuullll HHeeiigghhttLL22oo ((wwBBee66UUrr)) CCppppaaeebbrrii nnCC22aa ((bbBBiinn2222)) ((BB11))
OOvveerr FFrriiddggee11 ((BB2277))
UULLppooppwweerree rrCC CCaabbaabbii44iinn ((55BB ((33BB1133)))) LLooUUwwppeepprree rrCC CCaabbaaiibb11ii8833 ((((BBBB22220099)))) GGuueesstt BBeeddrroooomm CClloosseett GGuueesstt BBeeddrroooomm
LLUUooppwwLL LLppeeee oo oorrrr ww ww CCCC ee eeaaaa rr rrbb bb CC CCiiiinn11 aa aa4411 bb bb ii ii(((( 11 11 LLBBBB 77 66 W W W W oo4433 D D D D LL ww(( (())00 BB BBoo)) ee11 11ww rr 88 77ee CC)) ))UUrr aa CCpp bb pp ii aa 11 eebb 55 rrii 11CC (( 44 BB aa 11 ((bbBB 55 ii22 )) 11 44((BB))2288)) OOffffiiccee VVaanniittyy11 ((BB11))
VVaanniittyy33 ((BB22))
GGuueesstt BBaatthhrroooomm
SShhoowweerr11 ((BB44))
Date: 4/15/2025 7:27 AM Page: 25
"3
'4
16' 5"
"2 '8
"3 '2
"11
'5
4' 1" 8' 7" 3' 9"
4' 5" 4' 1"
"11
'3
Office Height: Sloped
308.03 SF Walls 134.41 SF Ceiling
442.44 SF Walls & Ceiling 133.36 SF Floor BBaatthhttuubb11 ((BB22)) SShhoowweerr22 ((BB33)) 32.79 LF Ceil. Perimeter 32.66 LF Floor Perimeter
GGaarraaggee iinntteerriioorr
VVaanniittyy44 ((BB11))
MMaasstteerr BBaatthhrroooomm BBeeddrroooomm
SSttppaaUUiirrss ((11)) Window FFiirreeFFppiirrllaaeeccppeellaa22cc ((eeBB11)) 8' 7 1/8" X 5' Opens into Exterior
GGrreeaatt RRoooomm 22 LLiinneenn CClloosseett
UU UU LLpp pp oopp pp wwee ee rr rr ee CC CC rr aa aa CCbb bb aaii ii bbnn nn ii99 88 11 33(( (( BB BB II((ss11 11 BBll22 11 aa88nn)) )) ))dd33 ((BBLLUU33oopp33wwpp))eeeerrrr CCCCaaaabbbbiiii111155 (( BB((BB22224466)))) S S S S h h h h o o o o w w w w SSe e e e hhr r r r oo3 6 3 6 ww ( ( ( ( eeB B B B rrVV4 5 4 5 44) ) ) )aa ((nnBBiitt33yy))88 ((BB11)) GGuueesstt RRoooomm CClloosseett ((22)) MMaasstteerr CClloosseeMMttaasstteerr CClloosseett HHeerrss
LLoowweerr CCaabbii1122 II((ssBBllaa77nn))dd22 (( LL BB UUoo 33 ppww 22 pp )) eeeerrrr CCCCaaaabbbbiiii11OO119944ff ff ((((iiBBccBBee2222 33CC55))))llooSSsshheeoottwweerr77 ((BB66 OO )) ffffiiccee BBaatthh HHaallllwwaayy
UUppppeerr CCaabbiinn66 ((BB99)) FFuullll HHeeiigghhtt33 ((BB2211)) FFooyyeerr GGuueesstt RRoooomm UUttiilliittyy RRoooomm UULLppooppwweerree CCrr aaCCbbaaiibbnnii77nn 99((BB ((11BB0055KK))))iittcchheeFFnnuullll HHeeiigghhtt44 ((BB2222)) FFuullll HHeeiigghhLLttoo22ww ((BBeeUUrr66 ppCC))ppaaeebbrrii CCnn22aa bb((BBiinn2222)) ((BB11)) OOvveerr FFrriiddggee11 ((BB2277))
UULLppooppwweeeerr rrCC CCaaaabbbbii44iinn ((55BB ((33BB1133)))) LLUUoowwppppeerree rrCC CCaabbaabbii11ii3388 ((((BBBB22229900)))) GGuueesstt BBeeddrroooomm CClloosseett GGuueesstt BBeeddrroooomm
LLUUooppwwLL LLppeeoo ooeerrrr ww ww CCCC ee eeaarr rraa bbbb CC CCiiiinnaa aa11 bb bb4411 LLii ii (1(1 11(( ooBBBB W W W W 77 66LL wwD D D D4 4 33oo (( (( ee))00 BB BBww rr )) 11 11ee CC UU 88 77rr aa)) ))ppCC bb ppaa ii ee 11 bbrr 55 ii 11CC (( 44 BB aa bb(( 11 BBii 55 2211 )) ((44BB))2288)) OOffffiiccee
VVaanniittyy11 ((BB11))
VVaanniittyy33 ((BB22))
GGuueesstt BBaatthhrroooomm
SShhoowweerr11 ((BB44))
"5 "1 '3
'2
3' 1" 3' 1" 3' 3' 9" 3' 3" "7 '5 "5 '5
Subroom: Office (1) Height: Sloped
209.62 SF Walls 89.73 SF Ceiling
299.34 SF Walls & Ceiling 89.45 SF Floor 43.75 LF Ceil. Perimeter 18.20 LF Floor Perimeter
16' 5"
Door 3' 7/8" X 7' 11 11/16" Opens into FOYER
Door 2' 11 13/16" X 8' 1/16" Opens into OFFICE_BATH
Door 3' 5/8" X 7' 11 1/4" Opens into OFFICE_CLOSE
Missing Wall 16' 4 13/16" X 10' Opens into OFFICE1
DESCRIPTION QUANTITY UNIT PRICE TAX RCV
** FLOORING **
141. HEPA Vacuuming - Detailed - (PER SF) 222.81SF 0.81 0.00 180.48
142. Clean floor 222.81SF 0.69 0.21 153.95
** WALLS **
143. HEPA Vacuuming - Detailed - (PER SF) 517.65SF 0.81 0.00 419.30
144. Clean the walls 517.65SF 0.57 0.49 295.55
145. Clean door / window opening (per side) 4.00EA 21.03 0.02 84.14
146. Clean door - French (per side) 3.00EA 36.03 0.03 108.12
147. Clean door hardware 2.00EA 10.72 0.04 21.48
148. Clean window unit (per side) 10 - 20 SF 3.00EA 24.40 0.01 73.21
149. Clean register - heat / AC 2.00EA 9.13 0.00 18.26
150. Clean thermostat 1.00EA 20.69 0.00 20.69
** CEILING **
151. HEPA Vacuuming - Detailed - (PER SF) 224.13SF 0.81 0.00 181.55
26
State Farm
CHEN, KENNETH 75-79J8-65X
CONTINUED - Office
BBaatthhttuubb11 ((BB22)) DESCRIPTION QUANTITY UNIT PRICE TAX RCV
SShhoowweerr22 ((BB33))
152. Clean the ceiling 224.13SF 0.57 0.21 127.96
GGaarraaggee iinntteerriioorr
153. Clean recessed light fixture 6.00EA 17.15 0.05 102.95
154. Clean light fixture 1.00EA 17.13 0.01 17.14
CONTENT MANIPULATION
155. Content Manipulation charge - per hour 1.00HR 61.77 0.00 61.77
VVaanniittyy44 ((BB11)) to facilitate cleaning of the room by moving things in place
MMaasstteerr BBaatthhrroooomm Totals: Office 1.07 1,866.55
BBeeddrroooomm
FFiirreeppllaaccee22 ((BB11))
FFiirreeppllaaccee
SSttaaiirrss ((11))
1' 10" ppUU
GGrreeaatt RRoooomm 22
LLiinneenn CClloosseett
SShhoowweerr66 ((BB55))
MMaasstteerr CClloosseett MMaasstteerr CClloosseett HHeerrss
UUppLLppooeewwrr eeCCrraa CCbbiiaannbb99ii11 ((33BB ((11BB2288)))) IIssllaanndd33 ((BB3333)) LLUUoowwppppeeeerr rrCC CCaaaabbbbii11ii11 ((55BB ((22BB4422))66))
VVaanniittyy88 ((BB11))
UUppppeerr CCaabbiinn88 ((BB1111)) SShhoowweerr33 SS((BBhh44oo))wweerr44 ((BB33)) GGuueesstt RRoooomm CClloosseett ((22))
HHaallllwwaayy
SShhoowweerr77 ((BB66))
LLooUUwwppeepprree CCrr CCaabbaaiibb11ii9911 44((BB ((BB223322))55))
OOffffiiccee CClloosseett
OOffffiiccee BBaatthh
LLoowweerr CCaabbii1122 ((BB77))
IIssllaanndd22 ((BB3322))
FFooyyeerr
GGuueesstt RRoooomm
UUppppeerr CCaabbiinn66 ((BB99)) FFuullll HHeeiigghhtt33 ((BB2211)) UUttiilliittyy RRoooomm
UUppLLppooeewwrr eeCCrraa CCbbiiaannbb77iinn ((99BB ((11BB0055)))) KKiittcchheenn
FFuullll HHeeiigghhtt44 ((BB2222)) FFuullll HHeeiigghhtt22 ((BB66)) LLoowweerr CCaabbiinn22 ((BB22))
UUppppeerr CCaabbiinn22 ((BB11))
OOvveerr FFrriiddggee11 ((BB2277))
Date: 4/15/2025 7:27 AM Page: 26
LLoowweerr CCaabbii1188 ((BB2200)) GGuueesstt BBeeddrroooomm CClloosseett GGuueesstt BBeeddrroooomm
LLoowweerr CCaabbiinn55 ((BB33)) UUppppeerr CCaabbii33 ((BB2299))
UUppppeerr CCaabbii44 ((BB3311))
LLoowweerr CCaabbii1177 ((WWBBDD1188)) LLoowweerr CCaabbii1155 ((BB1155))
LLoowweerr CCaabbiinn44 ((BB44))
UUppppeerrLL CCoowwaabbeeiirr11 CC11 aa((bbBBii33110066)) ((WWBBDD1177)) LLoowweerr CCaaUUbbiipp11pp44ee ((rrBB CC11aa44bb))ii22 ((BB2288))
OOffffiiccee
VVaanniittyy11 ((BB11))
VVaanniittyy33 ((BB22))
GGuueesstt BBaatthhrroooomm
SShhoowweerr11 ((BB44))
"7
'2
"5
'2
1' 10"
"3
'2
"6
Linen Closet Height: 8'
49.63 SF Walls 3.67 SF Ceiling
53.30 SF Walls & Ceiling 3.67 SF Floor
7.89 LF Ceil. Perimeter 5.87 LF Floor Perimeter
Door 2' 3/16" X 6' 8 5/16" Opens into MASTER_CLOS5
DESCRIPTION QUANTITY UNIT PRICE TAX RCV
** FLOORING **
156. HEPA Vacuuming - Detailed - (PER SF) 3.67SF 0.81 0.00 2.97
157. Clean floor 3.67SF 0.69 0.00 2.53
** WALLS **
158. HEPA Vacuuming - Detailed - (PER SF) 49.63SF 0.81 0.00 40.20
159. Clean the walls 49.63SF 0.57 0.05 28.34
160. Clean door / window opening (per side) 1.00EA 21.03 0.00 21.03
161. Clean door (per side) 1.00EA 11.59 0.02 11.61
27
State Farm
CHEN, KENNETH 75-79J8-65X
CONTINUED - Linen Closet
DESCRIPTION QUANTITY UNIT PRICE TAX RCV
162. Clean closet shelf and rod per lineal foot 2.45LF 1.73 0.01 4.25
** CEILING **
163. HEPA Vacuuming - Detailed - (PER SF) 3.67SF 0.81 0.00 2.97
164. Clean the ceiling 3.67SF 0.57 0.00 2.09
Totals: Linen Closet 0.08 115.99
BBaatthhttuuSSbbhh11oo ((wwBBee22rr))22 ((BB33))
GGaarraaggee iinntteerriioorr
VVaanniittyy44 ((BB11))
MMaasstteerr BBaatthhrroooomm BBeeddrroooomm SSttppaaUUiirrss ((11)) FFiirreeFFppiirrllaaeeccppeellaa22cc ((eeBB11)) GGrreeaatt RRoooomm 22 LLiinneenn CClloosseett
UUUULLppppooppppwweeeerrrree rrCCCC CCaaaabbbbaaIIiiiissbbnnnnlliiaa998811UUnnLL 33((((ddoopp BBBB((33wwppBB1111 ee((ee221188BBrrrr)))) )) CC33CC33aaaa))bbbbiiii111155S S S S (( h h h h((BBSSo o o oBB22hhw w w w2244oo66e e e e))wwVVr r r r))3 6 3 6eeaa rrnn( ( ( (44B B B Biitt yy((4 5 4 5BB88) ) ) ) 33(())BB11))GGuueesstt RRoooomm CClloosseett ((22)) MMaasstteeMMrr CCaassllttooeessrree CCttlloosseett HHeerrss LLoowweerr CCaaIIssbblliiaa11LLUU nn22oo dd pp ww((22 ppBB eeee ((77rr BB rr ))CCCC 33OO22 aaaabbff)) bbffiiiiii1111cc9944SSee hh((CC((BBooBBllww22oo2233ss55eeee))rr))OOtt77ff ((ffBBiicc66ee)) BBaatthh HHaallllwwaayy
UUUULLppppooppppwweeeerreerr rr C CCC CCaaaabbaabbiibbiinnnnii77nnKK66F F F F 99 ( (iiu u u u (( BBtt((BBl l l lccBB l l l l11hh 99H H H H0055ee))))))nne e e e i i i i g g g g h h h h t t t t 3 4 3 4 ( ( ( ( B B B B 2 2 2 2 1 2 1 2 ) ) ) ) FFooyyeerr GGuueesstt RRoooomm FFuullll HHLLooeeUUiiwwggppeehh UU prprtt 22ee tt CC ii rr ll ((aa ii BBCC tt bb yy 66iiaa nn))bb RR 22ii oo nn (( oo 22BB mm ((22BB))11))
OOvveerr FFrriiddggee11 ((BB2277))
UULL UULLppooLLLLoopp ppww wwoooopp eewwwwee ee eerr rr rr rreeee CC CC CCrrrrCCLLaa LLaaCCCC aaooaabb bb bb oobbwwaaaa ii ii 44ii wwiibbbbUU11 nnee LL nn iiii (( 11 UU55rree44pp1111WWWW ooBBDDDD rr CC pp7766 wwpp (( (( ((33 BBCC BB ee BB pp aa ee (((( 11 rrbb ee 33BBBBaa 33rr 44 )) CC rr bbii00 )) ))1111 CC 11 ii)) CC aa88771155 aa bb)) aa ))44 bb ((ii bb ii 22BB(( 11ii BB 33 11(( 88 BB 1155 ((((BB 44))22 BB ))88OO 2222 )) 99 ff 00)) ff )) iiccee GGuueesstt BBeeddrroooomm CCGGlloouusseeeesstttt BBeeddrroooomm
VVaanniittyy11 ((BB11))
VVaanniittyy33 ((BB22))
GGuueesstt BBaatthhrroooomm
SShhoowweerr11 ((BB44))
Date: 4/15/2025 7:27 AM Page: 27
"5 '2 30' 9"
"8
"7
'4 14' 2" 16' 9" 6' 4" 4' 8"4' 9"
"6
'4
Great Room 2 Height: Peaked
301.64 SF Walls 235.69 SF Ceiling
537.33 SF Walls & Ceiling 228.34 SF Floor
72.82 LF Ceil. Perimeter 22.78 LF Floor Perimeter
Door 4' 7 1/2" X 7' 8" Opens into Exterior
Window 4' 7" X 1' 10" Opens into Exterior
Missing Wall - Goes to Floor 14' X 11' Opens into KITCHEN4
Missing Wall 4' 5 11/16" X 11' 6" Opens into HALLWAY
BBaatthhttuubbSS11hh ((ooBBww22ee))rr22 ((BB33))
GGaarraaggee iinntteerriioorr
VVaanniittyy44 ((BB11))
MMaasstteerr BBaatthhrroooomm BBeeddrroooomm
SSttppaaUUiirrss ((11)) FFiirreeFFppiirrllaaeeccppeellaa22cc ((eeBB11))
GGrreeaatt RRoooomm 22 LLiinneenn CClloosseett
UUUULLppppooppppwweeeerrrree rrCCCC CCaaaabbbbaaiiiibbIInnnnssii998811llaa 33((((nn BBBBUULL((ddBB111133oopp221188 wwpp(())))))BBeeeerrrr33 CC33CC))aaaabbbbiiii111155 (( S S S SBB((BBh h h h22o o o o22SS44w w w w66hh))))ooe e e e wwr r r rVV3 6 3 6 ee aa( ( ( ( rrnnB B B B 44ii 4 5 4 5tt((yyBB) ) ) )8833 (())BB11)) GGuueesstt RRoooomm CClloosseett ((22)) MMaasstteerrMM CCaalloossttsseeeerrtt CClloosseett HHeerrss
LLoowweerr CCaabbIIssii11llaa22nn LL UU((dd ooBB22 ppww77 pp (())ee BB eerrrr 33 CCCC 22 aa )) OOaabbbbffiiiiff1111iicc9944ee ((SS(( BBCCBBhh22lloo22oo33ww55ss))))eeeettrr77OO ((ffBBffii66ccee)) BBaatthh HHaallllwwaayy
UU UU LLpp pp oopp pp wwee ee rree rr rr C C CC CCaa aa bbaa bb iibb ii nn nn ii77nn 66 99KK ( ( (( BB F F F F(( BB iittBB11 u u u ucc 99 0055 l l l lhh ))l l l l))))ee H H H Hnn e e e e i i i i g g g g h h h h t t t t 3 4 3 4 ( ( ( ( B B B B 2 2 2 2 1 2 1 2 ) ) ) ) FFooyyeerr GGuueesstt RRoooomm FFuullll HHLLeeooiiggwwUUhheepptt UU 22rrpp CC tt ee(( ii BBrr ll aa ii bbCC66 ttyy ii))aann RR bb22ii oo nn(( oo BB22 mm 22((BB))11)) OOvveerr FFrriiddggee11 ((BB2277))
UULL LLUU ppoo ooLLLLpp ppww wwppooooeeee eewwwwee rrrr rrrr CC eeee CC CCCCrrrraa aa LLaaaa bb CCCC bb bbbbLLooii aaaa44ii iiiiwwoo nn 11bbbbnn (( ww 55 11iiii44eeUU BB 1111WWWW LL rrDDDD ee (( ((6767(( UU pp 33 ooBB BBrrCCBB pp 11 ww (((( pp CC 33 33aa44BBBBee ))pp)) bb00 ee ))rraa1111 ee rr ii))bbCC11 7878 rrCC ii 55))))11aa CCaa bb44(( aabb ii BB bb 22(( ii BB 11ii 11 33 (( 88 5511BB )) (( 44 (( 22 BBBB ))88 2222 )) 99 OO 00)))) ffffiiccee GGuueesstt BBeeddrroooomm CCllooGGsseeuutteesstt BBeeddrroooomm
VVaanniittyy11 ((BB11))
VVaanniittyy33 ((BB22))
GGuueesstt BBaatthhrroooomm
SShhoowweerr11 ((BB44))
"8
'5
30' 11" "5
'5
Subroom: Great Room 2 (5) Height: Sloped
13.87 SF Walls 179.72 SF Ceiling
193.59 SF Walls & Ceiling 179.20 SF Floor
36.72 LF Ceil. Perimeter 0.38 LF Floor Perimeter
30' 9"
Missing Wall 5' 7 5/8" X 11' Opens into GREAT_ROOM
Missing Wall 30' 10 13/16" X 11' Opens into GREAT_ROOM_3
Door 5' 5" X 7' 8" Opens into Exterior
Window 5' 5" X 1' 10" Opens into Exterior
Missing Wall 30' 8 13/16" X 11' Opens into GREAT_ROOM_2
28
State Farm
CHEN, KENNETH 75-79J8-65X
BBaatthhttuubbSS11hh ((ooBBww22ee))rr22 ((BB33))
GGaarraaggee iinntteerriioorr
VVaanniittyy44 ((BB11)) MMaasstteerr BBaatthhrroooomm BBeeddrroooomm
SSttppaaUUiirrss ((11)) FFiirreeFFppiirrllaaeeccppeellaa22cc ((eeBB11))
GGrreeaatt RRoooomm 22 LLiinneenn CClloosseett
UUUULLppppooppppwweeeerrrree rrCCCC CCaaaabbbbaaiiiibbIInnnnssii9988ll11aa 33((((nn BBBBUULLdd((BB111133oopp2211 ww88pp(())))))eeBBeerrrr33 CC33CC))aaaabbbbiiii111155 (( S S S SBB((BBh h h h22o o o o SS2244w w w w66hh))))ooe e e e wwr r r rVV3 6 3 6 ee aa( ( ( ( rrnnB B B B 44ii 4 5 4 5tt((yyBB) ) ) )8833 (())BB11)) GGuueesstt RRoooomm CClloosseett ((22)) MMaasstteerrMM CCaalloossttsseeeerrtt CClloosseett HHeerrss
LLoowweerr CCaabbIIssiill11aa22nn LL UU dd((ooBB22 ppww 77pp (( ee))ee BB rrrr 33 CCCC 22 aaOO )) aabbbbffiiiiff1111iicc9944ee SS(((( BBCCBBhh22ooll22oo33ww55ss))))eeeettrr77OO ((ffBBffiicc66ee)) BBaatthh HHaallllwwaayy
UU UU LLpp pp oopp pp wwee ee rree rr rr C C CC CCaa aa bbaa bb iibb ii nn nn ii77nn 66 99KK ( ( (( BB F F F Fii(( BB ttBB u u u u11cc 99l l l l00hh55 ))l l l l)) ee)) H H H Hnn e e e e i i i i g g g g h h h h t t t t 3 4 3 4 ( ( ( ( B B B B 2 2 2 2 1 2 1 2 ) ) ) ) FFooyyeerr GGuueesstt RRoooomm FFuullll HHLLeeooiiggwwUUhheepptt UU rr22pp CC tt ee(( ii rrBB ll aa ii CCbb tt 66 yy ii))aann RR bb22ii oo nn(( oo BB22 mm 22((BB))11))
OOvveerr FFrriiddggee11 ((BB2277))
UULL LLUU ppoo ooLLLLpp ppww wwppoooo eeee eewwwwee rrrr rrrr CC eeee CC CCCCrrrr aa LL aa aaaaCCCC bbbb bbLLbbooiiaaaa 44ii iiiiwwoo nn bbbb11nn ww ((55 iiii11ee44UU BB1111 LL WWWW rr DDDD ee (( ((7766 UU pp(( 33 oo rr BB CCBBBB pp 11 wwpp ((((CC 33 aa33ee44BBBB ))ppee bb )) 00rraa)) ee 1111 rr iibb))CC rr 118877 CC ii 55))1)1)aa CCaa bb44 aa (( bb ii BB bb 22(( ii11 BB ii 11 33 (( 88 5511BB (( ))44 (( 22 BBBB ))88 2222 )) 99 OO 00)))) ffffiiccee GGuueesstt BBeeddrroooomm CCllooGGsseeuutteesstt BBeeddrroooomm
VVaanniittyy11 ((BB11))
VVaanniittyy33 ((BB22))
GGuueesstt BBaatthhrroooomm
SShhoowweerr11 ((BB44))
Date: 4/15/2025 7:27 AM Page: 28
"9
'5
30' 11"
"2
'6
Subroom: Great Room 2 (1) Height: Sloped
18' 5" 16' 2"
8' 23' 7"
133.45 SF Walls 193.16 SF Ceiling
18' 5" 12' 11"
7"7' 1" 7' 1" 11' 11" 10" 326.61 SF Walls & Ceiling 191.34 SF Floor
18' 1" 37.15 LF Ceil. Perimeter BBaatthh5tt.uu21bb11L F((BB F22lo))or Perimeter
7' 8"
18' 1" SShhoowweerr22 ((BB33))
Door 5' 9" X 7' 8" Opens into Exterior
GGaarraaggee iinntteerriioorr
Window 5' 9" X 1' 10" Opens into Exterior
Missing Wall 30' 10 13/16" X 11' Opens into GREAT_ROOM_1
Missing Wall 6' 2 5/16" X 11' Opens into GREAT_ROOM2
Door 7' 13/16" X 7' 8" Opens into Exterior
Window 7' 1" X 1' 10" Opens into Exterior
Door 7' 1" X 7' 8" Opens into Exterior
Window 7' 1" X 1' 10" Opens into Exterior
VVaanniittyy44 ((BB11))
Door 11' 11 3/4" X 7' 8" Opens into Exterior
Window 11' 11" X 1' 10" Opens into Exterior
MMaasstteerr BBaatthhrroooomm
BBeeddrroooomm
FFiirreeppllaaccee22 ((BB11))
FFiirreeppllaaccee
SSttaaiirrss ((11))
ppUU
GGrreeaatt RRoooomm 22
LLiinneenn CClloosseett
SShhoowweerr66 ((BB55))
MMaasstteerr CClloosseett MMaasstteerr CClloosseett HHeerrss
UUppLLppooeewwrr CCeerraa CCbbiiaannbb99ii 11((33BB 11((BB22))88)) IIssllaanndd33 ((BB3333)) LLUUoowwppppeeeerr rrCC CCaaaabbbbii11ii11 ((55BB ((22BB4422))66))
VVaanniittyy88 ((BB11))
UUppppeerr CCaabbiinn88 ((BB1111)) SShhoowweerr33 ((BBSS44hh))oowweerr44 ((BB33)) GGuueesstt RRoooomm CClloosseett ((22))
HHaallllwwaayy
SShhoowweerr77 ((BB66)) LLooUUwwppeepprree CCrr aaCCbbaaiibb11ii9911 44((BB ((22BB3322))55))
OOffffiiccee CClloosseett
OOffffiiccee BBaatthh
LLoowweerr CCaabbii1122 ((BB77))
IIssllaanndd22 ((BB3322))
FFooyyeerr
GGuueesstt RRoooomm
UUppppeerr CCaabbiinn66 ((BB99)) FFuullll HHeeiigghhtt33 ((BB2211)) UUttiilliittyy RRoooomm
UUppLLppooeewwrr CCeerraa CCbbiiaannbb77ii nn((99BB 11((BB00))55)) KKiittcchheenn
FFuullll HHeeiigghhtt44 ((BB2222)) FFuullll HHeeiigghhtt22 ((BB66)) LLoowweerr CCaabbiinn22 ((BB22))
UUppppeerr CCaabbiinn22 ((BB11))
OOvveerr FFrriiddggee11 ((BB2277))
LLoowweerr CCaabbii1188 ((BB2200)) GGuueesstt BBeeddrroooomm CClloosseett GGuueesstt BBeeddrroooomm
LLoowweerr CCaabbiinn55 ((BB33)) UUppppeerr CCaabbii33 ((BB2299))
UUppppeerr CCaabbii44 ((BB3311))
LLoowweerr CCaabbii1177 ((BBWW11DD88)) LLoowweerr CCaabbii1155 ((BB1155))
LLoowweerr CCaabbiinn44 ((BB44))
UUppppeerrLL CCooaawwbbeeii11rr 11CC ((aaBBbb33ii110066)) ((BBWW11DD77)) LLoowweerr CCaabbUUii11pp44pp ((eeBBrr 11CC44aa))bbii22 ((BB2288))
OOffffiiccee
VVaanniittyy11 ((BB11))
VVaanniittyy33 ((BB22))
GGuueesstt BBaatthhrroooomm
SShhoowweerr11 ((BB44))
"5
'2
1' 3"
9"
"1
'3
Subroom: Void (6) Height: Sloped
76.07 SF Walls 1.95 SF Ceiling
78.02 SF Walls & Ceiling 1.81 SF Floor
6.72 LF Ceil. Perimeter 6.35 LF Floor Perimeter
BBaatthhttuubb11 ((BB22))
SShhoowweerr22 ((BB33))
GGaarraaggee iinntteerriioorr
VVaanniittyy44 ((BB11))
MMaasstteerr BBaatthhrroooomm
BBeeddrroooomm
FFiirreeFFppiirrllaaeeccppeellaa22cc ((eeBB11))
SSttaaiirrss ((11))
ppUU
GGrreeaatt RRoooomm 22 LLiinneenn CClloosseett
UULLppppooeewwrr eeCCrr aaCCbbaaiinnbb99ii11 ((33BB ((11BB2288))))IIssllaanndd33 ((BB3333))LLUUooppwwppeeeerrrr CCCCaaaabbbbiiii1111 55((BB ((BB224422))66)) SShhoowweerr66 ((BB55)) VVaanniittyy88 ((BB11)) MMaasstteerr CClloosseett MMaasstteerr CClloosseett HHeerrss
UUppppeerr CCaabbiinn88 ((BB1111)) SShhoowweeSSrr33hh oo((wwBBee44rr))44 ((BB33)) GGuueesstt RRoooomm CClloosseett ((22))
LLoowweerr CCaabbii1122 ((BB77))
LLUUoowwppppeeeerr rrCC CCaaaabbbbii11ii119944 (( OOBB((BBff22ff2233ii55cc))ee)) CClloosseettSShhoowweerr77 ((BB66))
OOffffiiccee BBaatthh
HHaallllwwaayy
IIssllaanndd22 ((BB3322))
FFooyyeerr GGuueesstt RRoooomm
UUppppeerr CCaabbiinn66 ((BB99)) FFuullll HHeeiigghhtt33 ((BB2211)) UUttiilliittyy RRoooomm
UULLppppooeewwrr eeCCrr aaCCbbaaiinnbb77iinn ((99BB ((11BB0055)))) KKiittcchheenn FFuullll HHeeiigghhtt44 ((BB2222)) FFuullll HHeeiigghhtt22 ((LLBBoo66ww))eerr CCaabbiinn22 ((BB22))
UUppppeerr CCaabbiinn22 ((BB11))
OOvveerr FFrriiddggee11 ((BB2277))
LLoowweerr CCaabbiinn55 ((BB33)) LLoo UU ww pp ee pp rr ee CC rr CC aabb aa ii bb 11 ii 88 33 (( (( BB BB 22 22 00 99 )) )) GGuueesstt BBeeddrroooomm CClloosseett GGuueesstt BBeeddrroooomm
UUppppeerr CCaabbii44 ((BB3311))
LLoowweerr CCaabbii1177WW ((LLDDBBoo11ww88ee))rr CCaabbii1155 ((BB1155))
LLUUooppwwppLLeeeerroorr CCwwCCaaeeaabbrrbb iiCCiinn1144aa11 bb ((((iiBBBB11446633WW)) 00((DDBB))11LL77oo))wweerr UUCCppaappbbeeii11rr 44CC ((aaBBbb11ii2244 ))((BB2288)) OOffffiiccee
VVaanniittyy11 ((BB11))
VVaanniittyy33 ((BB22))
GGuueesstt BBaatthhrroooomm
SShhoowweerr11 ((BB44))
"2
'6
"11
'3
"11
'1
Subroom: Great Room (4) Height: Sloped
2' 3" 9' 4" 2' 4"
2' 3" 9' 4" 2' 4" 145.32 SF Walls 86.33 SF Ceiling
2' 2"
231.64 SF Walls & Ceiling 85.51 SF Floor
20.06 LF Ceil. Perimeter 10.66 LF Floor Perimeter
13' 10"
Door 9' 4 1/16" X 7' 8" Opens into Exterior
Window 9' 4" X 1' 10" Opens into Exterior
Missing Wall 6' 2 5/16" X 11' Opens into GREAT_ROOM_3
Missing Wall 13' 9 11/16" X 11' Opens into GREAT_ROOM
29
State Farm
CHEN, KENNETH 75-79J8-65X
BBaatthhttuubb11 ((BB22))
SShhoowweerr22 ((BB33))
GGaarraaggee iinntteerriioorr
VVaanniittyy44 ((BB11))
MMaasstteerr BBaatthhrroooomm
1' 3" 5' 6" BBeeddrroooomm
SSttaaiirrss ((11))
9"FFiirreeFFppiirrllaaee 5ccpp 'eellaa22cc ((eeBB11)) 7' 3"
ppUU
GGrreeaatt RRoooomm 22 LLiinneenn CClloosseett
UULLppppooeewwrr eeCCrr aaCCbbaaiinnbb99ii11 ((33BB ((11BB2288))))IIssllaanndd33 ((BB3333))LLUUooppwwppeeeerrrr CCCCaaaabbbbiiii1111 55(( BB((BB224422))66)) SShhoowweerr66 ((BB55)) VVaanniittyy88 ((BB11)) MMaasstteerr CClloosseett MMaasstteerr CClloosseett HHeerrss
UUppppeerr CCaabbiinn88 ((BB1111)) SShhoowweeSSrrhh33oo ((wwBBee44rr))44 ((BB33)) GGuueesstt RRoooomm CClloosseett ((22))
LLoowweerr CCaabbii1122 ((BB77))
LLUUoowwppppeeeerrrr CC CCaaaabbbbii11ii119944 (( OO((BBBBff22ff22ii33cc55))ee)) CClloosseettSShhoowweerr77 ((BB66))
OOffffiiccee BBaatthh
HHaallllwwaayy
IIssllaanndd22 ((BB3322))
FFooyyeerr GGuueesstt RRoooomm
UUppppeerr CCaabbiinn66 ((BB99)) FFuullll HHeeiigghhtt33 ((BB2211)) UUttiilliittyy RRoooomm
UULLppppooeewwrr eeCCrr aaCCbbaaiinnbb77iinn ((99BB ((11BB0055)))) KKiittcchheenn FFuullll HHeeiigghhtt44 ((BB2222)) FFuullll HHeeiigghhtt22 LL((BBoo66ww))eerr CCaabbiinn22 ((BB22))
UUppppeerr CCaabbiinn22 ((BB11))
OOvveerr FFrriiddggee11 ((BB2277))
LLoowweerr CCaabbiinn55 ((BB33)) LLoo UU ww pp ee pp rr ee rr CC CC aabb aa ii bb 11 ii 88 33 (( (( BB BB 22 22 00 99 )) )) GGuueesstt BBeeddrroooomm CClloosseett GGuueesstt BBeeddrroooomm UUppppeerr CCaabbii44 ((BB3311))
LLoowweerr CCaabbii1177WW LLDD((BBoo11ww88ee))rr CCaabbii1155 ((BB1155)) LLUUooppwwppLLeeeerroorr CCwwCCaaeeaabbrrbb iiCCiinn1144aa11 bb ((((iiBB11BB446633WW)) 00DD((BB))11LL77oo))wweerr UUCCppaappbbeeii11rr 44CC ((aaBBbbii112244 ))((BB2288)) OOffffiiccee
VVaanniittyy11 ((BB11))
VVaanniittyy33 ((BB22))
GGuueesstt BBaatthhrroooomm
SShhoowweerr11 ((BB44))
Date: 4/15/2025 7:27 AM Page: 29
"8
'5
13' 10"
"01
'5
Subroom: Great Room (2) Height: Sloped
107.27 SF Walls 79.23 SF Ceiling
186.50 SF Walls & Ceiling 79.00 SF Floor
26.36 LF Ceil. Perimeter 12.53 LF Floor Perimeter
BBaatthhttuubb11 ((BB22))
Missing Wall 7' 2 7/8" X 11' Opens into GREAT_ROOM1
SShhoowweerr22 ((BB33))
Missing Wall - Goes to neither Floor/Ceiling 5' 5 7/8" X 6' 4" Opens into FIREPLACE
GGaarraaggee iinntteerriioorr
Missing Wall 5' 7 5/8" X 11' Opens into GREAT_ROOM_1
Missing Wall 13' 9 11/16" X 11' Opens into GREAT_ROOM2
VVaanniittyy44 ((BB11))
MMaasstteerr BBaatthhrroooomm
BBeeddrroooomm
7' 3"
FFiirreeFFppiillrraaeeccppeellaa22cc ((eeBB11)) SSttaaiirrss ((11))
ppUU
GGrreeaatt RRoooomm 22
LLiinneenn CClloosseett
UUppLLppooeewwrr eeCCrraa CCbbaaiinnbb99ii11 ((33BB ((11BB2288)))) IIssllaanndd33 ((BB3333)) LLUUoowwppppeeeerrrr CC CCaaaabbbbii11ii11 ((55BB ((22BB4422))66)) SShhoowweerr66 ((BB55)) VVaanniittyy88 ((BB11)) MMaasstteerr CClloosseett MMaasstteerr CClloosseett HHeerrss
UUppppeerr CCaabbiinn88 ((BB1111)) SShhoowweerr33SS ((hhBBoo44ww))eerr44 ((BB33)) GGuueesstt RRoooomm CClloosseett ((22))
HHaallllwwaayy
LLooUUwwppeepprree rrCC CCaabbaaiibb11ii9911 44(( BB((BB223322OO))55))ffffiiccee CClloosseett SShhoowweerr77 ((BB66))
LLoowweerr CCaabbii1122 ((BB77)) OOffffiiccee BBaatthh
IIssllaanndd22 ((BB3322))
FFooyyeerr
GGuueesstt RRoooomm
UUppppeerr CCaabbiinn66 ((BB99)) FFuullll HHeeiigghhtt33 ((BB2211)) UUttiilliittyy RRoooomm
UUppLLppooeewwrr eeCCrraa CCbbaaiinnbb77iinn ((99BB ((11BB0055)))) KKiittcchheenn
FFuullll HHeeiigghhtt44 ((BB2222)) FFuullll HHeeiigghhtt22 ((BB66))LLoowweerr CCaabbiinn22 ((BB22))
UUppppeerr CCaabbiinn22 ((BB11))
OOvveerr FFrriiddggee11 ((BB2277))
LLoowweerr CCaabbii1188 ((BB2200)) GGuueesstt BBeeddrroooomm CClloosseett GGuueesstt BBeeddrroooomm
LLoowweerr CCaabbiinn55 ((BB33)) UUppppeerr CCaabbii33 ((BB2299))
UUppppeerr CCaabbii44 ((BB3311))
LLoowweerr CCaabbii1177 ((WWBBDD1188))LLoowweerr CCaabbii1155 ((BB1155))
LL UU ooww pppp eerr eeLL rr CC ooCC aa ww bb aaeebb iinn rrii 11 44 CC11 (( aa BB ((bbBBii 44 1133 )) 6600 ))((WWBBDD1177)) LLoowweerr CCaaUUbbppii11pp44eerr (( CCBBaa11bb44ii))22 ((BB2288))
OOffffiiccee
VVaanniittyy11 ((BB11))
VVaanniittyy33 ((BB22))
GGuueesstt BBaatthhrroooomm
SShhoowweerr11 ((BB44))
"5
'1
"9
'1 8" '1
"9
'2
"7
'2
Subroom: Great Room (3) Height: Sloped
58.04 SF Walls 21.51 SF Ceiling
79.55 SF Walls & Ceiling 20.01 SF Floor
20.78 LF Ceil. Perimeter 5.86 LF Floor Perimeter
Missing Wall 7' 2 7/8" X 11' 6" Opens into GREAT_ROOM
Missing Wall 8 7/16" X 11' 6" Opens into GREAT_ROOM1
Missing Wall - Goes to Ceiling 1' 3 3/4" X 8' 6" Opens into FIREPLACE
Missing Wall 7' 2 7/8" X 11' 6" Opens into HALLWAY
DESCRIPTION QUANTITY UNIT PRICE TAX RCV
** FLOORING **
165. HEPA Vacuuming - Detailed - (PER SF) 785.21SF 0.81 0.00 636.02
166. Clean floor - tile 785.21SF 0.95 5.22 751.17
** WALLS **
167. HEPA Vacuuming - Detailed - (PER SF) 835.67SF 0.81 0.00 676.89
168. Clean the walls 835.67SF 0.57 0.79 477.12
169. Clean door / window opening (per side) 7.00EA 21.03 0.03 147.24
170. Clean patio door (sliding glass) (per side) 6.00EA 63.28 0.71 380.39
171. Clean door - French double door set (per 1.00EA 72.01 0.02 72.03
side)
172. Clean door hardware 14.00EA 10.72 0.29 150.37
173. Clean window unit (per side) 10 - 20 SF 4.00EA 24.40 0.01 97.61
30
State Farm
CHEN, KENNETH 75-79J8-65X
CONTINUED - Great Room 2
DESCRIPTION QUANTITY UNIT PRICE TAX RCV
174. Clean window unit (per side) 3 - 9 SF 9.00EA 17.07 0.01 153.64
175. Clean thermostat 3.00EA 20.69 0.00 62.07
176. Clean cold air return cover 1.00EA 14.08 0.01 14.09
177. Clean fireplace screen 2.00EA 48.77 0.00 97.54
** CEILING **
178. HEPA Vacuuming - Detailed - (PER SF) 797.58SF 0.81 0.00 646.04
179. Clean the ceiling 797.58SF 0.57 0.76 455.38
180. Clean recessed light fixture 34.00EA 17.15 0.29 583.39
CONTENT MANIPULATION
BBaatthhttuubb11 ((BB22))
SShhoowweerr22 ((BB33))
181. Content Manipulation charge - per hour 1.00HR 61.77 0.00 61.77
GGaarraaggee iinntteerriioorr
to facilitate cleaning of the room by moving things in place
VVaanniittyy44 ((BB11))
Totals: Great Room 2 8.14 5,462.76
MMaasstteerr BBaatthhrroooomm
BBeeddrroooomm
FFiirreeFFppiirrllaaeeccppeellaa22cc ((eeBB11))
SSttaaiirrss ((11))
ppUU
GGrreeaatt RRoooomm 22
LLiinneenn CClloosseett
UUppLLppooeewwrr eeCCrr aaCCbbaaiinnbb99ii11 ((33BB ((11BB2288)))) IIssllaanndd33 ((BB3333)) LLUUooppwwppeeeerrrr CCCCaaaabbbbiiii1111 55((BB ((22BB4422))66)) SShhoowweerr66 ((BB55)) VVaanniittyy88 ((BB11)) MMaasstteerr CClloosseett MMaasstteerr CClloosseett HHeerrss UUppppeerr CCaabbiinn88 ((BB1111)) SShhoowweerr33SS hh((ooBBww44))eerr44 ((BB33)) GGuueesstt RRoooomm CClloosseett ((22))
LLoowweerr CCaabbii1122 ((BB77)) LLUUoowwppppeeeerr rrCC CCaaaabbbbii11ii119944 (( BB((BB22OO2233ff55))ff))iiccee CClloosseett SShhoowweerr77 ((BB66)) OOffffiiccee BBaatthh HHaallllwwaayy
IIssllaanndd22 ((BB3322))
FFooyyeerr GGuueesstt RRoooomm
UUppppeerr CCaabbiinn66 ((BB99)) FFuullll HHeeiigghhtt33 ((BB2211)) UUttiilliittyy RRoooomm
UUppLLppooeewwrr eeCCrr aaCCbbaaiinnbb77iinn ((99BB ((11BB0055)))) KKiittcchheenn
FFuullll HHeeiigghhtt44 ((BB2222)) FFuullll HHeeiigghhtt22 ((BB66LL))oowweerr CCaabbiinn22 ((BB22))
UUppppeerr CCaabbiinn22 ((BB11))
OOvveerr FFrriiddggee11 ((BB2277))
LLoowweerr CCaabbii1188 ((BB2200)) GGuueesstt BBeeddrroooomm CClloosseett GGuueesstt BBeeddrroooomm LLoowweerr CCaabbiinn55 ((BB33)) UUppppeerr CCaabbii33 ((BB2299))
UUppppeerr CCaabbii44 ((BB3311))
LLoowweerr CCaabbii1177 WW((BBDD11LL88oo))wweerr CCaabbii1155 ((BB1155))
LLoowweerr CCaabbiinn44 ((BB44))
UUppppeeLLrroo CCwwaaeebbrrii 11CC11aa bb((BBii11336600 WW(())BBDD1177)) LLoowweerr CCUUaappbbppii11ee44rr CC((BBaa11bb44ii22)) ((BB2288))
OOffffiiccee
VVaanniittyy11 ((BB11))
VVaanniittyy33 ((BB22))
GGuueesstt BBaatthhrroooomm
SShhoowweerr11 ((BB44))
Date: 4/15/2025 7:27 AM Page: 30
"6
'3
1' 10" 3' 1" 1' 6"
1' 8"
"3 '7
6' 8"
6' 4"
"1 '7
"3 '3
Office Closet Height: 8'
190.41 SF Walls 44.84 SF Ceiling
235.25 SF Walls & Ceiling 44.84 SF Floor
26.83 LF Ceil. Perimeter 23.78 LF Floor Perimeter
Door 3' 5/8" X 7' 11 1/4" Opens into OFFICE
DESCRIPTION QUANTITY UNIT PRICE TAX RCV
** FLOORING **
182. HEPA Vacuuming - Detailed - (PER SF) 44.84SF 0.81 0.00 36.32
183. Clean floor 44.84SF 0.69 0.04 30.98
31
State Farm
CHEN, KENNETH 75-79J8-65X
CONTINUED - Office Closet
DESCRIPTION QUANTITY UNIT PRICE TAX RCV
** WALLS **
184. HEPA Vacuuming - Detailed - (PER SF) 190.41SF 0.81 0.00 154.23
185. Clean the walls 190.41SF 0.57 0.18 108.71
186. Clean door / window opening (per side) 1.00EA 21.03 0.00 21.03
187. Clean door - French (per side) 1.00EA 36.03 0.01 36.04
188. Clean shelving - wood 11.89LF 1.45 0.06 17.30
** CEILING **
189. HEPA Vacuuming - Detailed - (PER SF) 44.84SF 0.81 0.00 36.32
190. Clean the ceiling 44.84SF 0.57 0.04 25.60
191. Clean light fixture 1.00EA 17.13 0.01 17.14
Totals: Office Closet 0.34 483.67
BBaatthhttuubb11 ((BB22))
SShhoowweerr22 ((BB33))
GGaarraaggee iinntteerriioorr
VVaanniittyy44 ((BB11))
MMaasstteerr BBaatthhrroooomm BBeeddrroooomm
SSttppaaUUiirrss ((11)) FFiirreeFFppiirrllaaeeccppeellaa22cc ((eeBB11))
GGrreeaatt RRoooomm 22 LLiinneenn CClloosseett
UUUULLppppooppppwweeeerrrree CCCCrr CCaaaabbbbaaiiiibbnnnnii998811II 33ss((((BBBBll ((aaBB1111nn2211dd88))))33))LLUU ((ooBBppwwpp33eeee33rrrr)) CCCCaaaabbbbiiii111155 (( BB((BB222244 S S S S66)) h h h h)) o o o o SSw w w w hhe e e e oor r r r 3 6 3 6 ww ee( ( ( (VVB B B B rr44aa4 5 4 5nn ) ) ) ) ((iiBBttyy3388)) ((BB11)) GGuueesstt RRoooomm CClloosseett ((22)) MMaasstteerr CCllooMMsseeaattsstteerr CClloosseett HHeerrss
LLoowweerr CCaabbii11II22ssll ((aaBBnndd7722)) LLUU (( oo BB ppwwpp 33 eeee 22 rrrr )) CCCCaaaabbbbOOiiii1111ff99ff44ii cc((((BBeeBB 22CC2233SS55ll))oohh))ssooeewwtteerr77 (( OO BB ff 66 ff )) iiccee BBaatthh HHaallllwwaayy
UUppppeerr CCaabbiinn66 ((BB99))FFuullll HHeeiigghhtt33 ((BB2211)) FFooyyeerr GGuueesstt RRoooomm UUttiilliittyy RRoooomm UULLppooppwweerree CCrr CCaabbaaiibbnnii77nn 99((BB ((KKBB1100ii55tt))))ccFFhhuueellnnll HHeeiigghhtt44 ((BB2222)) FFuullll HHeeiiLLggoohhwwtt22UUee ((rrppBB CCpp66eeaa))rrbb CCiinnaa22bb ((iinnBB2222 ))((BB11))
OOvveerr FFrriiddggee11 ((BB2277))
UULL LLUU ppoo oo pp pp ww LL LLww ee pp oo oo eerr eeee ww ww rr rrrr CC CC ee eeCCCC aarr rr aabb aaaa bb CC CC ii bbbb 44ii iiiiaa aa nn LL 11nn ((bb bb 55 oo 1144 BB LL ii ii ww 11 11 ((33 oo((((W W W W BB 77 66D D D DBBBBee11 ww 33 rr)) 33 (( ((44UUee BB BB ))LL CC 00))rrpp UU )) 11 11 oo aa CCpp 88 77 ww bb pp eeaa )) )) ii pp rr ee bb 11 eerr CCii 55 11 rrCC aa (( 44 CC bb BB aa (( aa ii bb 11 BB22 bbii 55 11ii 11(( )) 3388 BB44 )) (( 22 ((BBBB 88 22 )) 229900)))) OOffffiiccee GGuueesstt BBeeddrroooomm CClloosseett GGuueesstt BBeeddrroooomm
VVaanniittyy11 ((BB11))
VVaanniittyy33 ((BB22))
GGuueesstt BBaatthhrroooomm
SShhoowweerr11 ((BB44))
Date: 4/15/2025 7:27 AM Page: 31
"5
"01
'3 1' 10"4' 11" 1' 9" 6'
6" 1' 6" 1' 7" 2'
"6 '3
Bedroom Height: Sloped
23' 4" 282.67 SF Walls 171.12 SF Ceiling
453.78 SF Walls & Ceiling 166.44 SF Floor
61.28 LF Ceil. Perimeter 20.59 LF Floor Perimeter
Door 2' 10 13/16" X 7' 10 7/8" Opens into MASTER_BATHR
Door 3' 1 3/8" X 7' 10 7/8" Opens into HALLWAY_2
Door 4' 11 1/2" X 8' 1/16" Opens into MASTER_CLOS5
Door 6' 5/16" X 7' 11 1/4" Opens into MASTER_CLOSE
Window 3' 6" X 3' 6" Opens into Exterior
32
State Farm
CHEN, KENNETH 75-79J8-65X
BBaatthhttuubb11SS ((hhBBoo22ww))eerr22 ((BB33))
GGaarraaggee iinntteerriioorr
VVaanniittyy44 ((BB11))
MMaasstteerr BBaatthhrroooomm BBeeddrroooomm
SSttppaaUUiirrss ((11)) FFiirreeFFppiirrllaaeeccppeellaa22cc ((eeBB11))
GGrreeaatt RRoooomm 22 LLiinneenn CClloosseett
UUUULLppppooppppwweeeerrrree CCCCrr CCaaaabbbbaaiiiibbnnnnii9988II11ss 33((((llaaBBBB ((nnBB1111dd22118833UULL)))))) oo((ppBBwwpp33eeeerr33rr ))CCCCaaaabbbbiiii111155 (( BB((BB22S S S S2244h h h h66))o o o o))SSw w w w hhe e e e oor r r r ww3 6 3 6VV ee( ( ( ( rrB B B Baa44nn4 5 4 5 ((ii) ) ) )ttBByy3388)) ((BB11)) GGuueesstt RRoooomm CClloosseett ((22)) MMaasstteerr CCMMllooaasseesstttteerr CClloosseett HHeerrss
LLoowweerr CCaabbiiII11ss22llaa ((nnBBdd LL7722 UU))oo (( ppww BB ppee 33 eerrrr 22 CC )) CCaaaabbOObbiiiiff1111ff9944iicc ((((eeBBBB CCSS2222ll33hh55oo))oo))sswweetteerr77 OO((BBffff66ii))ccee BBaatthh HHaallllwwaayy
UUppppeerr CCaabbiinn66 ((BB99))FFuullll HHeeiigghhtt33 ((BB2211)) FFooyyeerr GGuueesstt RRoooomm UUttiilliittyy RRoooomm
UULLppooppwweerree CCrr CCaabbaaiibbnnii77nn 99((BB KK((BB11ii00tt55FFcc))))hhuueellllnn HHeeiigghhtt44 ((BB2222)) FFuullll HHeeLLiiggoohhwwttUU22eepp rr(( ppBBCCee66aarrbb)) CCiinnaa22bb ii((nnBB2222 (())BB11))
OOvveerr FFrriiddggee11 ((BB2277))
UULL LLUU ppoo oopp ppLL LL ww wwpp eeoo oo eerr eeeeww ww rr rrrr CC CC ee eeCCCC aarr rr aabb aa aaCC CC bb bb ii bbLL44ii aa aaiiii nn 11 nnoobb bbLL ((55 1144wwBBii iioo 11 11 (( W W W W((ww 33 ((eeD D D D 77 66 BB BBBBUU rr11 ee LL33 (( ((33 )) 44CC rrpp BB BB UU))oo 00 ))pp aa CC 11 11 ww )) pp bb ee 88 77aa pp rr ee ii bb )) )) 11 eerr CCii 55 rr 11 CC aa CC 44 (( bb aa BB aabb ii((22 bb 11 BB ii11 ii 55 ((11 3388 BB )) 44 (((( 22)) BBBB 88 2222 )) 9900)))) OOffffiiccee GGuueesstt BBeeddrroooomm CClloosseettGGuueesstt BBeeddrroooomm
VVaanniittyy11 ((BB11))
VVaanniittyy33 ((BB22)) GGuueesstt BBaatthhrroooomm
SShhoowweerr11 ((BB44))
Date: 4/15/2025 7:27 AM Page: 32
"01
'2
23' 4"
'2
"6
'3
5' 8" 12' 8" 5' 8"
'3 "01
'5
Subroom: Bedroom (2) Height: Sloped
258.38 SF Walls 136.65 SF Ceiling
395.03 SF Walls & Ceiling 135.59 SF Floor
58.32 LF Ceil. Perimeter 22.25 LF Floor Perimeter
Missing Wall 23' 3 1/2" X 9' 10 1/2" Opens into BEDROOM4
Window 3' 6" X 3' 6" Opens into Exterior
Door 12' 8 3/16" X 7' 6 3/16" Opens into Exterior
BBaatthhttuubbSS11hh ((ooBBww22ee))rr22 ((BB33))
GGaarraaggee iinntteerriioorr
VVaanniittyy44 ((BB11))
MMaasstteerr BBaatthhrroooomm BBeeddrroooomm
SSttppaaUUiirrss ((11)) FFiirreeFFppiirrllaaeeccppeellaa22cc ((eeBB11))
GGrreeaatt RRoooomm 22 LLiinneenn CClloosseett
UUUULLppppooppppwweeeerrrree rrCCCC CCaaaabbbbaaiiiibbIInnnnssii9988ll11aa 33nn(((( UUBBBBLLdd((BBoo331111ppww 2211pp88(())))ee))BBeerrrr33 CCCC33aa))aabbbbiiii111155 (( S S S SBB((BBh h h h22o o o o SS2244w w w w hh66))oo))e e e e wwr r r rVV3 6 3 6 ee aa( ( ( ( rrnnB B B B 44ii 4 5 4 5tt((yyBB) ) ) )8833 (())BB11)) GGuueesstt RRoooomm CClloosseett ((22)) MMaasstteerrMM CCaalloossttsseeeerrtt CClloosseett HHeerrss
LLoowweerr CCaabbIIssiill11aa22nn LL UU dd((ooBB22 ppww pp77(( eeee))BB rrrr 33 CCCC 22 OOaaaa )) bbbbffiiiiff1111iicc9944ee SS(( ((CCBBBBhhooll2222ooww3355ss))))eeeettrr77OO ((ffBBffiicc66ee)) BBaatthh HHaallllwwaayy
UU UU LLpp pp oopp pp wwee ee rree rr rr C C CC CCaa aa bbaa bb iibb ii nn nn ii77nn 66 KK99 ( ( (( BB F F F Fii(( BB ttBB u u u u11cc 99l l l l00hh55 l l l l )) ))ee)) H H H Hnn e e e e i i i i g g g g h h h h t t t t 3 4 3 4 ( ( ( ( B B B B 2 2 2 2 1 2 1 2 ) ) ) ) FFooyyeerr GGuueesstt RRoooomm FFuullll HHLLeeooiiggwwUUhheepptt UU rr22pp CC tt ee(( ii rrBB ll aa ii CCbb tt 66 yy ii))aann RR bb22ii oo nn(( oo BB22 mm 22((BB))11))
OOvveerr FFrriiddggee11 ((BB2277))
UULL LLUU ppoo ooLLLLpp ppww wwppooooeeee eewwwwee rrrr rr rr CC eeee CC CCCCrrrraa LL aa aaCCCCaa bbbb bbLLoobb ii aaaa44ii iiwwiioo nn bbbb11nn ww ((55 iiii11eeUU44 BB 1111 LL WWWW rr DDDDee ((UU ((6767pp (( oo 33 rrCC BB BBBB pp ww 11pp ((((CCaa 33 33eeBBBB44 ))ppee bbrr )) 00aa)) ee 1111 rr iibb))CC rr 117878 CC ii 55aa CC 11)))) aa bb 44 aa (( bb ii BB bb 22(( ii11 BB ii 11 33 (( 88 5511BB (( ))44 (( 22 BBBB ))88 2222 )) 99 OO 00)))) ffffiiccee GGuueesstt BBeeddrroooomm CCllooGGsseeuutteesstt BBeeddrroooomm
VVaanniittyy11 ((BB11))
VVaanniittyy33 ((BB22))
GGuueesstt BBaatthhrroooomm
SShhoowweerr11 ((BB44))
"2
'1
"3
'2
Subroom: Bedroom (1) Height: Sloped
44.53 SF Walls 52.71 SF Ceiling
97.25 SF Walls & Ceiling 52.41 SF Floor
23' 4" 4.53 LF Ceil. Perimeter 4.50 LF Floor Perimeter
Missing Wall 23' 3 1/2" X 9' 9 1/2" Opens into BEDROOM
Missing Wall 23' 3 1/2" X 9' 9 1/2" Opens into BEDROOM4
BBaatthhttuubbSS11 hh((ooBBww22ee))rr22 ((BB33))
GGaarraaggee iinntteerriioorr
VVaanniittyy44 ((BB11))
MMaasstteerr BBaatthhrroooomm BBeeddrroooomm
SSttppaaUUiirrss ((11)) FFiirreeFFppiirrllaaeeccppeellaa22cc ((eeBB11))
GGrreeaatt RRoooomm 22 LLiinneenn CClloosseett
UUUULLppppooppppwweeeerrrree rrCCCC CCaaaabbbbaaiiiibbnnnnIIiiss998811ll aa33((((nn BBBB((ddUULLBB111133oopp221188 ww((pp))))))BBeeeerr33rr 33CCCC))aaaabbbbiiii111155 (( BB((S S S SBB22h h h h2244o o o o SS66))w w w w hh))ooe e e e r r r r ww3 6 3 6VVee aa( ( ( ( rrB B B Bnn44ii 4 5 4 5 ((ttyy) ) ) ) BB8833 ))((BB11)) GGuueesstt RRoooomm CClloosseett ((22)) MMaasstteerr MMCCllaaoosssstteeeettrr CClloosseett HHeerrss LLoowweerr CCaabbIIiiss11llaa22nn LL((dd UUBBoo 22 pp77ww (( pp))BB eeeerrrr 33 CC 22 CC )) aaaaOObbbbffiiiiff1111ii99cc44 ee (((( SSBBBBCChh2222lloooo3355wwss))))eeeettrr77OO ((ffBBffii66cc))ee BBaatthh HHaallllwwaayy
UUppppeerr CCaabbiinn66 ((BBFF99uu))llll HHeeiigghhtt33 ((BB2211)) FFooyyeerr GGuueesstt RRoooomm UUttiilliittyy RRoooomm
UULLppooppwweerree rrCC CCaabbaaiibbnnii77nn 99((KK BB((iiFFBB11ttccuu0055hhll))))llee HHnneeiigghhtt44 ((BB2222)) FFuullll HHLLeeiiooggwwUUhheettpp22rrpp CC((eeBBrraa 66bbCC))iiaannbb22ii nn((BB22 22(())BB11))
OOvveerr FFrriiddggee11 ((BB2277))
UULL LLUU ppoo ooLLLLpp ppww wwppoooo eeee ee rr eewwww rr rrrr CC eeee CC CCCCrrrr aa aa aa bb aaLLCCCC bb bbbb ii LLooaaaa 44ii iiii nn 11wwbbbbnnoo ((55 11iiii44ww BBee1111UU WWWW DDDD LL rr (( ((7766((ee 33 BB BB UU ppBBCC oo rr 11(((( pp 33 33 ww 44 pp CC ))BBBBaaee )) 00)) pp bb ee aa1111rr)) ee ii rr bb8877CC11 rr ii CC )))) 5511aa CC aa 44bb(( aabb BB ii bb ((22 ii BB11 11ii 33 ((55 88 11BB )) 44 (((( 22 BBBB ))88 2222 )) 9900 OO )))) ffffiiccee GGuueesstt BBeeddrroooomm CClloossGGeettuueesstt BBeeddrroooomm
VVaanniittyy11 ((BB11))
VVaanniittyy33 ((BB22))
GGuueesstt BBaatthhrroooomm
SShhoowweerr11 ((BB44))
"4
'2
Subroom: Bedroom (3) Height: Sloped
46.13 SF Walls 54.36 SF Ceiling
100.49 SF Walls & Ceiling 54.35 SF Floor
23' 4"
27.96 LF Ceil. Perimeter 4.67 LF Floor Perimeter
Missing Wall 23' 3 1/2" X 9' 9 1/2" Opens into BEDROOM3
Missing Wall 23' 3 1/2" X 9' 9 1/2" Opens into BEDROOM2
DESCRIPTION QUANTITY UNIT PRICE TAX RCV
** FLOORING **
192. HEPA Vacuuming - Detailed - (PER SF) 408.79SF 0.81 0.00 331.12
193. Clean floor 408.79SF 0.69 0.39 282.46
** WALLS **
194. HEPA Vacuuming - Detailed - (PER SF) 631.71SF 0.81 0.00 511.69
195. Clean the walls 631.71SF 0.57 0.60 360.67
196. Clean door / window opening (per side) 7.00EA 21.03 0.03 147.24
197. Clean door - French (per side) 6.00EA 36.03 0.06 216.24
33
State Farm
CHEN, KENNETH 75-79J8-65X
CONTINUED - Bedroom
DESCRIPTION QUANTITY UNIT PRICE TAX RCV
198. Clean patio door (sliding glass) (per side) 1.00EA 63.28 0.12 63.40
199. Clean door hardware 7.00EA 10.72 0.15 75.19
200. Clean window unit (per side) 10 - 20 SF 2.00EA 24.40 0.00 48.80
201. Clean register - heat / AC 1.00EA 9.13 0.00 9.13
202. Clean light fixture 2.00EA 17.13 0.01 34.27
** CEILING **
203. HEPA Vacuuming - Detailed - (PER SF) 414.84SF 0.81 0.00 336.02
204. Clean the ceiling 414.84SF 0.57 0.39 236.85
205. Clean recessed light fixture 10.00EA 17.15 0.09 171.59
206. Clean smoke/carbon monoxide detector 1.00EA 10.12 0.00 10.12
CONTENT MANIPULATION
207. Content Manipulation charge - per hour 1.00HR 61.77 0.00 61.77
to facilitate cleaning of the room by moving things in place
Totals: Bedroom 1.84 2,896.56
BBaatthhttuubb11 ((BB22))
SShhoowweerr22 ((BB33))
GGaarraaggee iinntteerriioorr
VVaanniittyy44 ((BB11))
MMaasstteerr BBaatthhrroooomm
BBeeddrroooomm
SSttppaaUUiirrss ((11))
FFiirreeFFppiirrllaaeeccppeellaa22cc ((eeBB11))
GGrreeaatt RRoooomm 22 LLiinneenn CClloosseett
UULLppppooeewwrree CCrr aaCCbbaaiibbnnii9911 ((33BB ((11BB2288II))ss))llaanndd33 ((BB3333LLUU))ooppwwppeeeerrrr CCCCaaaabbbbiiii1111 55(( BB((BB224422))66)) SShhoowweerr66 ((BB55)) VVaanniittyy88 ((BB11)) MMaasstteerr CClloosseett MMaasstteerr CClloosseett HHeerrss UUppppeerr CCaabbiinn88 ((BB1111)) SShhoowwSSeerrhh33oo ((wwBBee44rr))44 ((BB33)) GGuueesstt RRoooomm CClloosseett ((22))
LLoowweerr CCaabbii1122 ((BB77))
LLUUoowwppppeeeerrrr CC CCaaaabbbbii11ii119944OO (( ((BBffBBff22ii22cc3355ee)) ))CClloosseeSStthhoowweerr77 ((BB66))
OOffffiiccee BBaatthh
HHaallllwwaayy
IIssllaanndd22 ((BB3322))
5' 5"
FFooyyeerr GGuueesstt RRoooomm
UUppppeerr CCaabbiinn66 ((BB99)) FFuullll HHeeiigghhtt33 ((BB2211)) UUttiilliittyy RRoooomm
UULLppppooeewwrree CCrr aaCCbbaaiibbnnii77nn ((99BB ((11BB0055))))KKiittcchheennFFuullll HHeeiigghhtt44 ((BB2222)) FFuullll HHeeiigghhtt22LL ((ooBBww66ee))rr CCaabbiinn22 ((BB22))
UUppppeerr CCaabbiinn22 ((BB11))
OOvveerr FFrriiddggee11 ((BB2277))
UULLppooppwweerree rrCC CCaabbaaiibb44ii nn((55BB 33((BB11))33)) LLoo UU ww pp ee pp rr ee rr CC CC aabb aa ii bb 11 ii 88 33 (( (( BB BB 22 22 00 99 )) )) GGuueesstt BBeeddrroooomm CClloosseett GGuueesstt BBeeddrroooomm
LLUUooppwwpp LL LLeeee oo oorrrr ww ww CCCC ee eeaaaa rr rrbbbb iiCC CCiinn11 aa aa4411 bb bb ((ii ii((BB11 11BB 77 6644LL 33 W W W W ))D D D D (( ((00 ooBB BB)) ww LL 11 11oo ee88 77ww rr)) )) CC eerr aa UU bb CCpp ii aa 11 ppbb 55 eeiirr 11 (( CC BB 44 aa 11 ((bbBB 55 ii )) 112244 (())BB2288)) OOffffiiccee
VVaanniittyy11 ((BB11))
VVaanniittyy33 ((BB22))
GGuueesstt BBaatthhrroooomm
Date: 4/15/2025 7:27 AM Page: 33
SShhoowweerr11 ((BB44))
"4 '9
11" 4' 11" 1' 2"
1'
"3'2"6
1' 6"
1' 10"
"1 '7 "7 '6
Master Closet Height: 8'
233.13 SF Walls 74.80 SF Ceiling
307.92 SF Walls & Ceiling 74.80 SF Floor
35.79 LF Ceil. Perimeter 28.81 LF Floor Perimeter
8' 7"
3' 4"
Door 4' 11 1/2" X 8' 1/16" Opens into BEDROOM
Door 2' 3/16" X 6' 8 5/16" Opens into LINEN_CLOSE2
DESCRIPTION QUANTITY UNIT PRICE TAX RCV
** FLOORING **
34
State Farm
CHEN, KENNETH 75-79J8-65X
CONTINUED - Master Closet
DESCRIPTION QUANTITY UNIT PRICE TAX RCV
208. HEPA Vacuuming - Detailed - (PER SF) 74.80SF 0.81 0.00 60.59
209. Clean floor 74.80SF 0.69 0.07 51.68
** WALLS **
210. HEPA Vacuuming - Detailed - (PER SF) 233.13SF 0.81 0.00 188.84
211. Clean the walls 233.13SF 0.57 0.22 133.10
212. Clean door / window opening (per side) 2.00EA 21.03 0.01 42.07
213. Clean door - French (per side) 2.00EA 36.03 0.02 72.08
214. Clean door (per side) 1.00EA 11.59 0.02 11.61
215. Clean door hardware 1.00EA 10.72 0.02 10.74
216. Clean closet organizer and rod 3.00EA 60.69 0.44 182.51
** CEILING **
217. HEPA Vacuuming - Detailed - (PER SF) 74.80SF 0.81 0.00 60.59
218. Clean the ceiling 74.80SF 0.57 0.07 42.71
219. Clean register - heat / AC 1.00EA 9.13 0.00 9.13
220. Clean recessed light fixture 4.00EA 17.15 0.03 68.63
221. Clean smoke/carbon monoxide detector 1.00EA 10.12 0.00 10.12
CONTENT MANIPULATION
222. Content Manipulation charge - per hour 1.00HR 61.77 0.00 61.77
to facilitate cleaning of the room by moving things in place
Totals: Master Closet 0.90 1,006.17
Date: 4/15/2025 7:27 AM Page: 34
35
BBaatthhttuubb11 ((BB22)) State Farm
SShhoowweerr22 ((BB33))
GGaarraaggee iinntteerriioorr CHEN, KENNETH 75-79J8-65X
VVaanniittyy44 ((BB11))
MMaasstteerr BBaatthhrroooomm BBeeddrroooomm
SSttppaaUUiirrss ((11))
FFiirreeFFppiirrllaaeeccppeellaa22cc ((eeBB11))
GGrreeaatt RRoooomm 22 LLiinneenn CClloosseett
UU UU LLpp pp pp pp ooee ee wwrr rr ee CC CC rr aa aa CCbb bb aaii ii bbnn nn ii99 88 11 33(( (( BB BB ((11 11 BBII22 11 88ss)) )) ll))aanndd33 ((BB33LLUU33oo))ppwwppeeeerrrr CCCCaaaabbbbiiii1111 55(( BB((BB224422))66)) S S S S h h h h o o o o w w w w SSe e e e hhr r r r 3 6 3 6 oo ww( ( ( ( B B B B ee4 5 4 5 rr44) ) ) ) VV (( aa BB nn 33 iitt )) yy88 ((BB11)) GGuueesstt RRoooomm CClloosseett ((22)) MMaasstteerr CClloosseett MMaasstteerr CClloosseett HHeerrss
LLoowweerr CCaabbii1122 ((BBII77ssll))aanndd22 ((BB33
LLUU
22
oo
))
ppwwppeeeerrrr CC CCaaaabbbbiiii111199OO44 (( ff((BBffBBii22cc2233ee55)) ))CClloosseeSStthhoowweerr77 ((BB66))
OOffffiiccee BBaatthh
HHaallllwwaayy
FFooyyeerr GGuueesstt RRoooomm
UUppppeerr CCaabbiinn66 ((BB99)) FFuullll HHeeiigghhtt33 ((BB2211)) UUttiilliittyy RRoooomm UULLppppooeewwrree CCrr aaCCbbaaiibbnnii77nn 99((BB ((11BB0055))))KKiittcchheennFFuullll HHeeiigghhtt44 ((BB2222)) FFuullll HHeeiigghhttLL22 oo((BBww66ee))rr CCaabbiinn22 ((BB22)) UUppppeerr CCaabbiinn22 ((BB11))
OOvveerr FFrriiddggee11 ((BB2277))
UULLppooppwweerree rrCC CCaabbaabbii44iinn ((55BB ((33BB1133)))) LLooUUwwppeepprree rrCC CCaabbaaiibb11ii8833 ((((BBBB22220099)))) GGuueesstt BBeeddrroooomm CClloosseett GGuueesstt BBeeddrroooomm
LLUUooppwwpp LL LLeeee oo oorrrr ww ww CCCC ee eeaaaa rr rrbbbb CC CCiiiinn11 aa aa4411 bb bb ii ii(((( 11 11BBBB LL77 66 W W W W4433 oo D D D D))(( ((00LL wwBB BB))oo ee11 11ww rr88 77 CC)) ))eerrUU aa CC bb pp ii aapp 11 bbee 55 iirr 11 (( CC44 BB aa 11 ((bbBB 55 ii )) 2211 44(())BB2288)) OOffffiiccee
VVaanniittyy11 ((BB11))
VVaanniittyy33 ((BB22)) GGuueesstt BBaatthhrroooomm
SShhoowweerr11 ((BB44))
Date: 4/15/2025 7:27 AM Page: 35
'2 "8 '1
1' 9" 6' 6"
1' 7"
"4
'9
8' 2" 8' 4"
"4 '7
BBaatthhttuubb11 ((BB22)) Master Closet Hers Height: Tray
SShhoowweerr22 ((BB33))
GGaarraaggee iinntteerriioorr 172.02 SF Walls 81.70 SF Ceiling
253.72 SF Walls & Ceiling 75.72 SF Floor
27.48 LF Ceil. Perimeter 21.46 LF Floor Perimeter
VVaanniittyy44 ((BB11))
MMaasstteerr BBaatthhrroooomm BBeeddrroooomm
Door 6' 5/16" X 7' 11 1/4" Opens into BEDROOM FFiirreeFFppiirrllaaeeccppeellaa22cc ((eeBB11))
SSttaaiirrss ((11))
ppUU
GGrreeaatt RRoooomm 22 LLiinneenn CClloosseett
UUppLLppooeewwrr eeCCrraa CCbbiiaannbb99ii11 ((33BB ((11BB2288)))) IIssllaanndd33 ((BB3333)) LLUUooppwwppeeeerrrr CC CCaaaabbbbiiii1111 ((55BB ((22BB4422))66)) SShhoowweerr66 ((BB55)) VVaanniittyy88 ((BB11)) MMaasstteerr CClloosseett MMaasstteerr CClloosseett HHeerrss
UUppppeerr CCaabbiinn88 ((BB1111)) SShhoowweerr33SS ((hhBBoo44ww))eerr44 ((BB33)) GGuueesstt RRoooomm CClloosseett ((22))
LLooUUwwppeepprree rrCC CCaabbaaiibb11ii9911 44(( BB((BB223322))55OO))ffffiiccee CClloosseett SShhoowweerr77 ((BB66)) HHaallllwwaayy LLoowweerr CCaabbii1122 ((BB77)) OOffffiiccee BBaatthh
IIssllaanndd22 ((BB3322))
FFooyyeerr GGuueesstt RRoooomm
UUppppeerr CCaabbiinn66 ((BB99)) FFuullll HHeeiigghhtt33 ((BB2211)) UUttiilliittyy RRoooomm
UUppLLppooeewwrr eeCCrraa CCbbiiaannbb77iinn ((99BB ((11BB0055)))) KKiittcchheenn
FFuullll HHeeiigghhtt44 ((BB2222)) FFuullll HHeeiigghhtt22 ((BB66))LLoowweerr CCaabbiinn22 ((BB22))
UUppppeerr CCaabbiinn22 ((BB11))
OOvveerr FFrriiddggee11 ((BB2277))
LLoowweerr CCaabbii1188 ((BB2200)) GGuueesstt BBeeddrroooomm CClloosseett GGuueesstt BBeeddrroooomm
LLoowweerr CCaabbiinn55 ((BB33)) UUppppeerr CCaabbii33 ((BB2299))
UUppppeerr CCaabbii44 ((BB3311))
LLoowweerr CCaabbii1177 ((WWBBDD1188))LLoowweerr CCaabbii1155 ((BB1155))
LL UU ooww pppp eerr ee LLrr CC ooCC aa ww bb aabb ii ee nn rrii11 44 CC11 (( aa BB ((bbBB 44 ii1133 )) 6600 ))((WWBBDD1177)) LLoowweerr CCaaUUbbppii11pp44ee rr(( BBCC11aabb44ii))22 ((BB2288))
OOffffiiccee
VVaanniittyy11 ((BB11))
VVaanniittyy33 ((BB22))
GGuueesstt BBaatthhrroooomm
SShhoowweerr11 ((BB44))
"4
'7
2'
2'
"01
'7
Subroom: Master Closet Hers (1) Height: 8'
89.78 SF Walls 13.68 SF Ceiling
103.46 SF Walls & Ceiling 13.68 SF Floor
11.22 LF Ceil. Perimeter 11.22 LF Floor Perimeter
1' 10"
Missing Wall 7' 3 3/4" X 8' Opens into MASTER_CLOSE
DESCRIPTION QUANTITY UNIT PRICE TAX RCV
** FLOORING **
223. HEPA Vacuuming - Detailed - (PER SF) 89.40SF 0.81 0.00 72.41
224. Clean floor 89.40SF 0.69 0.08 61.77
** WALLS **
225. HEPA Vacuuming - Detailed - (PER SF) 261.80SF 0.81 0.00 212.06
226. Clean the walls 261.80SF 0.57 0.25 149.48
227. Clean door / window opening (per side) 1.00EA 21.03 0.00 21.03
228. Clean door - French (per side) 2.00EA 36.03 0.02 72.08
229. Clean closet organizer and rod 3.00EA 60.69 0.44 182.51
** CEILING **
230. HEPA Vacuuming - Detailed - (PER SF) 95.38SF 0.81 0.00 77.26
231. Clean the ceiling 95.38SF 0.57 0.09 54.46
232. Clean recessed light fixture 4.00EA 17.15 0.03 68.63
233. Clean smoke/carbon monoxide detector 1.00EA 10.12 0.00 10.12
234. Clean door / window opening (per side) 1.00EA 21.03 0.00 21.03
36
State Farm
CHEN, KENNETH 75-79J8-65X
CONTINUED - Master Closet Hers
DESCRIPTION QUANTITY UNIT PRICE TAX RCV
235. Clean door (per side) 1.00EA 11.59 0.02 11.61
CONTENT MANIPULATION
236. Content Manipulation charge - per hour 1.00HR 61.77 0.00 61.77
to facilitate cleaning of the room by moving things in place
BBaatthhttuubb11 ((BB22))
SShhoowweerr22 ((BB33))
GGaarraaggee iinntteerriioorr Totals: Master Closet Hers 0.93 1,076.22
VVaanniittyy44 ((BB11))
MMaasstteerr BBaatthhrroooomm BBeeddrroooomm
SSttppaaUUiirrss ((11)) FFiirreeFFppiirrllaaeeccppeellaa22cc ((eeBB11))
GGrreeaatt RRoooomm 22 LLiinneenn CClloosseett
UUUULLppppooppppwweeeerrrree CCCCrr CCaaaabbbbaaiiiibbnnnnii998811II 33ss((((BBBBll ((aaBB1111nn2211dd88))))33))LLUU ((ooBBppwwpp33eeee33rrrr)) CCCCaaaabbbbiiii111155 (( BB((BB222244 S S S S66)) h h h h)) o o o o SSw w w w hhe e e e oor r r r 3 6 3 6 ww ee( ( ( (VVB B B B rr44aa4 5 4 5nn ) ) ) ) ((iiBBttyy3388)) ((BB11)) GGuueesstt RRoooomm CClloosseett ((22)) MMaasstteerr CCllMMoossaaeesstttteerr CClloosseett HHeerrss
LLoowweerr CCaabbii11II22ssll ((aaBBnndd7722)) LLUU oo ((BB ppwwpp 33 eeee 22 rrrr )) CCCCaaaabbbbOOiiii1111ff99ff44ii cc((((BBeeBB 22CC2233SS55ll))oohh))ssooeewwtteerr77 (( OO BB ff 66 ff )) iiccee BBaatthh HHaallllwwaayy
UUppppeerr CCaabbiinn66 ((BB99))FFuullll HHeeiigghhtt33 ((BB2211)) FFooyyeerr GGuueesstt RRoooomm UUttiilliittyy RRoooomm UULLppooppwweerree CCrr CCaabbaaiibbnnii77nn 99((BB ((KKBB1100ii55tt))))ccFFhhuueellnnll HHeeiigghhtt44 ((BB2222)) FFuullll HHeeiiLLggoohhwwtt22UUee ((rrppBB ppCC66eeaa))rrbb CCiinnaa22bb ii((nnBB2222 ))((BB11))
OOvveerr FFrriiddggee11 ((BB2277))
UULL LLUU ppoo oo pp pp ww L L L Lww ee ppo o o o eerr eeee w w w w rr rrrr CC CC e e e e CCCC aa r r r r aabb aaaa bb C C C Cii bbbb 44ii iiiia a a aLL nn 11nnb b b b((55 oo 1144 BB LLi i i i ww 1 1 1 1 (( oo 33 ((((W W W W BB 6 7 6 7D D D DBBBBee ww 11 33 rr)) ( ( ( ( 3344UUee B B B B ))LL CC 00))rrpp U U 1 1 1 1 )) oo aa CCpp7 8 7 8 ww bb pp eeaa) ) ) )ii pp rr ee bb 11 eerr CCii 55 11 rrCC aa (( 44 CC bb BB aa (( aa ii bb 11 BB22 bbii 55 11ii 11(( )) 3388 BB44 (( ))22 ((BBBB 88 22 )) 229900)))) OOffffiiccee GGuueesstt BBeeddrroooomm CClloosseett GGuueesstt BBeeddrroooomm VVaanniittyy11 ((BB11))
VVaanniittyy33 ((BB22))
GGuueesstt BBaatthhrroooomm
SShhoowweerr11 ((BB44))
Date: 4/15/2025 7:27 AM Page: 36
"6
'3
"8
'3 "2
3'9" 15' 7"
11" 15' 9"
"11 '2
Guest Bedroom Height: Sloped
BBaatthhttuubb11 ((BB22)) 211.79 SF Walls 134.00 SF Ceiling SShhoowweerr22 ((BB33))
GGaarraaggee iinntteerriioorr 345.79 SF Walls & Ceiling 133.65 SF Floor
33.59 LF Ceil. Perimeter 24.85 LF Floor Perimeter VVaanniittyy44 ((BB11)) 20' 6" MMaasstteerr BBaatthhrroooomm BBeeddrroooomm
SSttppaaUUiirrss ((11)) FFiirreeFFppiirrllaaeeccppeellaa22cc ((eeBB11))
GGrreeaatt RRoooomm 22 LLiinneenn CClloosseett
UUUULLppppooppppwweeeerrrree CCCCrr CCaaaabbbbaaiiiibbnnnnii998811 II33((((ssBBBB ll((aaBB1111nn221188dd))))))33 LLUU((BBooppww33pp33eeeerr))rr CCCCaaaabbbbiiii111155 (( BB((BB22224466)) S S S S)) h h h h o o o o w w w w SShhe e e e oor r r r 3 6 3 6 ww ( ( ( ( eeVVB B B B rr44aa4 5 4 5 nn) ) ) ) ((iiBBttyy3388)) ((BB11)) GGuueesstt RRoooomm CClloosseett ((22)) Door MMaasstteerr CCllooMMsseeaattsstteerr CClloosseett HHeerrss 2' 10" X 6' 8" Opens into Exterior
LLoowweerr CCaabbii11II22ss ll((aaBBnn77dd))22 LL UU (( oo BB ppww 33 ppee 22 eerrrr )) CCCCaaaabbbbOOiiii1111ff9944ff ii ((cc((BBeeBB 2222CC3355SSll))oo))hhssooeewwtteerr77 ((BB OO 66 ffff )) iiccee BBaatthh D HHaa o llllww o aa r yy 2' 11 9/16" X 6' 11 1/16" Opens into HALLWAY_2
UUppppeerr CCaabbiinn66 ((BB99)) FFuullll HHeeiigghhtt33 ((BB2211)) FFooyyeerr GGuueesstt RRoooomm Door UUttiilliittyy RRoooomm 2' 10 13/16" X 6' 11 7/8" Opens into GUEST_BEDRO1
UULLppooppwweerree CCrr CCaabbaaiibbnnii77nn 99((BB ((BB11KK0055ii))tt))cchhFFeeuunnllll HHeeiigghhtt44 ((BB2222)) FFuullll HHeeiiLLgghhoottww22UU ee((rrBBpp CCpp66eeaa))rrbb CCiinnaa22bb ((iiBBnn2222 ))((BB11))
OOvveerr FFrriiddggee11 ((BB2277))
UULL LLUU ppoo oo pp pp ww LL LLww ee pp oo oo eerr eeee rr ww wwrrrr CC CC CCCC ee ee aarr rr aabb aaaa bb CC CC ii bbbb 44ii iiii aa aa nn nn11 LL((bb bb 55 4411 BBooii iiLL 11 11 (( ww33 ((((W W W W BB oo 77 66BBBBD D D D 11ee ww 33)) 4433 (( (( rr UU )) BB BB ee))00 CC LL rr)) 11 11pp UU aa oo CC 88 77pp bb wwpp )) ))eeaa ii rr pp 11 bb ee eerr 55 iiCC11 rr CC aa (( 44 CC BB bb aa ((ii aabb 11 BB22 bbii 55 11 11 ii (( )) 3388 BB44 )) (( 22 ((BBBB 88 22 )) 229900)))) OOffffiiccee GGuueesstt BBeeddrroooomm CClloosseett GGuueesstt BBeeddrroooomm
VVaanniittyy11 ((BB11))
VVaanniittyy33 ((BB22)) GGuueesstt BBaatthhrroooomm
SShhoowweerr11 ((BB44)) "2
"2
'2
20' 6"
"3
'3
"5
'2"7
'3
Subroom: Guest Bedroom (1) Height: Sloped
282.97 SF Walls 125.07 SF Ceiling
408.04 SF Walls & Ceiling 120.00 SF Floor 15' 10"15' 11"
2' 6" 2' 6" 53.25 LF Ceil. Perimeter 27.64 LF Floor Perimeter
2' 3" 2' 7"
16' 16' 3"
Door 2' 2" X 7' 11" Opens into GUEST_BATHRO
Missing Wall 20' 6 3/8" X 9' 4" Opens into GUEST_BEDRO3
Door 2' 5" X 6' 8" Opens into Exterior
Window 2' 6" X 5' 8" Opens into Exterior
Window 2' 6" X 5' 8" Opens into Exterior
BBaatthhttuubb11 ((BB22))
SShhoowweerr22 ((BB33))
GGaarraaggee iinntteerriioorr 37
VVaanniittyy44 ((BB11))
MMaasstteerr BBaatthhrroooomm BBeeddrroooomm
SSttppaaUUiirrss ((11)) FFiirreeFFppiirrllaaeeccppeellaa22cc ((eeBB11))
GGrreeaatt RRoooomm 22 LLiinneenn CClloosseett State Farm
UUUULLppppooppppwweeeerrrree CCCCrr CCaaaabbbbaaiiiibbnnnnii998811 II33((((ssBBBB ll((aaBB1111nn221188dd))))))33 LLUU((BBooppww33pp33eeeerr))rr CCCCaaaabbbbiiii111155 (( BB((BB22224466 S S S S)))) h h h h o o o o SSw w w w hhe e e e oor r r r 3 6 3 6 ww ( ( ( ( eeVVB B B B rr44aa4 5 4 5 nn) ) ) ) ((iiBBttyy3388)) ((BB11)) GGuueesstt RRoooomm CClloosseett ((22)) CHEN, KMMEaassNtteerrN CCllEooMMssTeeaattssHtteerr CClloosseett HHeerrss 75-79J8-65X
LLoowweerr CCaabbii11II22ss ll((aaBBnn77dd))22 LL UU (( oo BB ppww 33 ppee 22 eerrrr )) CCCCaaaabbbbOOiiii1111ff99ff44ii ((cc((BBeeBB 22CC223355SSll))oo))hhssooeewwtteerr77 ((BB OO 66 ffff )) iiccee BBaatthh HHaallllwwaayy
UUppppeerr CCaabbiinn66 ((BB99)) FFuullll HHeeiigghhtt33 ((BB2211)) FFooyyeerr GGuueesstt RRoooomm UUttiilliittyy RRoooomm
UULLppooppwweerree CCrr CCaabbaaiibbnnii77nn 99((BB ((BB11KK0055ii))tt))ccFFhheeuunnllll HHeeiigghhtt44 ((BB2222)) FFuullll HHeeiiLLgghhoottww22UUee ((rrppBB CCpp66eeaa))rrbb CCiinnaa22bb ((iinnBB2222 ))((BB11))
OOvveerr FFrriiddggee11 ((BB2277))
UULL LLUU ppoo oo pp pp ww LL LLww ee pp oo oo eerr eeee rr ww wwrrrr CC CC ee eeCCCC aarr rr aabb aaaa bb CC CC ii bbbb 44ii iiiiaa aa nn LL 11nn ((bb bb 55 1144 BBooii iiLL 11 11 (( ww33 ((((oo BB W W W W 77 66BBBBD D D D 11ee ww 33)) 3344rr(( ((UU )) ee BB BB00))CC LL rrpp)) 11 11 UU aa oo CCpp 88 77 bb wwpp ee )) ))aa ii pp rrbb 11 ee eerr ii 55 CC11 rr CC aa (( 44 CC BB bb aa (( aa ii bb 11 BB22 bbii 55 11 11 ii (( )) 3388 BB44 )) (( 22 ((BBBB 88 22 )) 229900)))) OOffffiiccee GGuueesstt BBeeddrroooomm CClloosseett GGuueesstt BBeeddrroooomm
VVaanniittyy11 ((BB11)) VVaanniittyy33 ((BB22)) GGuueesstt BBaatthhrroooomm
SShhoowweerr11 ((BB44))
Date: 4/15/2025 7:27 AM Page: 37
"7 '4 '5
"2"8
'4"2
Subroom: Guest Bedroom (2) Height: Sloped
57.69 SF Walls 103.98 SF Ceiling 20' 6"
161.67 SF Walls & Ceiling 102.66 SF Floor 30.66 LF Ceil. Perimeter 5.33 LF Floor Perimeter
Missing Wall 20' 6 3/8" X 8' 6" Opens into GUEST_BEDRO4
Door 4' 8" X 6' 8" Opens into Exterior
Missing Wall 20' 6 3/8" X 8' 6" Opens into GUEST_BEDROO
DESCRIPTION QUANTITY UNIT PRICE TAX RCV
** FLOORING **
237. HEPA Vacuuming - Detailed - (PER SF) 356.32SF 0.81 0.00 288.62
238. Clean floor 356.32SF 0.69 0.34 246.20
** WALLS **
239. HEPA Vacuuming - Detailed - (PER SF) 552.45SF 0.81 0.00 447.48
240. Clean the walls 552.45SF 0.57 0.52 315.42
241. Clean door / window opening (per side) 6.00EA 21.03 0.02 126.20
242. Clean door - French (per side) 3.00EA 36.03 0.03 108.12
243. Clean patio door (sliding glass) (per side) 1.00EA 63.28 0.12 63.40
244. Clean door hardware 4.00EA 10.72 0.08 42.96
245. Clean window unit (per side) 10 - 20 SF 2.00EA 24.40 0.00 48.80
246. Clean register - heat / AC 2.00EA 9.13 0.00 18.26
247. Clean thermostat 1.00EA 20.69 0.00 20.69
** CEILING **
248. HEPA Vacuuming - Detailed - (PER SF) 363.05SF 0.81 0.00 294.07
249. Clean the ceiling 363.05SF 0.57 0.34 207.28
250. Clean recessed light fixture 10.00EA 17.15 0.09 171.59
251. Clean smoke/carbon monoxide detector 1.00EA 10.12 0.00 10.12
CONTENT MANIPULATION
38
BBaatthhttuubb11 ((BB22))
SShhoowweerr22 ((BB33))
GGaarraaggee iinntteerriioorr State Farm
CHEN, KENNETH 75-79J8-65X
VVaanniittyy44 ((BB11))
CONTINUED - Guest Bedroom
MMaasstteerr BBaatthhrroooomm
BBeeddrroooomm
FFiirreeFFppiirrllaaeeccppeellaa22cc ((eeBB11))
SSttaaiirrss ((11))
ppUU DESCRIPTION QUANTITY UNIT PRICE TAX RCV
GGrreeaatt RRoooomm 22
LLiinneenn CClloosseett
252. Content Manipulation charge - per hour 1.00HR 61.77 0.00 61.77
to facilitate cleaning of the room by moving things in place
UUppLLppooeewwrr CCeerraa CCbbiiaannbb99ii 11((33BB 11((BB22))88)) IIssllaanndd33 ((BB3333)) LLUUoowwppppeeeerrrr CC CCaaaabbbbii11ii11 ((55BB ((22BB4422))66)) SShhoowweerr66 ((BB55)) VVaanniittyy88 ((BB11)) MMaasstteerr CClloosseett MMaasstteerr CClloosseett HHeerrss
UUppppeerr CCaabbiinn88 ((BB1111)) SShhoowweerr33 ((SSBBhh44oo))wweerr44 ((BB33)) GGuueesstt RRoooomm CClloosseett ((22))
LLooUUwwppeepprree rrCC CCaabbaaiibb11ii9911 44(( BB((BB223322))55))OOffffiiccee CClloosseett SShhoowweerr77 ((BB66))
Totals: GueHHsaatllll wwBaayyedroom 1.54 2,470.98
LLoowweerr CCaabbii1122 ((BB77)) OOffffiiccee BBaatthh
IIssllaanndd22 ((BB3322))
FFooyyeerr
GGuueesstt RRoooomm
UUppppeerr CCaabbiinn66 ((BB99)) FFuullll HHeeiigghhtt33 ((BB2211)) UUttiilliittyy RRoooomm
UUppLLppooeewwrr CCeerraa CCbbiiaannbb77ii nn((99BB 11((BB00))55)) KKiittcchheenn
FFuullll HHeeiigghhtt44 ((BB2222)) FFuullll HHeeiigghhtt22 ((BB66)) LLoowweerr CCaabbiinn22 ((BB22))
5' 3" UUppppeerr CCaabbiinn22 ((BB11))
OOvveerr FFrriiddggee11 ((BB2277)) 5' 1"
LLoowweerr CCaabbii1188 ((BB2200)) GGuueesstt BBeeddrroooomm CClloosseett GGuueesstt BBeeddrroooomm
LLoowweerr CCaabbiinn55 ((BB33)) UUppppeerr CCaabbii33 ((BB2299)) UUppppeerr CCaabbii44 ((BB3311))
LLoowweerr CCaabbii1177 ((BBWWDD1188)) LLoowweerr CCaabbii1155 ((BB1155))
LLoowweerr CCaabbiinn44 ((BB44))
UUppppeerrLL CCoowwaabbeeiirr11 CC11 aa((BBbbii33110066)) ((BBWWDD1177)) LLoowweerr CCaaUUbbiipp11pp44ee ((rrBB CC11aa44bb))ii22 ((BB2288)) OOffffiiccee
VVaanniittyy11 ((BB11))
VVaanniittyy33 ((BB22))
GGuueesstt BBaatthhrroooomm
SShhoowweerr11 ((BB44))
Date: 4/15/2025 7:27 AM Page: 38
"1
"01
'1"11
'2
"9
'1
5' 3"
"9
'6
"7
'6
Guest Bedroom Closet Height: 8'
166.65 SF Walls 33.51 SF Ceiling
200.16 SF Walls & Ceiling 33.51 SF Floor
23.36 LF Ceil. Perimeter 20.46 LF Floor Perimeter
Door 2' 10 13/16" X 6' 11 7/8" Opens into GUEST_BEDROO
DESCRIPTION QUANTITY UNIT PRICE TAX RCV
** FLOORING **
253. HEPA Vacuuming - Detailed - (PER SF) 33.51SF 0.81 0.00 27.14
254. Clean floor 33.51SF 0.69 0.03 23.15
** WALLS **
255. HEPA Vacuuming - Detailed - (PER SF) 166.65SF 0.81 0.00 134.99
256. Clean the walls 166.65SF 0.57 0.16 95.15
257. Clean door / window opening (per side) 1.00EA 21.03 0.00 21.03
258. Clean door - French (per side) 1.00EA 36.03 0.01 36.04
259. Clean shelving - wood 10.23LF 1.45 0.05 14.88
** CEILING **
260. HEPA Vacuuming - Detailed - (PER SF) 33.51SF 0.81 0.00 27.14
261. Clean the ceiling 33.51SF 0.57 0.03 19.13
39
State Farm
CHEN, KENNETH 75-79J8-65X
CONTINUED - Guest Bedroom Closet
DESCRIPTION QUANTITY UNIT PRICE TAX RCV
262. Clean light fixture BBaatthhttuubb11 ((BB22)) 1.00EA 17.13 0.01 17.14
SShhoowweerr22 ((BB33))
GGaarraaggee iinntteerriioorr
Totals: Guest Bedroom Closet 0.29 415.79
VVaanniittyy44 ((BB11))
MMaasstteerr BBaatthhrroooomm
BBeeddrroooomm
SSttppaaUUiirrss ((11))
FFiirreeFFppiirrllaaeeccppeellaa22cc ((eeBB11))
GGrreeaatt RRoooomm 22 LLiinneenn CClloosseett
UULLppppooeewwrree CCrr aaCCbbaaiibbnnii9911 ((33BB ((11BB22II88))ss))llaanndd33 ((BB3333LLUU))ooppwwppeeeerrrr CCCCaaaabbbbiiii1111 55(( BB((BB224422))66)) SShhoowweerr66 ((BB55)) VVaanniittyy88 ((BB11)) MMaasstteerr CClloosseett MMaasstteerr CClloosseett HHeerrss UUppppeerr CCaabbiinn88 ((BB1111)) SShhoowwSSeerrhh33oo ((wwBBee44rr))44 ((BB33)) GGuueesstt RRoooomm CClloosseett ((22))
LLoowweerr CCaabbii1122 ((BB77))
LLUUoowwppppeeeerrrr CC CCaaaabbbbii11ii119944OO (( ((BBffBBff22ii22cc3355ee)) ))CClloosseeSStthhoowweerr77 ((BB66))
OOffffiiccee BBaatthh
HHaallllwwaayy
IIssllaanndd22 ((BB3322))
FFooyyeerr GGuueesstt RRoooomm UUppppeerr CCaabbiinn66 ((BB99)) FFuullll HHeeiigghhtt33 ((BB2211)) UUttiilliittyy RRoooomm
UULLppppooeewwrree CCrr aaCCbbaaiibbnnii77nn ((99BB ((11BB0055))))KKiittcchheennFFuullll HHeeiigghhtt44 ((BB2222)) FFuullll HHeeiigghhtt22LL ((ooBBww66ee))rr CCaabbiinn22 ((BB22)) UUppppeerr CCaabbiinn22 ((BB11)) OOvveerr FFrriiddggee11 ((BB2277))
UULLppooppwweerree rrCC CCaabbaaiibb44ii nn((55BB 33((BB11))33)) LLoo UU ww pp ee pp rr ee rr CC CC aabb aa ii bb 11 ii 88 33 (( (( BB BB 22 22 00 99 )) )) GGuueesstt BBeeddrroooomm CClloosseett GGuueesstt BBeeddrroooomm
LLUUooppwwpp LL LLeeee oo oorrrr ww ww CCCC ee eeaaaa rr rrbbbb CC CCiiiinn11 aa aa4411 bb bb ((ii ii((BB11 11BB 77 6644LLW W W W33 D D D D ))(( (( oo 00 BB BB ww LL)) 11 11oo ee88 77ww rr)) )) CC eerr aa UU bb CCpp ii aa 11 ppbb 55 eeiirr 11 (( CC BB 44 aa 11 ((bbBB 55 ii )) 112244 (())BB2288)) OOffffiiccee
VVaanniittyy11 ((BB11))
VVaanniittyy33 ((BB22))
GGuueesstt BBaatthhrroooomm
SShhoowweerr11 ((BB44))
Date: 4/15/2025 7:27 AM Page: 39
"11
'21
"11
'2
"8
'9
6' 2"
5' 10"
"5
"01
'3
'3
"7"1
'3 '2
BBaatthhttuubb11 ((BB22))
SShhoowweerr22 ((BB33))
GGaarraaggee iinntteerriioorr
VVaanniittyy44 ((BB11))
MMaasstteerr BBaatthhrroooomm
BBeeddrroooomm
FFiirreeFFppiillrraaeeccppeellaa22cc ((eeBB11))
SSttaaiirrss ((11))
ppUU
GGrreeaatt RRoooomm 22
LLiinneenn CClloosseett
Foyer Height: Sloped
228.01 SF Walls 75.29 SF Ceiling
UUppLLppooeewwrr eeCCrraa CCbbiiaannbb99ii11 ((33BB ((11BB2288)))) IIssllaanndd33 ((BB3333)) LLUUoowwppppeeeerr rrCC CCaaaabbbbii11ii11 ((55BB ((22BB4422))66)) SShhoowweerr66 ((BB55)) VVaanniittyy88 ((BB11)) 303.29 SF Walls & Ceiling MMaa7ss5ttee.rr0 CC5lloossSeettF Floor MMaasstteerr CClloosseett HHeerrss
UUppppeerr CCaabbiinn88 ((BB1111)) SShhoowweerr33 SS((BBhhoo44ww))eerr44 ((BB33)) GGuueesstt RRoooomm CClloosseett ((22)) 37.49 LF Ceil. Perimeter 19.65 LF Floor Perimeter
HHaallllwwaayy LLooUUwwppeepprree CCrr CCaabbaaiibb11ii9911 44((BB ((BB223322))55OO))ffffiiccee CClloosseett SShhoowweerr77 ((BB66)) LLoowweerr CCaabbii1122 ((BB77)) OOffffiiccee BBaatthh
IIssllaanndd22 ((BB3322))
Missing Wall - Goes to Floor 5' 9 15/16" X 9' 10" Opens into HALLWAY FFooyyeerr GGuueesstt RRoooomm
UUppppeerr CCaabbiinn66 ((BB99)) FFuullll HHeeiigghhtt33 ((BB2211)) Door 3' 7/16" X 8' 1 1/4" Opens into OFFICE_BATH UUttiilliittyy RRoooomm
UUppLLppooeewwrr eeCCrraa CCbbiiaannbb77iinn ((99BB ((11BB0055)))) KKiittcchheenn Door 3' 7/8" X 7' 11 11/16" Opens into OFFICE
FFuullll HHeeiigghhtt44 ((BB2222)) FFuullll HHeeiigghhtt22 ((BB66)) LLoowweerr CCaabbiinn22 ((BB22))
UUppppeerr CCaabbiinn22 ((BB11))
OOvveerr FFrriiddggee11 ((BB2277))
5' 10"
LLoowweerr CCaabbii1188 ((BB2200)) GGuueesstt BBeeddrroooomm CClloosseett GGuueesstt BBeeddrroooomm
LLoowweerr CCaabbiinn55 ((BB33)) UUppppeerr CCaabbii33 ((BB2299)) UUppppeerr CCaabbii44 ((BB3311))
LLoowweerr CCaabbii1177 ((WWBBDD1188)) LLoowweerr CCaabbii1155 ((BB1155))
LLoowweerr CCaabbiinn44 ((BB44))
UUppppeeLLrr ooCCwwaabbeeiirr11 CC11 aa((bbBBii11336600 ))((WWBBDD1177)) LLoowweerr CCaaUUbbiipp11pp44ee ((rrBB CC11aa44bb))ii22 ((BB2288))
OOffffiiccee
VVaanniittyy11 ((BB11))
VVaanniittyy33 ((BB22))
GGuueesstt BBaatthhrroooomm
SShhoowweerr11 ((BB44))
"3
'2
"5
'2
Subroom: Foyer (1) Height: Sloped
63.25 SF Walls 13.21 SF Ceiling
2" 5' 3" 76.46 SF Walls & Ceiling 13.12 SF Floor
10.36 LF Ceil. Perimeter 5.10 LF Floor Perimeter
Missing Wall 5' 9 15/16" X 10' Opens into FOYER
Door 5' 2 3/4" X 8' 7/16" Opens into Exterior
DESCRIPTION QUANTITY UNIT PRICE TAX RCV
** FLOORING **
263. HEPA Vacuuming - Detailed - (PER SF) 88.17SF 0.81 0.00 71.42
264. Clean floor - tile 88.17SF 0.95 0.59 84.35
** WALLS **
265. HEPA Vacuuming - Detailed - (PER SF) 291.25SF 0.81 0.00 235.91
266. Clean the walls 291.25SF 0.57 0.28 166.29
40
State Farm
CHEN, KENNETH 75-79J8-65X
CONTINUED - Foyer
DESCRIPTION QUANTITY UNIT PRICE TAX RCV
267. Clean door / window opening (per side) 4.00EA 21.03 0.02 84.14
268. Clean door - French (per side) 2.00EA 36.03 0.02 72.08
269. Clean exterior door (per side) 2.00EA 22.98 0.05 46.01
270. Clean door hardware 4.00EA 10.72 0.08 42.96
271. Clean window unit (per side) 10 - 20 SF 1.00EA 24.40 0.00 24.40
** CEILING **
272. HEPA Vacuuming - Detailed - (PER SF) 88.50SF 0.81 0.00 71.69
273. Clean the ceiling 88.50SF 0.57 0.08 50.53
274. Clean recessed light fixture 6.00EA 17.15 0.05 102.95
275. Clean smoke/carbon monoxide detector 1.00EA 10.12 0.00 10.12
BBaatthhttuubb11 ((BB22))
SShhoowweerr22 ((BB33)) Totals: Foyer 1.17 1,062.85
GGaarraaggee iinntteerriioorr
VVaanniittyy44 ((BB11))
MMaasstteerr BBaatthhrroooomm BBeeddrroooomm
SSttppaaUUiirrss ((11))
FFiirreeFFppiirrllaaeeccppeellaa22cc ((eeBB11))
GGrreeaatt RRoooomm 22 LLiinneenn CClloosseett
UU UU LLpp pp oopp pp wwee ee rr rr ee CC CC rr aa aa CCbb bb aaii ii bbnn nn ii99 88 11 33(( (( BB BB II ((ss11 11 BBllaa22 11 88nn)) )) ))dd33 ((BBLLUUoo33ppww33pp))eeeerrrr CCCCaaaabbbbiiii111155 (( BB((BB22224466)))) S S S S h h h h o o o o w w w w SSe e e e hhr r r r oo3 6 3 6 ww ( ( ( ( eeB B B B rrVV4 5 4 5 44aa) ) ) ) ((nnBBiitt33yy))88 ((BB11)) GGuueesstt RRoooomm CClloosseett ((22)) MMaasstteerr CClloosseeMMttaasstteerr CClloosseett HHeerrss
LLoowweerr CCaabbii1122II ((ssBBllaa77nn))dd22 (( LL BB UUoo 33 ppww 22 ppee )) eerrrr CCCCaaaabbbbiiii11OO119944ff ff ((ii((BBccBBee2222 33CC55))))llooSSsshheeoottwweerr77 ((BB OO 66)) ffffiiccee BBaatthh HHaallllwwaayy 5' 5" 10'
UUppppeerr CCaabbiinn66 ((BB99)) FFuullll HHeeiigghhtt33 ((BB2211)) FFooyyeerr GGuueesstt RRoooomm UUttiill 1 iitt 5 yy ' 7 RR " oooomm
UULLppooppwweerree CCrr aaCCbbaaiibbnnii77nn 99((BB ((11BB00KK55))))iittcchheeFFnnuullll HHeeiigghhtt44 ((BB2222)) FFuullll HHeeiiggLLhhttoo22ww ((eeUUBBrr66 ppCC))ppaaeebbrr iiCCnn22aa bb((iiBBnn2222)) ((BB11))
OOvveerr FFrriiddggee11 ((BB2277))
UULL LLUU ppoo oo pp pp ww wwLL LL ee pp eerroo ooeeee rrCC rrww wwrr CC CC aa CC ee ee aabbrr rraaaa bb ii bbbb CC CC 44ii iiii nn aa aann11 ((55 bb bb BB 4411 LL ii ii ((3311 11(((( oo BB BBLL 11 BB W W W W 77 66 wwD D D D 33)) oo 4433 (( (( ee )) ww))BB BB00 rr )) ee 11 11UU CC rr 88 77 LL aa ppCC )) )) UUoo bb ppaa ww ii ee pp 11 bbrr ppee 55 iiCC rr 11 ee (( rr 44 CC aa BB CC bb aa (( 11 iiBB bbaa 22 55 bbii 11 )) 11 (( ii 44 33 BB 88 )) 22 ((((BBBB 88)) 22229900)))) OOffffiiccee GGuueesstt BBeeddrroooomm CClloosseett GGuueesstt BBeeddrroooomm
VVaanniittyy11 ((BB11))
VVaanniittyy33 ((BB22))
GGuueesstt BBaatthhrroooomm
SShhoowweerr11 ((BB44))
Date: 4/15/2025 7:27 AM Page: 40
"3
"5 '2
"11 '2
15' 9"
"11 '2
Utility Room Height: 8'
210.29 SF Walls 85.78 SF Ceiling
296.07 SF Walls & Ceiling 66.54 SF Floor
42.16 LF Ceil. Perimeter 24.01 LF Floor Perimeter
Door 2' 10 15/16" X 6' 7 1/8" Opens into Exterior
Door 2' 10 13/16" X 6' 11 7/8" Opens into HALLWAY_2
DESCRIPTION QUANTITY UNIT PRICE TAX RCV
** FLOORING **
276. HEPA Vacuuming - Detailed - (PER SF) 66.54SF 0.81 0.00 53.90
277. Clean floor - tile 66.54SF 0.95 0.44 63.65
** WALLS **
41
State Farm
CHEN, KENNETH 75-79J8-65X
CONTINUED - Utility Room
DESCRIPTION QUANTITY UNIT PRICE TAX RCV
278. HEPA Vacuuming - Detailed - (PER SF) 210.29SF 0.81 0.00 170.33
279. Clean the walls 210.29SF 0.57 0.20 120.07
280. Clean door / window opening (per side) 2.00EA 21.03 0.01 42.07
281. Clean door - French (per side) 2.00EA 36.03 0.02 72.08
282. Clean door hardware 1.00EA 10.72 0.02 10.74
283. Clean electrical breaker panel 1.00EA 17.17 0.01 17.18
** FIXTURES **
284. Clean cabinetry - lower - inside and out 9.33LF 23.84 0.10 222.53
285. Clean cabinetry - upper - inside and out 14.41LF 23.84 0.15 343.68
286. Clean cabinetry - full height - inside and 1.83LF 41.64 0.02 76.22
out
* 287. Clean cabinetry - upper - top of cabinet 14.41LF 23.27 0.15 335.47
288. Clean countertop 18.66SF 1.19 0.04 22.25
289. Clean sink 1.00EA 21.03 0.00 21.03
290. Clean sink faucet 1.00EA 15.65 0.00 15.65
** CEILING **
291. HEPA Vacuuming - Detailed - (PER SF) 85.78SF 0.81 0.00 69.48
292. Clean the ceiling 85.78SF 0.57 0.08 48.97
293. Clean register - heat / AC 1.00EA 9.13 0.00 9.13
294. Clean recessed light fixture 4.00EA 17.15 0.03 68.63
Totals: Utility Room 1.27 1,783.06
Area Totals: Main Level
6,612.05 SF Walls 3,364.13 SF Ceiling 9,976.18SF Walls and Ceiling
3,079.70 SF Floor 3,983.96 Total Area 623.44LF Floor Perimeter
3,524.15 Floor Area 383.40 Exterior Perimeter 1,286.84LF Ceil. Perimeter
3,109.95 Exterior Wall Area of Walls 7,181.46Interior Wall Area
Date: 4/15/2025 7:27 AM Page: 41
42
State Farm
CHEN, KENNETH 75-79J8-65X
Total: Main Level 28.29 31,853.37
General Provisions
0.00 SF Walls 0.00 SF Ceiling 0.00 SF Walls & Ceiling
0.00 SF Floor 0.00 SF Short Wall 0.00 LF Floor Perimeter
0.00 SF Long Wall 0.00 LF Ceil. Perimeter
DESCRIPTION QUANTITY UNIT PRICE TAX RCV
**SITE PROTECTION**
** EQUIPMENT **
295. Negative air fan/Air scrubber (24 hr 35.00DA 73.02 0.00 2,555.70
period) - No monit.
296. Add for HEPA filter (for negative air 1.75EA 217.22 32.60 412.74
exhaust fan)
297. Carbon vapor filter (for air scrubber) - 16" 7.00EA 78.11 37.91 584.68
x 16"
298. Equipment setup, take down, and 5.00HR 95.00 0.00 475.00
monitoring (hourly charge)
Totals: General Provisions 70.51 4,028.12
Attic
0.00 SF Walls 0.00 SF Ceiling 0.00 SF Walls & Ceiling
0.00 SF Floor 0.00 SF Short Wall 0.00 LF Floor Perimeter
0.00 SF Long Wall 0.00 LF Ceil. Perimeter
DESCRIPTION QUANTITY UNIT PRICE TAX RCV
299. R&R Batt insulation - 12" - R38 - unfaced 3,527.02SF 2.93 562.91 10,897.08
batt
Totals: Attic 562.91 10,897.08
HVAC
0.00 SF Walls 0.00 SF Ceiling 0.00 SF Walls & Ceiling
0.00 SF Floor 0.00 SF Short Wall 0.00 LF Floor Perimeter
0.00 SF Long Wall 0.00 LF Ceil. Perimeter
Date: 4/15/2025 7:27 AM Page: 42
43
State Farm
CHEN, KENNETH 75-79J8-65X
DESCRIPTION QUANTITY UNIT PRICE TAX RCV
300. Clean furnace - forced air - Large 1.00EA 134.20 0.08 134.28
301. Clean ductwork - Interior (PER 1.00EA 40.74 0.01 40.75
REGISTER)
Totals: HVAC 0.09 175.03
Area Totals: Source - EagleView Roof & Walls
10,193.82 SF Walls 3,364.13 SF Ceiling 13,557.95SF Walls and Ceiling
3,079.70 SF Floor 3,983.96 Total Area 1,109.66LF Floor Perimeter
3,524.15 Floor Area 869.63 Exterior Perimeter 1,286.84LF Ceil. Perimeter
6,691.72 Exterior Wall Area of Walls 7,181.46Interior Wall Area
4,558.71 Surface Area 45.59 Number of Squares 428.35Total Perimeter Length
Total: Source - EagleView Roof & Walls 959.32 61,959.81
Other Structures
Pool
0.00 SF Walls 0.00 SF Ceiling 0.00 SF Walls & Ceiling
0.00 SF Floor 0.00 SF Short Wall 0.00 LF Floor Perimeter
0.00 SF Long Wall 0.00 LF Ceil. Perimeter
DESCRIPTION QUANTITY UNIT PRICE TAX RCV
CLEAN POOL
302. Swimming Pool - General Laborer - per 8.00HR 61.77 0.00 494.16
hour
To clean the pool after the wildfire
303. R&R Swimming pool pump, 2 hp 1.00EA 2,332.94 66.03 2,398.97
Totals: Pool 66.03 2,893.13
Garage
Date: 4/15/2025 7:27 AM Page: 43
44
State Farm
CHEN, KENNETH 75-79J8-65X
1'
3"
1' 1
1
6
7
'
'
9
4
"
"
17'
9"
GGaarraaggee iinntteerriioorr
BBaatthhttuubb11 SS((hhBBoo22ww))eerr22 ((BB33))
VVaanniittyy44 ((BB11))
MMaasstteerr BBaatthhrroooomm BBeeddrroooomm
SSttppaa3UUii'rr 7ss " ((11)) FFiirreeFFppiirrllaaeeccppeellaa22cc ((eeBB11))
GGrreeaatt RRoooomm 22 LLiinneenn CClloosseett
UUUULLppppooppppwweeeerrrree CCCCrr CCaaaabbbbaaiiiibbnnnnii998811IIss 33((((llBBBB aa((nnBB1111dd22118833LLUU)))))) ((ooppBBwwpp33eeee33rrrr )) CCCCaaaabbbbiiii111155 (( BB((BB22 S S S S224466 h h h h)))) o o o o SSw w w w hhe e e e oor r r r ww3 6 3 6 VVee( ( ( ( rrB B B Baa44nn4 5 4 5 ((ii) ) ) ) BBttyy3388)) ((BB11)) GGuueesstt RRoooomm CClloosseett ((22)) MMaasstteerr CCMMlloossaaeesstttteerr CClloosseett HHeerrss LLoowweerr CCaabbii11IIss22ll aa((nnBBdd77LL 22 UU)) oo (( ppww BB ppee 33 eerr 22 rr )) CCCCaaaabbOObbiiii11ff11ff9944iicc ((((eeBBBB CC22SS2233ll55hhoo))))oosswweetteerr77 ((OOBBff66ffii))ccee BBaatthh HHaallllwwaayy
UUppppeerr CCaabbiinn66 ((BB99))FFuullll HHeeiigghhtt33 ((BB2211)) FFooyyeerr GGuueesstt RRoooomm UUttiilliittyy RRoooomm
UULLppooppwweerree CCrr CCaabbaaiibbnnii77nn 99((BB ((KKBB11ii0055ttccFF))))hhuueellnnll HHeeiigghhtt44 ((BB2222)) FFuullll HHeeLLiiggoohhwwttUU22ee pprr(( BBppCCee66aarr))bb CCiinnaa22bb ii((nnBB2222 (())BB11))
OOvveerr FFrriiddggee11 ((BB2277))
UULL LLUU ppoo oopp ppLL LL ww wwpp eeoo oo eerr eeeeww ww rr rrrr CC CC ee eeCCCC aarr rr aabb aa aaCC CC bb bb ii bb 44LL ii aa aaiiii nn 11 nnbb bb oo LL ((55 1144 BBii ii ww oo 11 11 (( ((W W W W 33 ((ww eeD D D D 77 66 BB BBBB 11rr UU ee 33 (( (( LL 33 )) 44CCBB BBrrpp ))UU 00)) oo aa ppCC 11 11)) wwpp bb ee 88 77aa pp ii rr ee )) ))bb 11 eerr CCii 55 rr 11 CC aa CC 44 (( bb aa BB aabb ii((22 11 bb BB ii11 55 ii ((11 3388 )) BB44 (((( 22)) BBBB 88 2222 )) 9900)))) OOffffiiccee GGuueesstt BBeeddrroooomm CClloosseettGGuueesstt BBeeddrroooomm VVaanniittyy11 ((BB11))
VVaanniittyy33 ((BB22))
GGuueesstt BBaatthhrroooomm
SShhoowweerr11 ((BB44))
Date: 4/15/2025 7:27 AM Page: 44
"01
'02
"6
'12
BBaatthhttuubb11 ((BB22))
SShhoowweerr22 ((BB33))
Garage interior Height: 9'
GGaarraaggee iinntteerriioorr
569.41 SF Walls 433.98 SF Ceiling
1,003.38 SF Walls & Ceiling 433.98 SF Floor
79.06 LF Ceil. Perimeter 61.31 LF Floor Perimeter
20' 1"
20' 5" VVaanniittyy44 ((BB11))
Door 17' 9" X 8' 1/16" Opens into Exterior MMaasstteerr BBaatthhrroooomm BBeeddrroooomm
Subroom: Stairs (1) Height: 9'
" FFiirreeppllaaccee22 ((BB11)) 8 30.80 SF Walls 4.87 SF Ceiling FFiirreeppllaaccee 1' SStt3aaii' rrss7 "((111))' 7 35.67 SF Walls & Ceiling 10.47 SF Floor ppUU "
2' 6.46 LF Ceil. Perimeter 6.60 LF Floor Perimeter
GGrreeaatt RRoooomm 22
LLiinneenn CClloosseett
Missing Wall 3' 6 13/16" X 9' Opens into GARAGE_INTER
Door 2' 11 7/8" X 6' 8" Opens into Exterior
SShhoowweerr66 ((BB55))
Missing Wall 1' 7" X 9' Opens into GARAGE_INTER UUppLLppooeewwrr eeCCrraa CCbbaaiinnbb99ii11 ((33BB ((11BB2288)))) IIssllaanndd33 ((BB3333)) LLUUoowwppppeeeerrrr CC CCaaaabbbbii11ii11 ((55BB ((22BB4422))66)) VVaanniittyy88 ((BB11)) MMaasstteerr CClloosseett MMaasstteerr CClloosseett HHeerrss
UUppppeerr CCaabbiinn88 ((BB1111)) SShhoowweerr33SS ((hhBBoo44ww))eerr44 ((BB33)) GGuueesstt RRoooomm CClloosseett ((22))
DESCRIPTION QUANTITY UNIT PRICE TAX RCV
HHaallllwwaayy
SShhoowweerr77 ((BB66))
LLooUUwwppeepprree rrCC CCaabbaaiibb11ii9911 44(( BB((BB223322))55))
** FLOORING ** OOffffiiccee CClloosseett
LLoowweerr CCaabbii1122 ((BB77)) OOffffiiccee BBaatthh
IIssllaanndd22 ((BB3322))
304. HEPA Vacuuming - Detailed - (PER SF) 444.45SF 0.81 0.00 360.00
FFooyyeerr
305. Clean floor 444.45SF 0.69 0.42 307.09 GGuueesstt RRoooomm
UUppppeerr CCaabbiinn66 ((BB99)) FFuullll HHeeiigghhtt33 ((BB2211)) UUttiilliittyy RRoooomm
** WALLS ** UUppLLppooeewwrr eeCCrraa CCbbaaiinnbb77iinn ((99BB ((11BB0055)))) KKiittcchheenn
FFuullll HHeeiigghhtt44 ((BB2222)) FFuullll HHeeiigghhtt22 ((BB66)) LLoowweerr CCaabbiinn22 ((BB22))
UUppppeerr CCaabbiinn22 ((BB11))
306. HEPA Vacuuming - Detailed - (PER SF) 600.21SF 0.81 0.00 486.17
OOvveerr FFrriiddggee11 ((BB2277))
307. Clean the walls 600.21SF 0.57 0.57 342.69
308. Clean door / window opening (per side) 2.00EA 21.03 0.01 42.07
LLoowweerr CCaabbii1188 ((BB2200)) GGuueesstt BBeeddrroooomm CClloosseett GGuueesstt BBeeddrroooomm
LLoowweerr CCaabbiinn55 ((BB33)) UUppppeerr CCaabbii33 ((BB2299))
309. Clean door - French (per side) 1.00EA 36.03 0.01 36.04 UUppppeerr CCaabbii44 ((BB3311))
LLoowweerr CCaabbii1177 ((WWBBDD1188))LLoowweerr CCaabbii1155 ((BB1155))
LLoowweerr CCaabbiinn44 ((BB44))
310. Clean door hardware 1.00EA 10.72 0.02 10.74 UUppppeeLLrr ooCCwwaabbeerrii11 CC11aa ((bbBBii11336600 ))((WWBBDD1177)) LLoowweerr CCaaUUbbppii11pp44ee rr(( BBCC11aa44bb))ii22 ((BB2288))
OOffffiiccee
311. Clean electrical breaker panel 1.00EA 17.17 0.01 17.18
VVaanniittyy11 ((BB11))
312. Clean outlet or switch 3.00EA 5.61 0.00 16.83
VVaanniittyy33 ((BB22))
** CEILING **
GGuueesstt BBaatthhrroooomm
313. HEPA Vacuuming - Detailed - (PER SF) 438.85SF 0.81 0.00 355.47
314. Clean the ceiling 438.85SF 0.57 0.42 250.56
SShhoowweerr11 ((BB44))
45
State Farm
CHEN, KENNETH 75-79J8-65X
CONTINUED - Garage interior
DESCRIPTION QUANTITY UNIT PRICE TAX RCV
315. Clean light fixture - fluorescent 4.00EA 22.79 0.02 91.18
FF1144
FF1155 316. Clean overhead (garage) door opener 1.00EA 42.65 0.00 42.65
FF1133
FF1166
FF22 Totals: Garage interior 1.48 2,358.67
FF1177
FF66
FF88
FF1188
FF99
FF1199 DDwweelllliinngg RRooooff
FF1100
FF2200
FF1111
FF2255 23' 8"
FF1122
FF77
FF2244
FF55
FF2233
F
F
F
F
3
4
3
4 GG
FF
aa
22
rr
66
aaggee RRooooff
22'
11"
FF2222
FF11
FF2211
Date: 4/15/2025 7:27 AM Page: 45
"5
'22
Garage Roof
475.01 Surface Area 4.75 Number of Squares
87.73 Total Perimeter Length
18' 9"
DESCRIPTION QUANTITY UNIT PRICE TAX RCV
317. Clean the surface area 475.01SF 0.55 0.45 261.71
Totals: Garage Roof 0.45 261.71
Garage Exterior Door
0.00 SF Walls 0.00 SF Ceiling 0.00 SF Walls & Ceiling
0.00 SF Floor 0.00 SF Short Wall 0.00 LF Floor Perimeter
0.00 SF Long Wall 0.00 LF Ceil. Perimeter
DESCRIPTION QUANTITY UNIT PRICE TAX RCV
318. R&R Overhead door & hardware - 16' x 7' 1.00EA 1,732.73 120.16 1,852.89
Totals: Garage Exterior Door 120.16 1,852.89
Area Totals: Garage
600.21 SF Walls 438.85 SF Ceiling 1,039.06SF Walls and Ceiling
444.45 SF Floor 67.90LF Floor Perimeter
85.51LF Ceil. Perimeter
475.01 Surface Area 4.75 Number of Squares 87.73Total Perimeter Length
Total: Garage 122.09 4,473.27
46
State Farm
CHEN, KENNETH 75-79J8-65X
Area Totals: Other Structures
600.21 SF Walls 438.85 SF Ceiling 1,039.06SF Walls and Ceiling
444.45 SF Floor 67.90LF Floor Perimeter
85.51LF Ceil. Perimeter
475.01 Surface Area 4.75 Number of Squares 87.73Total Perimeter Length
Total: Other Structures 188.12 7,366.40
Landscaping
0.00 SF Walls 0.00 SF Ceiling 0.00 SF Walls & Ceiling
0.00 SF Floor 0.00 SF Short Wall 0.00 LF Floor Perimeter
0.00 SF Long Wall 0.00 LF Ceil. Perimeter
DESCRIPTION QUANTITY UNIT PRICE TAX RCV
319. Plants - shrubs - deciduous - 5 gallon 3.00EA 103.53 9.91 320.50
Shrubs/bushes on top of garage
320. Plants - shrubs - evergreen - 5 gallon 8.00EA 126.76 44.08 1,058.16
Trees at rear elevation
321. R&R Artificial grass / turf 120.00SF 18.73 106.82 2,354.42
Totals: Landscaping 160.81 3,733.08
Debris Removal
0.00 SF Walls 0.00 SF Ceiling 0.00 SF Walls & Ceiling
0.00 SF Floor 0.00 SF Short Wall 0.00 LF Floor Perimeter
0.00 SF Long Wall 0.00 LF Ceil. Perimeter
DESCRIPTION QUANTITY UNIT PRICE TAX RCV
322. Haul debris - per pickup truck load - 1.00EA 200.79 0.00 200.79
including dump fees
Totals: Debris Removal 0.00 200.79
PRC RESTORATION INC.
0.00 SF Walls 0.00 SF Ceiling 0.00 SF Walls & Ceiling
0.00 SF Floor 0.00 SF Short Wall 0.00 LF Floor Perimeter
0.00 SF Long Wall 0.00 LF Ceil. Perimeter
Date: 4/15/2025 7:27 AM Page: 46
47
State Farm
CHEN, KENNETH 75-79J8-65X
DESCRIPTION QUANTITY UNIT PRICE TAX RCV
323. Cleaning (Bid Item) 1.00EA 14,137.76*EN 0.00 14,137.76
Totals: PRC RESTORATION INC. 0.00 14,137.76
Labor Minimums Applied
DESCRIPTION QUANTITY UNIT PRICE TAX RCV
324. Tile / marble labor minimum 1.00EA 323.80 0.00 323.80
Totals: Labor Minimums Applied 0.00 323.80
Line Item Totals: 75-79J8-65X 1,308.25 87,721.64
COVERAGE TAX RCV
Coverage A - Dwelling - 39 Smoke 674.52 70,588.97
Coverage A - Dwelling - 39 Smoke - Trees, Shrubs, and Landscaping 160.81 3,733.08
Coverage A - Dwelling Extension - 39 Smoke 1.43 1,264.12
Coverage A - Dwelling - 35 Windstorm and Hail 30.41 857.52
Coverage A - Dwelling - 33 Fire, Lightning, & Removal 441.08 11,277.95
Total 1,308.25 87,721.64
Grand Total Areas:
10,794.02 SF Walls 3,802.98 SF Ceiling 14,597.00 SF Walls and Ceiling
3,524.15 SF Floor 1,177.57 LF Floor Perimeter
1,372.35 LF Ceil. Perimeter
3,524.15 Floor Area 3,983.96 Total Area 7,181.46 Interior Wall Area
6,691.72 Exterior Wall Area 869.63 Exterior Perimeter of
Walls
5,033.71 Surface Area 50.34 Number of Squares 516.08 Total Perimeter Length
Date: 4/15/2025 7:27 AM Page: 47
48
Trade Summary
Includes all applicable Tax, General Contractor O&P, and Labor Minimums
DESCRIPTION LINE ITEM REPL. COST ACV NON-REC. MAX ADDL.
QTY TOTAL DEPREC. AMT AVAIL.
CLN CLEANING
Clean {V} 10,912.33SF $6,230.35 $6,230.35 $0.00 $0.00
Clean {V} 9,387.72SF $5,172.17 $5,172.17 $0.00 $0.00
Clean light bar 6.00EA $178.74 $178.74 $0.00 $0.00
Clean bathroom fan 3.00EA $136.59 $136.59 $0.00 $0.00
Cleaning (Bid Item) 1.00EA $14,137.76 $14,137.76 $0.00 $0.00
Clean door - bypass set (per side) 2.00EA $46.68 $46.68 $0.00 $0.00
Clean electrical breaker panel 2.00EA $34.36 $34.36 $0.00 $0.00
Clean cold air return cover 2.00EA $28.18 $28.18 $0.00 $0.00
Clean closet organizer and rod 6.00EA $365.02 $365.02 $0.00 $0.00
Clean closet shelf and rod per lineal foot 2.45LF $4.25 $4.25 $0.00 $0.00
Clean countertop 178.34SF $212.58 $212.58 $0.00 $0.00
Clean ductwork - Interior (PER 1.00EA $40.75 $40.75 $0.00 $0.00
REGISTER)
Clean door (per side) 8.00EA $92.88 $92.88 $0.00 $0.00
Clean door hardware 43.00EA $461.84 $461.84 $0.00 $0.00
Clean dishwasher - exterior 1.00EA $25.34 $25.34 $0.00 $0.00
Clean floor 1,963.30SF $1,356.53 $1,356.53 $0.00 $0.00
Clean sink faucet 8.00EA $125.20 $125.20 $0.00 $0.00
Clean floor - tile 1,548.74SF $1,481.60 $1,481.60 $0.00 $0.00
Clean cabinetry - full height - inside and 5.66LF $235.75 $235.75 $0.00 $0.00
out
Clean light fixture - fluorescent 4.00EA $91.18 $91.18 $0.00 $0.00
Clean door - French (per side) 29.00EA $1,045.16 $1,045.16 $0.00 $0.00
Clean door - French double door set (per 1.00EA $72.03 $72.03 $0.00 $0.00
side)
Clean furnace - forced air - Large 1.00EA $134.28 $134.28 $0.00 $0.00
Clean range hood 1.00EA $27.42 $27.42 $0.00 $0.00
HEPA Vacuuming - Detailed - (PER SF) 14,424.37SF $11,683.76 $11,683.76 $0.00 $0.00
Clean light fixture 5.00EA $85.69 $85.69 $0.00 $0.00
Clean cabinetry - lower - inside and out 62.40LF $1,488.27 $1,488.27 $0.00 $0.00
Clean mirror 61.00SF $70.20 $70.20 $0.00 $0.00
Clean overhead (garage) door opener 1.00EA $42.65 $42.65 $0.00 $0.00
Clean door / window opening (per side) 58.00EA $1,219.97 $1,219.97 $0.00 $0.00
Clean outlet or switch 3.00EA $16.83 $16.83 $0.00 $0.00
Clean patio door (sliding glass) (per side) 8.00EA $507.19 $507.19 $0.00 $0.00
Note: Slight variances may be found within report sections due to rounding
Date: 4/15/2025 7:27 AM Page: 48
49
Trade Summary
Includes all applicable Tax, General Contractor O&P, and Labor Minimums
DESCRIPTION LINE ITEM REPL. COST ACV NON-REC. MAX ADDL.
QTY TOTAL DEPREC. AMT AVAIL.
CLN CLEANING
Clean with pressure/chemical spray 411.15SF $210.08 $210.08 $0.00 $0.00
Clean with pressure/chemical spray 431.12SF $220.28 $220.28 $0.00 $0.00
Clean with pressure/chemical spray 670.56SF $342.63 $342.63 $0.00 $0.00
Clean with pressure/chemical spray - 405.24SF $207.05 $207.05 $0.00 $0.00
Concrete wall
Clean with pressure/chemical spray- Patio 733.96SF $375.02 $375.02 $0.00 $0.00
Clean with pressure/chemical spray- 1,144.00SF $584.53 $584.53 $0.00 $0.00
Driveway
Clean recessed light fixture 116.00EA $1,990.38 $1,990.38 $0.00 $0.00
Clean register - heat / AC 14.00EA $127.82 $127.82 $0.00 $0.00
Clean range - exterior 1.00EA $51.07 $51.07 $0.00 $0.00
Clean fireplace screen 2.00EA $97.54 $97.54 $0.00 $0.00
Clean shower door 4.00EA $115.20 $115.20 $0.00 $0.00
Clean soffit - wood 145.17SF $87.24 $87.24 $0.00 $0.00
Clean shelving - wood 22.12LF $32.18 $32.18 $0.00 $0.00
Clean roof window or skylight 1.00EA $54.67 $54.67 $0.00 $0.00
Clean smoke/carbon monoxide detector 7.00EA $70.84 $70.84 $0.00 $0.00
Clean sink 8.00EA $168.27 $168.27 $0.00 $0.00
Clean shower 3.00EA $210.36 $210.36 $0.00 $0.00
Clean towel bar 2.00EA $22.76 $22.76 $0.00 $0.00
Clean toilet 3.00EA $106.05 $106.05 $0.00 $0.00
Clean toilet seat 3.00EA $22.86 $22.86 $0.00 $0.00
Clean toilet paper dispenser 3.00EA $34.20 $34.20 $0.00 $0.00
Clean thermostat 6.00EA $124.14 $124.14 $0.00 $0.00
Clean tub / shower faucet 4.00EA $91.09 $91.09 $0.00 $0.00
Clean tub 1.00EA $34.19 $34.19 $0.00 $0.00
Clean cabinetry - upper - inside and out 39.41LF $939.94 $939.94 $0.00 $0.00
Clean cabinetry - upper - top of cabinet 39.41LF $917.48 $917.48 $0.00 $0.00
Clean vanity - inside and out 27.51LF $587.90 $587.90 $0.00 $0.00
Clean window unit (per side) 10 - 20 SF 17.00EA $414.82 $414.82 $0.00 $0.00
Clean window unit (per side) 3 - 9 SF 9.00EA $153.64 $153.64 $0.00 $0.00
Clean exterior door (per side) 2.00EA $46.01 $46.01 $0.00 $0.00
TOTAL CLEANING $55,291.44 $55,291.44 $0.00 $0.00
CON CONTENT MANIPULATION
Note: Slight variances may be found within report sections due to rounding
Date: 4/15/2025 7:27 AM Page: 49
50
Trade Summary
Includes all applicable Tax, General Contractor O&P, and Labor Minimums
DESCRIPTION LINE ITEM REPL. COST ACV NON-REC. MAX ADDL.
QTY TOTAL DEPREC. AMT AVAIL.
CON CONTENT MANIPULATION
Content Manipulation charge - per hour 7.00HR $432.39 $432.39 $0.00 $0.00
TOTAL CONTENT MANIPULATION $432.39 $432.39 $0.00 $0.00
DMO GENERAL DEMOLITION
Haul debris - per pickup truck load - 1.00EA $200.79 $200.79 $0.00 $0.00
including dump fees
TOTAL GENERAL DEMOLITION $200.79 $200.79 $0.00 $0.00
DOR DOORS
R&R Overhead door & hardware - 16' x 7' 1.00EA $1,852.89 $1,852.89 $0.00 $0.00
TOTAL DOORS $1,852.89 $1,852.89 $0.00 $0.00
ELS ELECTRICAL - SPECIAL SYSTEMS
R&R Solar electric panel - up to 200 watt 1.00EA $857.52 $857.52 $0.00 $0.00
TOTAL ELECTRICAL - SPECIAL SYSTEMS $857.52 $857.52 $0.00 $0.00
EQC MISC. EQUIPMENT - COMMERCIAL
R&R Artificial grass / turf 120.00SF $2,354.42 $2,354.42 $0.00 $0.00
TOTAL MISC. EQUIPMENT - COMMERCIAL $2,354.42 $2,354.42 $0.00 $0.00
FCT FLOOR COVERING - CERAMIC TILE
R&R Tile floor covering - High grade 100.00SF $2,425.34 $2,425.34 $0.00 $0.00
TOTAL FLOOR COVERING - CERAMIC TILE $2,425.34 $2,425.34 $0.00 $0.00
FEN FENCING
Wood fence 5'- 6' high - cedar or equal 70.00LF $4,600.75 $4,600.75 $0.00 $0.00
TOTAL FENCING $4,600.75 $4,600.75 $0.00 $0.00
HMR HAZARDOUS MATERIAL REMEDIATION
Equipment setup, take down, and 5.00HR $475.00 $475.00 $0.00 $0.00
monitoring (hourly charge)
Add for HEPA filter (for negative air 1.75EA $412.74 $412.74 $0.00 $0.00
exhaust fan)
Carbon vapor filter (for air scrubber) - 16" 7.00EA $584.68 $584.68 $0.00 $0.00
x 16"
Negative air fan/Air scrubber (24 hr period) 35.00DA $2,555.70 $2,555.70 $0.00 $0.00
- No monit.
TOTAL HAZARDOUS MATERIAL REMEDIATION $4,028.12 $4,028.12 $0.00 $0.00
INS INSULATION
R&R Batt insulation - 12" - R38 - unfaced 3,527.02SF $10,897.08 $10,897.08 $0.00 $0.00
batt
TOTAL INSULATION $10,897.08 $10,897.08 $0.00 $0.00
Note: Slight variances may be found within report sections due to rounding
Date: 4/15/2025 7:27 AM Page: 50
51
Trade Summary
Includes all applicable Tax, General Contractor O&P, and Labor Minimums
DESCRIPTION LINE ITEM REPL. COST ACV NON-REC. MAX ADDL.
QTY TOTAL DEPREC. AMT AVAIL.
LND LANDSCAPING
Plants - shrubs - deciduous - 5 gallon 3.00EA $320.50 $320.50 $0.00 $0.00
Plants - shrubs - evergreen - 5 gallon 8.00EA $1,058.16 $1,058.16 $0.00 $0.00
TOTAL LANDSCAPING $1,378.66 $1,378.66 $0.00 $0.00
POL SWIMMING POOLS & SPAS
Swimming Pool - General Laborer - per 8.00HR $494.16 $494.16 $0.00 $0.00
hour
R&R Swimming pool pump, 2 hp 1.00EA $2,398.97 $2,398.97 $0.00 $0.00
TOTAL SWIMMING POOLS & SPAS $2,893.13 $2,893.13 $0.00 $0.00
TIL TILE
Tile / Cultured Marble - General Laborer - 3.00HR $185.31 $185.31 $0.00 $0.00
per hour
Tile / marble labor minimum 1.00EA $323.80 $323.80 $0.00 $0.00
TOTAL TILE $509.11 $509.11 $0.00 $0.00
TOTALS $87,721.64 $87,721.64 $0.00 $0.00
Note: Slight variances may be found within report sections due to rounding
Date: 4/15/2025 7:27 AM Page: 51
52
State Farm
CHEN, KENNETH 75-79J8-65X
Recap of Taxes, Overhead and Profit
GC Overhead (0%) GC Profit (0%) Material Sales Tax (9.5%) Storage Rental Tax (9.5%)
Line Items 0.00 0.00 1,308.25 0.00
Permit 0.00 0.00 0.00 0.00
Total 0.00 0.00 1,308.25 0.00
Date: 4/15/2025 7:27 AM Page: 52
53
State Farm
CHEN, KENNETH 75-79J8-65X
Recap by Category
Items Total %
CLEANING 55,248.91 62.97%
Coverage: Coverage A - Dwelling - 39 @ 98.61% = 54,480.38
Smoke
Coverage: Coverage A - Dwelling Extension @ 1.39% = 768.53
- 39 Smoke
CONTENT MANIPULATION 432.39 0.49%
Coverage: Coverage A - Dwelling - 39 @ 100.00% = 432.39
Smoke
GENERAL DEMOLITION 200.79 0.23%
Coverage: Coverage A - Dwelling - 39 @ 100.00% = 200.79
Smoke
DOORS 1,732.73 1.97%
Coverage: Coverage A - Dwelling - 33 Fire, @ 100.00% = 1,732.73
Lightning, & Removal
ELECTRICAL - SPECIAL SYSTEMS 827.11 0.94%
Coverage: Coverage A - Dwelling - 35 @ 100.00% = 827.11
Windstorm and Hail
MISC. EQUIPMENT - COMMERCIAL 2,247.60 2.56%
Coverage: Coverage A - Dwelling - 39 @ 100.00% = 2,247.60
Smoke - Trees, Shrubs, and Landscaping
FLOOR COVERING - CERAMIC TILE 2,350.00 2.68%
Coverage: Coverage A - Dwelling - 33 Fire, @ 100.00% = 2,350.00
Lightning, & Removal
FENCING 4,421.20 5.04%
Coverage: Coverage A - Dwelling - 33 Fire, @ 100.00% = 4,421.20
Lightning, & Removal
HAZARDOUS MATERIAL REMEDIATION 3,957.61 4.51%
Coverage: Coverage A - Dwelling - 39 @ 100.00% = 3,957.61
Smoke
INSULATION 10,334.17 11.78%
Coverage: Coverage A - Dwelling - 39 @ 100.00% = 10,334.17
Smoke
LANDSCAPING 1,324.67 1.51%
Coverage: Coverage A - Dwelling - 39 @ 100.00% = 1,324.67
Smoke - Trees, Shrubs, and Landscaping
SWIMMING POOLS & SPAS 2,827.10 3.22%
Coverage: Coverage A - Dwelling Extension @ 17.48% = 494.16
- 39 Smoke
Coverage: Coverage A - Dwelling - 33 Fire, @ 82.52% = 2,332.94
Lightning, & Removal
TILE 509.11 0.58%
Coverage: Coverage A - Dwelling - 39 @ 100.00% = 509.11
Smoke
Subtotal 86,413.39 98.50%
Permits and Fees 11.59 0.01%
Coverage: Coverage A - Dwelling - 33 Fire, @ 100.00% = 11.59
Lightning, & Removal
Material Sales Tax 1,308.25 1.49%
Coverage: Coverage A - Dwelling - 39 @ 51.56% = 674.52
Smoke
Date: 4/15/2025 7:27 AM Page: 53
54
State Farm
CHEN, KENNETH 75-79J8-65X
Coverage: Coverage A - Dwelling - 39 @ 12.29% = 160.81
Smoke - Trees, Shrubs, and Landscaping
Coverage: Coverage A - Dwelling Extension @ 0.11% = 1.43
- 39 Smoke
Coverage: Coverage A - Dwelling - 35 @ 2.32% = 30.41
Windstorm and Hail
Coverage: Coverage A - Dwelling - 33 Fire, @ 33.72% = 441.08
Lightning, & Removal
Total 87,733.23 100.00%
Date: 4/15/2025 7:27 AM Page: 54
55
Source - EagleView Roof & Walls - Main Level
6' 6" GGaarraaggee iinntteerriioorr BBaaSStthhhhoottuuwwbbee11rr 22((BB ((22BB))33)) MMVVaaaassnnttiieettrryy 44BB aa(( BB BBtthhee 11rrdd ))oorroooommoomm SSttaaiipprrUUss ((11)) FFiirreeFFppiillrraaeeccppeellaa22cc ((eeBB11)) GGrreeaatt RRoooomm 22 LLiinneenn CClloosseett UUUU L L L Lpppp o o o opppp w w w w LLU U U UeeeeLL e e e errrr ooI I I I p p p poo s s s s r r r r ww CCCC p p p p l l l lww C C C C a a a a e e e e ee aaaa OOn n n nee a a a a r r r r rr bbbbrr d d d dSS S SS S b b b b ff iiii C C C C C C SS 2 3 2 3 ff nnnnCChh h hh hi i i i ii hhVV 1 1 1 1 a a a a aa GG 8989oo o oo occOO aa ( ( ( (oo b b b b 2 3 2 3 bb ww w ww weeB B B Baabbuu((((ww i i i i ffii nnBBBB ( ( ( (ii 1 1 1 1 11 ee ff3 3 3 3 CC ee e ee e 11 B B B Bii ii eess 4 5 4 5 99 rr r rr r2 3 2 31111tt ccll rrtt36 7 36 7 yy 7 8 7 8 ( ( oo) ) ) )1212 ee 44 ( ( ( ( (( BB RR88 ) ) ) ) ss B B B B)))) BB (( ( (( ( BB ee ((BB B BB B 22oo(( 2 2 2 2 22 BB ttaa BB44oo45 6 45 65 6 5 6 33tt 33))mm)) ) )) ) 11 hh) ) ) ) )) MM HH MM)))) CCaa aaaa ll ssssllll ttooww tteeeessrr aa rree yy CCttCC llll((oooo22ssss))eeeetttt HHeerrss UUUULLppooppppwwppee OO FFFFeeeerrrruuuu vv rr C C llll ee CCCCllllKK rr aa aa HHHHaabb FF iibbbbttiieeee rr iiccnnii ii nniiiinnhh77 dd gggg6699ee gg hhhh ( ( nn(( ee ttttBB((3434BB 11 BB11 99FF((((55 GG (( 00BBBB)) BB oo )))) uu2222 yy 22 ee1212FF ee 77 ss LL rr))))uu )) tt UU ooll RR llppww ooUUHHppee oo ee tteerr mmii rr iill CCggii CC tthhaayy aattbb bb22RRiiii nn((nn oo22BB22 oo 66 ((mm ((BB))BB2211)))) UUUULL LLLLLLpp oo ooooooppLLLLpp ww wwwwwwppLL ooUUooee UUeeeewweeeeee oo wwrrrrpp rr rrrrrr pp ww ee CC ppeeCCppCC CCCCCCrr ee rreeaa eeaa aa aaaaaa rr CCrrCCbb rrbb bb bbbbbb CC CCiiaaii WWWW CC aaDDDD ii iiiiii1144bbnn 1111nn aa bbaa11 aa ii55bb 676744bbii(( OO11bb 11BB ii (( ii55ii(( (((((( 11 22ffBB44 33BB BBBBBB33 ff GG 88 (( ii33((11(( 33(( 111144 ccBBuu BBBB00 ((
GG
BB
VV
)) ee )) 7878)) BBee11))2211 22 ))))
uuaa
ss55 22 VV 8844 tt99
eenn
)) 00 ))))
ss
)) aa BB
ii
))
tttt
nn GG
yy
ee
BB
ii
33
dduu ttyy
aa
rree
((
oo
tt
11 ss
BBhh
oo tt ((
rr 22
mmBB BB
oo))oo
ee 11 CC
mm
dd )) llrroooossooeemmtt
SShhoowweerr11 ((BB44))
Main Level
Date: 4/15/2025 7:27 AM Page: 55
"11 '5 4' 8" '9 "11 '9 "7 '6
11' 1"
9' 9"
11' 1"
"8 '01 7' 8" 16' 9" "5 '7 11' 7" 9' 4" 16' 3' 4" "11
'5
'2
17' 1"
"5 '2 14' "6 '4
17' 4"
16' 9" 6' 9" 16' 5" "01 '02 "6 '12 8' 7" '1 10' 15' 7" 20' 6" "1 '41 "7 '6 6' 2" "7 '31 30' 11" "5 '91 "7 '8 "2 '6 "2 '51 24' 23' 4"
11' 1"
"1 '4 "7 '71 "3 '81
14' 4"
"6 '73
32' 7"
"9 '41 44' 9" 7' 3" "4
'71
"6 '13 56' 11" 23' 3" 22' 6" 25' 5" 3' 7" 26' 3" "01 '9 "7 '8 '61
56
Source - EagleView Roof & Walls - Exterior
FF1144
FF1155
FF1133 FF1166
FF22
FF1177
FF66
FF88 FF1188
FF99
FF1199 DDwweelllliinngg RRooooff
FF1100 FF2200
FF1111
FF2255 23' 8"
FF1122 FF77
FF2244
FF55
FF44
FF2233 GGaarraaggee RRooooff
FF33 FF2266
FF2222
FF11 FF2211
Exterior
Date: 4/15/2025 7:27 AM Page: 56
"5
'22
18' 9"
"8 '7 "2 '3
"2
'3
49' 3"
"6
'4
"6
'1
"6
'4
"11
'4
"2
'3
"4
'4
"2
'3
"6
'4
"6
'1
"6
'4
"2
'3
34' 6"
14' 9"
"5
'4
36' 4"
"01
'4
"6 '4
"9
'6
"6
'4
"8
'4
"01
'4
28' 7"
"01
'4
"6
'3
"4 '1 7' 9"
"8
'4
"7
'6
"3
'3
'5
"8
'4
'5
"6
'2
17' 8" "4 '4 "8 '2
14' 3"
2'
"7 '1
"01
'83
55' 9"
"9
'1
"2 '3
2'
25' 5"
"01
'25
'2
32' 9"
"4
'11
16' 5"
"9 '4
"01
'22
23' 11"
'2
46' 9"
23'
4"
19' 3"
"5
'83 34' 4"
